<?xml version='1.0' encoding='ISO-8859-1' ?>
<PIPEDocument xmlns = "urn:XML-PIPE"
   xmlns:xsi = "http://www.w3.org/2001/XMLSchema-instance"
   xsi:schemaLocation = "urn:XML-PIPE PIPEDocument.xsd"
   ReferenceNumber="001165615" CreationDate="20040217192020" Version="1.0">

	<TradingPartnerDirectory>
		<Sender>
			<TradingPartner PartnerType = "Operator">
				<CompanyName>GRNTBilateralista</CompanyName>
				<CompanyIdentifier>IDGRTNBI</CompanyIdentifier>
			</TradingPartner>
		</Sender>
		<Recipient>
			<TradingPartner PartnerType = "Market Participant">
				<CompanyName>Enel Produzione</CompanyName>
				<CompanyIdentifier>IDENELPRODUZIONE</CompanyIdentifier>
			</TradingPartner>
		</Recipient>
	</TradingPartnerDirectory>

	<PIPTransaction ReferenceNumber ="40480001949697" InboundMessageCreationDate ="20040217" InboundMessageCreationTime ="192018628">
		<BilateralUnitSchedule Type ="PreliminaryProvisional" Cummulative ="No" MarketParticipantNumber ="IDENELPRODUZIONE">
			<Market>MGP</Market>
			<Date>20040218</Date>
			<UnitReferenceNumber>IdAccCividate1</UnitReferenceNumber>
			<ReferenceMarketParticipantNumber>IDENELPRODUZIONE</ReferenceMarketParticipantNumber>
			<UnbalancedMarketParticipantNumber/>
			<Quantity Hour ="1" UnitOfMeasure ="MWh">190</Quantity>
			<Quantity Hour ="2" UnitOfMeasure ="MWh">190</Quantity>
			<Quantity Hour ="3" UnitOfMeasure ="MWh">190</Quantity>
			<Quantity Hour ="4" UnitOfMeasure ="MWh">190</Quantity>
			<Quantity Hour ="5" UnitOfMeasure ="MWh">190</Quantity>
			<Quantity Hour ="6" UnitOfMeasure ="MWh">190</Quantity>
			<Quantity Hour ="7" UnitOfMeasure ="MWh">190</Quantity>
			<Quantity Hour ="8" UnitOfMeasure ="MWh">0</Quantity>
			<Quantity Hour ="9" UnitOfMeasure ="MWh">0</Quantity>
			<Quantity Hour ="10" UnitOfMeasure ="MWh">0</Quantity>
			<Quantity Hour ="11" UnitOfMeasure ="MWh">0</Quantity>
			<Quantity Hour ="12" UnitOfMeasure ="MWh">0</Quantity>
			<Quantity Hour ="13" UnitOfMeasure ="MWh">0</Quantity>
			<Quantity Hour ="14" UnitOfMeasure ="MWh">0</Quantity>
			<Quantity Hour ="15" UnitOfMeasure ="MWh">0</Quantity>
			<Quantity Hour ="16" UnitOfMeasure ="MWh">0</Quantity>
			<Quantity Hour ="17" UnitOfMeasure ="MWh">0</Quantity>
			<Quantity Hour ="18" UnitOfMeasure ="MWh">0</Quantity>
			<Quantity Hour ="19" UnitOfMeasure ="MWh">0</Quantity>
			<Quantity Hour ="20" UnitOfMeasure ="MWh">0</Quantity>
			<Quantity Hour ="21" UnitOfMeasure ="MWh">0</Quantity>
			<Quantity Hour ="22" UnitOfMeasure ="MWh">190</Quantity>
			<Quantity Hour ="23" UnitOfMeasure ="MWh">190</Quantity>
			<Quantity Hour ="24" UnitOfMeasure ="MWh">0</Quantity>
		</BilateralUnitSchedule>
	</PIPTransaction>
	<PIPTransaction ReferenceNumber ="40480001949698" InboundMessageCreationDate ="20040217" InboundMessageCreationTime ="192018628">
		<BilateralUnitSchedule Type ="PreliminaryProvisional" Cummulative ="No" MarketParticipantNumber ="IDENELPRODUZIONE">
			<Market>MGP</Market>
			<Date>20040218</Date>
			<UnitReferenceNumber>IdAcceglio</UnitReferenceNumber>
			<ReferenceMarketParticipantNumber>IDENELPRODUZIONE</ReferenceMarketParticipantNumber>
			<UnbalancedMarketParticipantNumber>IDENELPRODUZIONE</UnbalancedMarketParticipantNumber>
			<Quantity Hour ="1" UnitOfMeasure ="MWh">379,999</Quantity>
			<Quantity Hour ="2" UnitOfMeasure ="MWh">360</Quantity>
			<Quantity Hour ="3" UnitOfMeasure ="MWh">340</Quantity>
			<Quantity Hour ="4" UnitOfMeasure ="MWh">320,001</Quantity>
			<Quantity Hour ="5" UnitOfMeasure ="MWh">299,999</Quantity>
			<Quantity Hour ="6" UnitOfMeasure ="MWh">280</Quantity>
			<Quantity Hour ="7" UnitOfMeasure ="MWh">360</Quantity>
			<Quantity Hour ="8" UnitOfMeasure ="MWh">0</Quantity>
			<Quantity Hour ="9" UnitOfMeasure ="MWh">0</Quantity>
			<Quantity Hour ="10" UnitOfMeasure ="MWh">0</Quantity>
			<Quantity Hour ="11" UnitOfMeasure ="MWh">0</Quantity>
			<Quantity Hour ="12" UnitOfMeasure ="MWh">0</Quantity>
			<Quantity Hour ="13" UnitOfMeasure ="MWh">0</Quantity>
			<Quantity Hour ="14" UnitOfMeasure ="MWh">0</Quantity>
			<Quantity Hour ="15" UnitOfMeasure ="MWh">0</Quantity>
			<Quantity Hour ="16" UnitOfMeasure ="MWh">0</Quantity>
			<Quantity Hour ="17" UnitOfMeasure ="MWh">0</Quantity>
			<Quantity Hour ="18" UnitOfMeasure ="MWh">0</Quantity>
			<Quantity Hour ="19" UnitOfMeasure ="MWh">0</Quantity>
			<Quantity Hour ="20" UnitOfMeasure ="MWh">0</Quantity>
			<Quantity Hour ="21" UnitOfMeasure ="MWh">0</Quantity>
			<Quantity Hour ="22" UnitOfMeasure ="MWh">360</Quantity>
			<Quantity Hour ="23" UnitOfMeasure ="MWh">369,999</Quantity>
			<Quantity Hour ="24" UnitOfMeasure ="MWh">0</Quantity>
		</BilateralUnitSchedule>
	</PIPTransaction>
	<PIPTransaction ReferenceNumber ="40480001949699" InboundMessageCreationDate ="20040217" InboundMessageCreationTime ="192018628">
		<BilateralUnitSchedule Type ="PreliminaryProvisional" Cummulative ="No" MarketParticipantNumber ="IDENELPRODUZIONE">
			<Market>MGP</Market>
			<Date>20040218</Date>
			<UnitReferenceNumber>IdAcquoria</UnitReferenceNumber>
			<ReferenceMarketParticipantNumber>IDENELPRODUZIONE</ReferenceMarketParticipantNumber>
			<UnbalancedMarketParticipantNumber/>
			<Quantity Hour ="1" UnitOfMeasure ="MWh">190</Quantity>
			<Quantity Hour ="2" UnitOfMeasure ="MWh">190</Quantity>
			<Quantity Hour ="3" UnitOfMeasure ="MWh">190</Quantity>
			<Quantity Hour ="4" UnitOfMeasure ="MWh">190</Quantity>
			<Quantity Hour ="5" UnitOfMeasure ="MWh">190</Quantity>
			<Quantity Hour ="6" UnitOfMeasure ="MWh">190</Quantity>
			<Quantity Hour ="7" UnitOfMeasure ="MWh">190</Quantity>
			<Quantity Hour ="8" UnitOfMeasure ="MWh">0</Quantity>
			<Quantity Hour ="9" UnitOfMeasure ="MWh">0</Quantity>
			<Quantity Hour ="10" UnitOfMeasure ="MWh">0</Quantity>
			<Quantity Hour ="11" UnitOfMeasure ="MWh">0</Quantity>
			<Quantity Hour ="12" UnitOfMeasure ="MWh">0</Quantity>
			<Quantity Hour ="13" UnitOfMeasure ="MWh">0</Quantity>
			<Quantity Hour ="14" UnitOfMeasure ="MWh">0</Quantity>
			<Quantity Hour ="15" UnitOfMeasure ="MWh">0</Quantity>
			<Quantity Hour ="16" UnitOfMeasure ="MWh">0</Quantity>
			<Quantity Hour ="17" UnitOfMeasure ="MWh">0</Quantity>
			<Quantity Hour ="18" UnitOfMeasure ="MWh">0</Quantity>
			<Quantity Hour ="19" UnitOfMeasure ="MWh">0</Quantity>
			<Quantity Hour ="20" UnitOfMeasure ="MWh">0</Quantity>
			<Quantity Hour ="21" UnitOfMeasure ="MWh">0</Quantity>
			<Quantity Hour ="22" UnitOfMeasure ="MWh">190</Quantity>
			<Quantity Hour ="23" UnitOfMeasure ="MWh">190</Quantity>
			<Quantity Hour ="24" UnitOfMeasure ="MWh">0</Quantity>
		</BilateralUnitSchedule>
	</PIPTransaction></PIPEDocument>
