<?xml version='1.0' encoding='ISO-8859-1'?>
<Operatori>
	<Operatore>
		<CodiceOperatoreSDC>IdAcea</CodiceOperatoreSDC>
		<RagioneSociale>Rag Soc Acea</RagioneSociale>
		<Indirizzo1>Via Roma 112</Indirizzo1>
		<Indirizzo2>Via Roma 112</Indirizzo2>
		<Citta>Roma</Citta>
		<Nazione>Italia</Nazione>
		<CodiceFiscale>12345678903</CodiceFiscale>
		<PartitaIva>12345678903</PartitaIva>
		<Fax>066582207</Fax>
		<Email>pippo@acea.it</Email>
		<ReferenteAmministrativo>Pluto</ReferenteAmministrativo>
		<SedeAmministrativa>Disney</SedeAmministrativa>
		<Abilitato>True</Abilitato>
	</Operatore>
</Operatori>