<?xml version="1.0" encoding="iso-8859-1"?>
<UnitRelates>
	<UnitRelate>
		<CodiceOperatoreSDC>IDAU</CodiceOperatoreSDC>
		<CodiceUnitaSDC>UP_ALANNO_1</CodiceUnitaSDC>
		<CategoriaUnitaSDC>F</CategoriaUnitaSDC>
		<DataInizioValidita>01/01/2004</DataInizioValidita>
		<DataFineValidita>31/12/2006</DataFineValidita>
		<Abilitata>True</Abilitata>
	</UnitRelate>
	<UnitRelate>
		<CodiceOperatoreSDC>IDGRTNCO</CodiceOperatoreSDC>
		<CodiceUnitaSDC>UP_ALANNO_1</CodiceUnitaSDC>
		<CategoriaUnitaSDC>F</CategoriaUnitaSDC>
		<DataInizioValidita>21/07/2004</DataInizioValidita>
		<DataFineValidita>31/12/2004</DataFineValidita>
		<Abilitata>True</Abilitata>
	</UnitRelate>
	<UnitRelate>
		<CodiceOperatoreSDC>OEABSSM</CodiceOperatoreSDC>
		<CodiceUnitaSDC>UP_AGRI_1</CodiceUnitaSDC>
		<CategoriaUnitaSDC>F</CategoriaUnitaSDC>
		<DataInizioValidita>21/07/2004</DataInizioValidita>
		<DataFineValidita>31/12/2004</DataFineValidita>
		<Abilitata>True</Abilitata>
	</UnitRelate>
	<UnitRelate>
		<CodiceOperatoreSDC>OEEPSNL</CodiceOperatoreSDC>
		<CodiceUnitaSDC>UP_AGORDO_1</CodiceUnitaSDC>
		<CategoriaUnitaSDC>F</CategoriaUnitaSDC>
		<DataInizioValidita>14/05/2004</DataInizioValidita>
		<DataFineValidita>21/05/2006</DataFineValidita>
		<Abilitata>True</Abilitata>
	</UnitRelate>
	<UnitRelate>
		<CodiceOperatoreSDC>OEEPSNL</CodiceOperatoreSDC>
		<CodiceUnitaSDC>UP_AGRI_1</CodiceUnitaSDC>
		<CategoriaUnitaSDC>F</CategoriaUnitaSDC>
		<DataInizioValidita>14/05/2004</DataInizioValidita>
		<DataFineValidita>21/05/2006</DataFineValidita>
		<Abilitata>True</Abilitata>
	</UnitRelate>
	<UnitRelate>
		<CodiceOperatoreSDC>OEERMSR</CodiceOperatoreSDC>
		<CodiceUnitaSDC>UCV_ATE_EXP</CodiceUnitaSDC>
		<CategoriaUnitaSDC>F</CategoriaUnitaSDC>
		<DataInizioValidita>20/07/2004</DataInizioValidita>
		<DataFineValidita>15/07/2006</DataFineValidita>
		<Abilitata>True</Abilitata>
	</UnitRelate>
	<UnitRelate>
		<CodiceOperatoreSDC>OEERMSR</CodiceOperatoreSDC>
		<CodiceUnitaSDC>UP_ALANNO_1</CodiceUnitaSDC>
		<CategoriaUnitaSDC>F</CategoriaUnitaSDC>
		<DataInizioValidita>21/07/2004</DataInizioValidita>
		<DataFineValidita>15/07/2006</DataFineValidita>
		<Abilitata>True</Abilitata>
	</UnitRelate>
	<UnitRelate>
		<CodiceOperatoreSDC>OEESDPW</CodiceOperatoreSDC>
		<CodiceUnitaSDC>UCV_APG_EXP</CodiceUnitaSDC>
		<CategoriaUnitaSDC>F</CategoriaUnitaSDC>
		<DataInizioValidita>21/07/2004</DataInizioValidita>
		<DataFineValidita>15/07/2006</DataFineValidita>
		<Abilitata>True</Abilitata>
	</UnitRelate>
	<UnitRelate>
		<CodiceOperatoreSDC>OEESNPW</CodiceOperatoreSDC>
		<CodiceUnitaSDC>UCV_ATE_EXP</CodiceUnitaSDC>
		<CategoriaUnitaSDC>F</CategoriaUnitaSDC>
		<DataInizioValidita>14/05/2004</DataInizioValidita>
		<DataFineValidita>21/05/2006</DataFineValidita>
		<Abilitata>True</Abilitata>
	</UnitRelate>
	<UnitRelate>
		<CodiceOperatoreSDC>OEESNPW</CodiceOperatoreSDC>
		<CodiceUnitaSDC>UP_ALANNO_1</CodiceUnitaSDC>
		<CategoriaUnitaSDC>F</CategoriaUnitaSDC>
		<DataInizioValidita>14/05/2004</DataInizioValidita>
		<DataFineValidita>21/05/2006</DataFineValidita>
		<Abilitata>True</Abilitata>
	</UnitRelate>
	<UnitRelate>
		<CodiceOperatoreSDC>OERSSPA</CodiceOperatoreSDC>
		<CodiceUnitaSDC>UCV_APG_EXP</CodiceUnitaSDC>
		<CategoriaUnitaSDC>F</CategoriaUnitaSDC>
		<DataInizioValidita>21/07/2004</DataInizioValidita>
		<DataFineValidita>31/12/2004</DataFineValidita>
		<Abilitata>True</Abilitata>
	</UnitRelate>
</UnitRelates>