<root>
  <objectids>
    <objectid id="Agente_provvigione"/>
    <objectid id="Agente_val_provvigione"/>
    <objectid id="Allineamento_rid"/>
    <objectid id="Analisi_risparmio"/>
    <objectid id="Anno_gratis"/>
    <objectid id="Associazione"/>
    <objectid id="Banca"/>
    <objectid id="Banca_all_rid"/>
    <objectid id="Banca_saldo"/>
    <objectid id="Banda_energia"/>
    <objectid id="Base"/>
    <objectid id="Bf_fascia"/>
    <objectid id="Bh_fascia"/>
    <objectid id="Bilaterale"/>
    <objectid id="Bilaterale_esterno"/>
    <objectid id="Bilaterale_val_rif"/>
    <objectid id="Calendario_fascia"/>
    <objectid id="Calendario_sito"/>
    <objectid id="Cambio_dollaro"/>
    <objectid id="Categoria_cliente"/>
    <objectid id="Categoria_contatto"/>
    <objectid id="Causale_movimento"/>
    <objectid id="Cca"/>
    <objectid id="Cip6"/>
    <objectid id="Cliente"/>
    <objectid id="Cliente_DOM_Attesa"/>
    <objectid id="Cliente_factor"/>
    <objectid id="Cliente_generico"/>
    <objectid id="Cliente_opz_contr"/>
    <objectid id="Cliente_opz_contr_wrk"/>
    <objectid id="Codice_abi"/>
    <objectid id="Codice_cab"/>
    <objectid id="Codice_cap"/>
    <objectid id="Codice_iva_gme"/>
    <objectid id="Cod_provvigione"/>
    <objectid id="Coeff_grtn_imp"/>
    <objectid id="Coeff_import_reale"/>
    <objectid id="Coeff_potenza"/>
    <objectid id="Componente_vincolato"/>
    <objectid id="Comune"/>
    <objectid id="Consorzio"/>
    <objectid id="Consumo_previsionale"/>
    <objectid id="Contatore"/>
    <objectid id="Contatto"/>
    <objectid id="Contratto"/>
    <objectid id="Contratto_scambio"/>
    <objectid id="Contratto_sito"/>
    <objectid id="Contributo_gestionale"/>
    <objectid id="Contributo_scaglione"/>
    <objectid id="Cont_cliente_conto"/>
    <objectid id="Cont_decodifica"/>
    <objectid id="Corrispondenza"/>
    <objectid id="Crm_argomento"/>
    <objectid id="Crm_stato"/>
    <objectid id="Ct"/>
    <objectid id="Ct_prev"/>
    <objectid id="Datalogger"/>
    <objectid id="Dato_datalogger"/>
    <objectid id="Dato_dinamico_sap"/>
    <objectid id="Dato_grafico"/>
    <objectid id="Dato_input_report"/>
    <objectid id="Dato_report_consumo"/>
    <objectid id="Dato_report_fattura"/>
    <objectid id="Dato_report_fattura2"/>
    <objectid id="Dato_report_mensile"/>
    <objectid id="Denuncia_sito_utf"/>
    <objectid id="Deposito_cauzionale"/>
    <objectid id="Det_offerta"/>
    <objectid id="Det_quota_opztar"/>
    <objectid id="Dichiarazione_utf"/>
    <objectid id="Disponibilita_gas"/>
    <objectid id="Distributore_rif"/>
    <objectid id="Dis_fascia"/>
    <objectid id="Divisa"/>
    <objectid id="Download_log"/>
    <objectid id="Download_obj"/>
    <objectid id="Edi_xref"/>
    <objectid id="Energia_annua"/>
    <objectid id="Energia_fascia"/>
    <objectid id="Energia_segmento"/>
    <objectid id="Eseguibile_esterno"/>
    <objectid id="Esenzione_iva"/>
    <objectid id="Factor"/>
    <objectid id="Fascia_oraria"/>
    <objectid id="Fascia_oraria_range"/>
    <objectid id="Fascia_periodo"/>
    <objectid id="Fattura_consumo"/>
    <objectid id="Fattura_generica"/>
    <objectid id="Fattura_riga"/>
    <objectid id="Fattura_riga2"/>
    <objectid id="Fattura_testata"/>
    <objectid id="Fidejussione"/>
    <objectid id="File_xml_borsa"/>
    <objectid id="Fornitore"/>
    <objectid id="Fornitura_terzi"/>
    <objectid id="Forn_prezzo_periodico"/>
    <objectid id="Forn_val_prezzo_periodico"/>
    <objectid id="Frequenza_pag"/>
    <objectid id="Garanzia_potenza"/>
    <objectid id="Gas_accisa"/>
    <objectid id="Gas_add_regionale"/>
    <objectid id="Gas_anno_termico"/>
    <objectid id="Gas_area_prelievo"/>
    <objectid id="Gas_area_tariffa"/>
    <objectid id="Gas_btz"/>
    <objectid id="Gas_capacita_punto"/>
    <objectid id="Gas_classe_contratto"/>
    <objectid id="Gas_classe_corr"/>
    <objectid id="Gas_classe_det"/>
    <objectid id="Gas_classe_magg"/>
    <objectid id="Gas_classe_stock"/>
    <objectid id="Gas_classe_validita"/>
    <objectid id="Gas_coeff_indiciz"/>
    <objectid id="Gas_contratto_rete"/>
    <objectid id="Gas_cor_fisso"/>
    <objectid id="Gas_cor_rrg"/>
    <objectid id="Gas_cor_variabile"/>
    <objectid id="Gas_duns"/>
    <objectid id="Gas_gasolio"/>
    <objectid id="Gas_misura_forn"/>
    <objectid id="Gas_misura_pe"/>
    <objectid id="Gas_misura_stoc"/>
    <objectid id="Gas_parametro"/>
    <objectid id="Gas_pcs_standard"/>
    <objectid id="Gas_prev_stock"/>
    <objectid id="Gas_punto_entrata"/>
    <objectid id="Gas_punto_riconsegna"/>
    <objectid id="Gas_punto_tariffa"/>
    <objectid id="Gas_qnt_stock"/>
    <objectid id="Gas_range_prev_stock"/>
    <objectid id="Gas_range_scost"/>
    <objectid id="Gas_rel_pe_contr"/>
    <objectid id="Gas_rete"/>
    <objectid id="Gas_riduzione_stock"/>
    <objectid id="Gas_scostamento"/>
    <objectid id="Gas_tariffa_stoc"/>
    <objectid id="Gas_tipo_gas"/>
    <objectid id="Gas_tipo_rete"/>
    <objectid id="Gas_voce_stoc"/>
    <objectid id="Giorno_gratis"/>
    <objectid id="Gruppo"/>
    <objectid id="Immobile_terreno"/>
    <objectid id="Imposta_erariale"/>
    <objectid id="Imposta_periodica"/>
    <objectid id="Imposta_provinciale"/>
    <objectid id="Indice"/>
    <objectid id="Indice_raccordo"/>
    <objectid id="Indice_val"/>
    <objectid id="Indicizzazione"/>
    <objectid id="Indirizzi"/>
    <objectid id="Iva_contratto"/>
    <objectid id="Iva_contr_periodica"/>
    <objectid id="Iva_contr_vocecosto"/>
    <objectid id="Job"/>
    <objectid id="Lambda_vincolato"/>
    <objectid id="Licenza_utf"/>
    <objectid id="Licenza_utf_sito"/>
    <objectid id="Linea_attivita_edf"/>
    <objectid id="Linea_parametro"/>
    <objectid id="Listino_prezzo_fascia"/>
    <objectid id="Listino_prezzo_imp"/>
    <objectid id="Listino_trasp_tensione"/>
    <objectid id="Loadprofile_coeff"/>
    <objectid id="Loadprofile_pra"/>
    <objectid id="Log"/>
    <objectid id="Logo"/>
    <objectid id="Log_invio_file"/>
    <objectid id="Log_qta_negativa"/>
    <objectid id="Macro_dettaglio"/>
    <objectid id="Maggiorazione_fascia"/>
    <objectid id="Mail_Prodotto"/>
    <objectid id="Mailing_list"/>
    <objectid id="Margine_base"/>
    <objectid id="Margine_base_imp"/>
    <objectid id="Mese"/>
    <objectid id="Misura"/>
    <objectid id="Misura_gas"/>
    <objectid id="Misura_mensile"/>
    <objectid id="Misura_totale_gas"/>
    <objectid id="Misura_uca"/>
    <objectid id="Misura_uca_bil"/>
    <objectid id="Misura_upa"/>
    <objectid id="Misura_upa_bil"/>
    <objectid id="Modello_report"/>
    <objectid id="Modo_pag"/>
    <objectid id="Modulo_calcolo"/>
    <objectid id="Mora"/>
    <objectid id="Movimento"/>
    <objectid id="Natura_giuridica"/>
    <objectid id="Nazione"/>
    <objectid id="Offerta"/>
    <objectid id="Offerta_file"/>
    <objectid id="Offerta_mercato"/>
    <objectid id="Offerta_revisione"/>
    <objectid id="Opzione_bilanciamento"/>
    <objectid id="Opzione_contratto"/>
    <objectid id="Opzione_contrattuale"/>
    <objectid id="Opzione_tariffaria"/>
    <objectid id="Opziono_contrattualo"/>
    <objectid id="Opztar_tipo_quota"/>
    <objectid id="Opztar_tipo_utilizzo"/>
    <objectid id="Ora_legale"/>
    <objectid id="Package"/>
    <objectid id="Pagamento_factor"/>
    <objectid id="Parametro_generale"/>
    <objectid id="Parametro_mercato"/>
    <objectid id="Param_sbil"/>
    <objectid id="Perc_contr_consortile"/>
    <objectid id="Perc_prezzo_acquisto"/>
    <objectid id="Pgn_fascia"/>
    <objectid id="Pia_agente"/>
    <objectid id="Pia_perc_agente"/>
    <objectid id="Pilota_elab_fatt"/>
    <objectid id="PrenotazioneContratto"/>
    <objectid id="Prezzo_contratto"/>
    <objectid id="Prezzo_contratto_alter"/>
    <objectid id="Prezzo_imp_opz_contr"/>
    <objectid id="Prezzo_offerta"/>
    <objectid id="Prezzo_offerta_pot"/>
    <objectid id="Prezzo_opz_contr"/>
    <objectid id="Prezzo_periodico"/>
    <objectid id="Prezzo_periodico_alter"/>
    <objectid id="Prezzo_potenza_imp"/>
    <objectid id="Prezzo_previsionale"/>
    <objectid id="Prezzo_sbilanciamenti"/>
    <objectid id="Prezzo_servizio_contratto"/>
    <objectid id="Prezzo_val_periodico"/>
    <objectid id="Profilo_contratto_bil"/>
    <objectid id="Profilo_prev"/>
    <objectid id="Profilo_tipo_mis"/>
    <objectid id="Programma_bil"/>
    <objectid id="Provincia"/>
    <objectid id="Pun"/>
    <objectid id="Qualita_Ditta"/>
    <objectid id="Query"/>
    <objectid id="Regione"/>
    <objectid id="Rel_banca_cliente"/>
    <objectid id="Rel_banca_fornitore"/>
    <objectid id="Rel_banca_sito"/>
    <objectid id="Rel_bil_fascia"/>
    <objectid id="Rel_bil_forcli"/>
    <objectid id="Rel_bil_pot"/>
    <objectid id="Rel_bil_uca"/>
    <objectid id="Rel_bil_upa"/>
    <objectid id="Rel_Cliente_Associato"/>
    <objectid id="Rel_cliente_contratto"/>
    <objectid id="Rel_cli_contr_sca"/>
    <objectid id="Rel_consorzio_contratto"/>
    <objectid id="Rel_contratto_sito"/>
    <objectid id="Rel_contr_opziono"/>
    <objectid id="Rel_contr_sca"/>
    <objectid id="Rel_contr_sito_servizio"/>
    <objectid id="Rel_cp_mese"/>
    <objectid id="Rel_distributore_zona"/>
    <objectid id="Rel_factor_divisa"/>
    <objectid id="Rel_factor_nazione"/>
    <objectid id="Rel_fk_external"/>
    <objectid id="Rel_fornitore_opztar"/>
    <objectid id="Rel_for_contratto"/>
    <objectid id="Rel_for_contratto2"/>
    <objectid id="Rel_for_contr_sca"/>
    <objectid id="Rel_for_opztar_quota"/>
    <objectid id="Rel_gruppo_contratto"/>
    <objectid id="Rel_linea_factor"/>
    <objectid id="Rel_offerta_sito"/>
    <objectid id="Rel_pia_contratto"/>
    <objectid id="Rel_pia_sito"/>
    <objectid id="Rel_segmento_tipo"/>
    <objectid id="Rel_sito_contr_sca"/>
    <objectid id="Rel_sito_fornitura"/>
    <objectid id="Rel_sito_uca"/>
    <objectid id="Rel_sito_upa"/>
    <objectid id="Rel_tipocontr_costo"/>
    <objectid id="Rel_tipostru_opzbil"/>
    <objectid id="Rel_upa_pot"/>
    <objectid id="Rel_Utente_Ruolo"/>
    <objectid id="Rel_zona_provincia"/>
    <objectid id="Report_fattura_edi"/>
    <objectid id="Report_rid"/>
    <objectid id="Rf_fascia"/>
    <objectid id="Ribor"/>
    <objectid id="Rif_iniziale_trasp"/>
    <objectid id="Ripartizione_potenza"/>
    <objectid id="Risultato_mercato"/>
    <objectid id="Sbilanciamento"/>
    <objectid id="Sbilanciamento_onere"/>
    <objectid id="Sbilanciamento_qta"/>
    <objectid id="Sbil_uca"/>
    <objectid id="Sbil_upa"/>
    <objectid id="Scadenza_pag"/>
    <objectid id="Sec_funzione"/>
    <objectid id="Sec_gruppo"/>
    <objectid id="Sec_oggetto_visibile"/>
    <objectid id="Sec_rel_funz_azione"/>
    <objectid id="Sec_rel_gruppo_linea"/>
    <objectid id="Sec_rel_gru_funz"/>
    <objectid id="Sec_utente"/>
    <objectid id="Sec_utente_filtro"/>
    <objectid id="Sec_wkfl_utente"/>
    <objectid id="Segmento_mercato"/>
    <objectid id="Settore_attivita"/>
    <objectid id="Sistema_contabilita"/>
    <objectid id="Sito"/>
    <objectid id="Sito_potenza_mensile"/>
    <objectid id="Sito_tabella_a"/>
    <objectid id="Sottosettore_attivita"/>
    <objectid id="Stato_offerta"/>
    <objectid id="Stato_offerta_mercato"/>
    <objectid id="Storico_contatto"/>
    <objectid id="Strumento"/>
    <objectid id="Strumento_canale"/>
    <objectid id="Strumento_fascia"/>
    <objectid id="Strumento_fattura"/>
    <objectid id="Strumento_file"/>
    <objectid id="Strum_rel_aut_dlo"/>
    <objectid id="Syn_command"/>
    <objectid id="Syn_log"/>
    <objectid id="Syn_queue"/>
    <objectid id="Syn_status"/>
    <objectid id="Tipo_comp_conf"/>
    <objectid id="Tipo_comp_vinc"/>
    <objectid id="Tipo_contatto"/>
    <objectid id="Tipo_contratto"/>
    <objectid id="Tipo_dato_report"/>
    <objectid id="Tipo_doc_contatto"/>
    <objectid id="Tipo_documento"/>
    <objectid id="Tipo_emissione_fattura"/>
    <objectid id="Tipo_fascia"/>
    <objectid id="Tipo_fascia_oraria"/>
    <objectid id="Tipo_fornitore"/>
    <objectid id="Tipo_fornitura"/>
    <objectid id="Tipo_immobile"/>
    <objectid id="Tipo_indice"/>
    <objectid id="Tipo_lettera"/>
    <objectid id="Tipo_lettura"/>
    <objectid id="Tipo_mercato"/>
    <objectid id="Tipo_misura"/>
    <objectid id="Tipo_penale"/>
    <objectid id="Tipo_prodotto"/>
    <objectid id="Tipo_profilo"/>
    <objectid id="Tipo_sbilanciamento"/>
    <objectid id="Tipo_servizio"/>
    <objectid id="Tipo_strumento"/>
    <objectid id="Tipo_tensione"/>
    <objectid id="Tipo_tensione_periodo"/>
    <objectid id="Tipo_upa"/>
    <objectid id="Trigger_campo"/>
    <objectid id="Trigger_costante"/>
    <objectid id="Trigger_tabella"/>
    <objectid id="Uc5_fascia"/>
    <objectid id="Uca_esterna"/>
    <objectid id="Unita_consumo_aggr"/>
    <objectid id="Unita_misura"/>
    <objectid id="Unita_produzione_aggr"/>
    <objectid id="Unita_servizio"/>
    <objectid id="Unita_tempo"/>
    <objectid id="Unita_utilizzo"/>
    <objectid id="Upa_esterna"/>
    <objectid id="Val_cca"/>
    <objectid id="Val_componente_vincolato"/>
    <objectid id="Ve"/>
    <objectid id="Visita_agente"/>
    <objectid id="Voce_costo"/>
    <objectid id="Voce_previsionale"/>
    <objectid id="Wkfl_firma"/>
    <objectid id="Wkfl_percorso"/>
    <objectid id="Wkfl_tipo_percorso"/>
    <objectid id="Xml_impexp_flusso"/>
    <objectid id="Xml_impexp_tipo"/>
    <objectid id="Xml_input_dir"/>
    <objectid id="Xml_job"/>
    <objectid id="Xml_log"/>
    <objectid id="Xref_fk_external"/>
    <objectid id="Zi"/>
    <objectid id="Zona_elettrica"/>


    <objectid id="Rel_prodotto_associazioni"/>
    <objectid id="Gas_valid_area_tariffa"/>
    <objectid id="Gas_valid_punto_tariffa"/>
    <objectid id="Cb_abbattimento_tep"/>
    <objectid id="Cb_valorizzato"/>
    <objectid id="Cb_storico_tep"/>
    <objectid id="Prezzo_orario"/>
    <objectid id="Ip_fg_ora_as"/>
    <objectid id="Ip_fg_minuto_shift"/>
    <objectid id="Tipo_centro_stampa"/>
    <objectid id="Tipo_mora"/>
    <objectid id="Caricamento_edi"/>
    <objectid id="Gas_scost_penale"/>
    <objectid id="Gas_range_scost_penale"/>
    <objectid id="Gas_contratto_prec"/>
    <objectid id="Tipo_richiesta"/>
    <objectid id="Stato_richiesta"/>
    <objectid id="Come_conosciuto"/>
    <objectid id="Richiesta_cliente"/>
    <objectid id="Richiesta_cliente_corr"/>
    <objectid id="Rel_cliente_prenotazione"/>
    <objectid id="Categoria_richiesta"/>
    <objectid id="Contratto_mora"/>
    <objectid id="Associato_in_associazione"/>
    <objectid id="Iva_contr_periodica_var"/>
    <objectid id="Indirizzo"/>
    <objectid id="Adeguamento_distributore"/>
    <objectid id="Tipo_reclamo"/>
    <objectid id="Reclamo_cliente"/>
    <objectid id="Carta"/>
    <objectid id="Carta_var"/>
    <objectid id="Autolettura"/>
    <objectid id="Lettura_periodica"/>
    <objectid id="Cliente_var"/>
    <objectid id="Sito_var"/>
    <objectid id="Contatto_var"/>
    <objectid id="Strumento_var"/>
    <objectid id="Immobile_terreno_var"/>
    <objectid id="Banca_var"/>
    <objectid id="Tipo_carta"/>
  </objectids>
  <assemblies>
    <assembly name="ERDataAccess">
      <object id="Agente_provvigione" objectType="ER2005.DataAccess.ERDAAgente_provvigione"/>
      <object id="Agente_val_provvigione" objectType="ER2005.DataAccess.ERDAAgente_val_provvigione"/>
      <object id="Allineamento_rid" objectType="ER2005.DataAccess.ERDAAllineamento_rid"/>
      <object id="Analisi_risparmio" objectType="ER2005.DataAccess.ERDAAnalisi_risparmio"/>
      <object id="Anno_gratis" objectType="ER2005.DataAccess.ERDAAnno_gratis"/>
      <object id="Associazione" objectType="ER2005.DataAccess.ERDAAssociazione"/>
      <object id="Banca" objectType="ER2005.DataAccess.ERDABanca"/>
      <object id="Banca_all_rid" objectType="ER2005.DataAccess.ERDABanca_all_rid"/>
      <object id="Banca_saldo" objectType="ER2005.DataAccess.ERDABanca_saldo"/>
      <object id="Banda_energia" objectType="ER2005.DataAccess.ERDABanda_energia"/>
      <object id="Base" objectType="ER2005.DataAccess.ERDABase"/>
      <object id="Bf_fascia" objectType="ER2005.DataAccess.ERDABf_fascia"/>
      <object id="Bh_fascia" objectType="ER2005.DataAccess.ERDABh_fascia"/>
      <object id="Bilaterale" objectType="ER2005.DataAccess.ERDABilaterale"/>
      <object id="Bilaterale_esterno" objectType="ER2005.DataAccess.ERDABilaterale_esterno"/>
      <object id="Bilaterale_val_rif" objectType="ER2005.DataAccess.ERDABilaterale_val_rif"/>
      <object id="Calendario_fascia" objectType="ER2005.DataAccess.ERDACalendario_fascia"/>
      <object id="Calendario_sito" objectType="ER2005.DataAccess.ERDACalendario_sito"/>
      <object id="Cambio_dollaro" objectType="ER2005.DataAccess.ERDACambio_dollaro"/>
      <object id="Categoria_cliente" objectType="ER2005.DataAccess.ERDACategoria_cliente"/>
      <object id="Categoria_contatto" objectType="ER2005.DataAccess.ERDACategoria_contatto"/>
      <object id="Causale_movimento" objectType="ER2005.DataAccess.ERDACausale_movimento"/>
      <object id="Cca" objectType="ER2005.DataAccess.ERDACca"/>
      <object id="Cip6" objectType="ER2005.DataAccess.ERDACip6"/>
      <object id="Cliente" objectType="ER2005.DataAccess.ERDACliente"/>
      <object id="Cliente_DOM_Attesa" objectType="ER2005.DataAccess.ERDACliente_DOM_Attesa"/>
      <object id="Cliente_factor" objectType="ER2005.DataAccess.ERDACliente_factor"/>
      <object id="Cliente_generico" objectType="ER2005.DataAccess.ERDACliente_generico"/>
      <object id="Cliente_opz_contr" objectType="ER2005.DataAccess.ERDACliente_opz_contr"/>
      <object id="Cliente_opz_contr_wrk" objectType="ER2005.DataAccess.ERDACliente_opz_contr_wrk"/>
      <object id="Codice_abi" objectType="ER2005.DataAccess.ERDACodice_abi"/>
      <object id="Codice_cab" objectType="ER2005.DataAccess.ERDACodice_cab"/>
      <object id="Codice_cap" objectType="ER2005.DataAccess.ERDACodice_cap"/>
      <object id="Codice_iva_gme" objectType="ER2005.DataAccess.ERDACodice_iva_gme"/>
      <object id="Cod_provvigione" objectType="ER2005.DataAccess.ERDACod_provvigione"/>
      <object id="Coeff_grtn_imp" objectType="ER2005.DataAccess.ERDACoeff_grtn_imp"/>
      <object id="Coeff_import_reale" objectType="ER2005.DataAccess.ERDACoeff_import_reale"/>
      <object id="Coeff_potenza" objectType="ER2005.DataAccess.ERDACoeff_potenza"/>
      <object id="Componente_vincolato" objectType="ER2005.DataAccess.ERDAComponente_vincolato"/>
      <object id="Comune" objectType="ER2005.DataAccess.ERDAComune"/>
      <object id="Consorzio" objectType="ER2005.DataAccess.ERDAConsorzio"/>
      <object id="Consumo_previsionale" objectType="ER2005.DataAccess.ERDAConsumo_previsionale"/>
      <object id="Contatore" objectType="ER2005.DataAccess.ERDAContatore"/>
      <object id="Contatto" objectType="ER2005.DataAccess.ERDAContatto"/>
      <object id="Contratto" objectType="ER2005.DataAccess.ERDAContratto"/>
      <object id="Contratto_scambio" objectType="ER2005.DataAccess.ERDAContratto_scambio"/>
      <object id="Contratto_sito" objectType="ER2005.DataAccess.ERDAContratto_sito"/>
      <object id="Contributo_gestionale" objectType="ER2005.DataAccess.ERDAContributo_gestionale"/>
      <object id="Contributo_scaglione" objectType="ER2005.DataAccess.ERDAContributo_scaglione"/>
      <object id="Cont_cliente_conto" objectType="ER2005.DataAccess.ERDACont_cliente_conto"/>
      <object id="Cont_decodifica" objectType="ER2005.DataAccess.ERDACont_decodifica"/>
      <object id="Corrispondenza" objectType="ER2005.DataAccess.ERDACorrispondenza"/>
      <object id="Crm_argomento" objectType="ER2005.DataAccess.ERDACrm_argomento"/>
      <object id="Crm_stato" objectType="ER2005.DataAccess.ERDACrm_stato"/>
      <object id="Ct" objectType="ER2005.DataAccess.ERDACt"/>
      <object id="Ct_prev" objectType="ER2005.DataAccess.ERDACt_prev"/>
      <object id="Datalogger" objectType="ER2005.DataAccess.ERDADatalogger"/>
      <object id="Dato_datalogger" objectType="ER2005.DataAccess.ERDADato_datalogger"/>
      <object id="Dato_dinamico_sap" objectType="ER2005.DataAccess.ERDADato_dinamico_sap"/>
      <object id="Dato_grafico" objectType="ER2005.DataAccess.ERDADato_grafico"/>
      <object id="Dato_input_report" objectType="ER2005.DataAccess.ERDADato_input_report"/>
      <object id="Dato_report_consumo" objectType="ER2005.DataAccess.ERDADato_report_consumo"/>
      <object id="Dato_report_fattura" objectType="ER2005.DataAccess.ERDADato_report_fattura"/>
      <object id="Dato_report_fattura2" objectType="ER2005.DataAccess.ERDADato_report_fattura2"/>
      <object id="Dato_report_mensile" objectType="ER2005.DataAccess.ERDADato_report_mensile"/>
      <object id="Denuncia_sito_utf" objectType="ER2005.DataAccess.ERDADenuncia_sito_utf"/>
      <object id="Deposito_cauzionale" objectType="ER2005.DataAccess.ERDADeposito_cauzionale"/>
      <object id="Det_offerta" objectType="ER2005.DataAccess.ERDADet_offerta"/>
      <object id="Det_quota_opztar" objectType="ER2005.DataAccess.ERDADet_quota_opztar"/>
      <object id="Dichiarazione_utf" objectType="ER2005.DataAccess.ERDADichiarazione_utf"/>
      <object id="Disponibilita_gas" objectType="ER2005.DataAccess.ERDADisponibilita_gas"/>
      <object id="Distributore_rif" objectType="ER2005.DataAccess.ERDADistributore_rif"/>
      <object id="Dis_fascia" objectType="ER2005.DataAccess.ERDADis_fascia"/>
      <object id="Divisa" objectType="ER2005.DataAccess.ERDADivisa"/>
      <object id="Download_log" objectType="ER2005.DataAccess.ERDADownload_log"/>
      <object id="Download_obj" objectType="ER2005.DataAccess.ERDADownload_obj"/>
      <object id="Edi_xref" objectType="ER2005.DataAccess.ERDAEdi_xref"/>
      <object id="Energia_annua" objectType="ER2005.DataAccess.ERDAEnergia_annua"/>
      <object id="Energia_fascia" objectType="ER2005.DataAccess.ERDAEnergia_fascia"/>
      <object id="Energia_segmento" objectType="ER2005.DataAccess.ERDAEnergia_segmento"/>
      <object id="Eseguibile_esterno" objectType="ER2005.DataAccess.ERDAEseguibile_esterno"/>
      <object id="Esenzione_iva" objectType="ER2005.DataAccess.ERDAEsenzione_iva"/>
      <object id="Factor" objectType="ER2005.DataAccess.ERDAFactor"/>
      <object id="Fascia_oraria" objectType="ER2005.DataAccess.ERDAFascia_oraria"/>
      <object id="Fascia_oraria_range" objectType="ER2005.DataAccess.ERDAFascia_oraria_range"/>
      <object id="Fascia_periodo" objectType="ER2005.DataAccess.ERDAFascia_periodo"/>
      <object id="Fattura_consumo" objectType="ER2005.DataAccess.ERDAFattura_consumo"/>
      <object id="Fattura_generica" objectType="ER2005.DataAccess.ERDAFattura_generica"/>
      <object id="Fattura_riga" objectType="ER2005.DataAccess.ERDAFattura_riga"/>
      <object id="Fattura_riga2" objectType="ER2005.DataAccess.ERDAFattura_riga2"/>
      <object id="Fattura_testata" objectType="ER2005.DataAccess.ERDAFattura_testata"/>
      <object id="Fidejussione" objectType="ER2005.DataAccess.ERDAFidejussione"/>
      <object id="File_xml_borsa" objectType="ER2005.DataAccess.ERDAFile_xml_borsa"/>
      <object id="Fornitore" objectType="ER2005.DataAccess.ERDAFornitore"/>
      <object id="Fornitura_terzi" objectType="ER2005.DataAccess.ERDAFornitura_terzi"/>
      <object id="Forn_prezzo_periodico" objectType="ER2005.DataAccess.ERDAForn_prezzo_periodico"/>
      <object id="Forn_val_prezzo_periodico" objectType="ER2005.DataAccess.ERDAForn_val_prezzo_periodico"/>
      <object id="Frequenza_pag" objectType="ER2005.DataAccess.ERDAFrequenza_pag"/>
      <object id="Garanzia_potenza" objectType="ER2005.DataAccess.ERDAGaranzia_potenza"/>
      <object id="Gas_accisa" objectType="ER2005.DataAccess.ERDAGas_accisa"/>
      <object id="Gas_add_regionale" objectType="ER2005.DataAccess.ERDAGas_add_regionale"/>
      <object id="Gas_anno_termico" objectType="ER2005.DataAccess.ERDAGas_anno_termico"/>
      <object id="Gas_area_prelievo" objectType="ER2005.DataAccess.ERDAGas_area_prelievo"/>
      <object id="Gas_area_tariffa" objectType="ER2005.DataAccess.ERDAGas_area_tariffa"/>
      <object id="Gas_btz" objectType="ER2005.DataAccess.ERDAGas_btz"/>
      <object id="Gas_capacita_punto" objectType="ER2005.DataAccess.ERDAGas_capacita_punto"/>
      <object id="Gas_classe_contratto" objectType="ER2005.DataAccess.ERDAGas_classe_contratto"/>
      <object id="Gas_classe_corr" objectType="ER2005.DataAccess.ERDAGas_classe_corr"/>
      <object id="Gas_classe_det" objectType="ER2005.DataAccess.ERDAGas_classe_det"/>
      <object id="Gas_classe_magg" objectType="ER2005.DataAccess.ERDAGas_classe_magg"/>
      <object id="Gas_classe_stock" objectType="ER2005.DataAccess.ERDAGas_classe_stock"/>
      <object id="Gas_classe_validita" objectType="ER2005.DataAccess.ERDAGas_classe_validita"/>
      <object id="Gas_coeff_indiciz" objectType="ER2005.DataAccess.ERDAGas_coeff_indiciz"/>
      <object id="Gas_contratto_rete" objectType="ER2005.DataAccess.ERDAGas_contratto_rete"/>
      <object id="Gas_cor_fisso" objectType="ER2005.DataAccess.ERDAGas_cor_fisso"/>
      <object id="Gas_cor_rrg" objectType="ER2005.DataAccess.ERDAGas_cor_rrg"/>
      <object id="Gas_cor_variabile" objectType="ER2005.DataAccess.ERDAGas_cor_variabile"/>
      <object id="Gas_duns" objectType="ER2005.DataAccess.ERDAGas_duns"/>
      <object id="Gas_gasolio" objectType="ER2005.DataAccess.ERDAGas_gasolio"/>
      <object id="Gas_misura_forn" objectType="ER2005.DataAccess.ERDAGas_misura_forn"/>
      <object id="Gas_misura_pe" objectType="ER2005.DataAccess.ERDAGas_misura_pe"/>
      <object id="Gas_misura_stoc" objectType="ER2005.DataAccess.ERDAGas_misura_stoc"/>
      <object id="Gas_parametro" objectType="ER2005.DataAccess.ERDAGas_parametro"/>
      <object id="Gas_pcs_standard" objectType="ER2005.DataAccess.ERDAGas_pcs_standard"/>
      <object id="Gas_prev_stock" objectType="ER2005.DataAccess.ERDAGas_prev_stock"/>
      <object id="Gas_punto_entrata" objectType="ER2005.DataAccess.ERDAGas_punto_entrata"/>
      <object id="Gas_punto_riconsegna" objectType="ER2005.DataAccess.ERDAGas_punto_riconsegna"/>
      <object id="Gas_punto_tariffa" objectType="ER2005.DataAccess.ERDAGas_punto_tariffa"/>
      <object id="Gas_qnt_stock" objectType="ER2005.DataAccess.ERDAGas_qnt_stock"/>
      <object id="Gas_range_prev_stock" objectType="ER2005.DataAccess.ERDAGas_range_prev_stock"/>
      <object id="Gas_range_scost" objectType="ER2005.DataAccess.ERDAGas_range_scost"/>
      <object id="Gas_rel_pe_contr" objectType="ER2005.DataAccess.ERDAGas_rel_pe_contr"/>
      <object id="Gas_rete" objectType="ER2005.DataAccess.ERDAGas_rete"/>
      <object id="Gas_riduzione_stock" objectType="ER2005.DataAccess.ERDAGas_riduzione_stock"/>
      <object id="Gas_scostamento" objectType="ER2005.DataAccess.ERDAGas_scostamento"/>
      <object id="Gas_tariffa_stoc" objectType="ER2005.DataAccess.ERDAGas_tariffa_stoc"/>
      <object id="Gas_tipo_gas" objectType="ER2005.DataAccess.ERDAGas_tipo_gas"/>
      <object id="Gas_tipo_rete" objectType="ER2005.DataAccess.ERDAGas_tipo_rete"/>
      <object id="Gas_voce_stoc" objectType="ER2005.DataAccess.ERDAGas_voce_stoc"/>
      <object id="Giorno_gratis" objectType="ER2005.DataAccess.ERDAGiorno_gratis"/>
      <object id="Gruppo" objectType="ER2005.DataAccess.ERDAGruppo"/>
      <object id="Immobile_terreno" objectType="ER2005.DataAccess.ERDAImmobile_terreno"/>
      <object id="Imposta_erariale" objectType="ER2005.DataAccess.ERDAImposta_erariale"/>
      <object id="Imposta_periodica" objectType="ER2005.DataAccess.ERDAImposta_periodica"/>
      <object id="Imposta_provinciale" objectType="ER2005.DataAccess.ERDAImposta_provinciale"/>
      <object id="Indice" objectType="ER2005.DataAccess.ERDAIndice"/>
      <object id="Indice_raccordo" objectType="ER2005.DataAccess.ERDAIndice_raccordo"/>
      <object id="Indice_val" objectType="ER2005.DataAccess.ERDAIndice_val"/>
      <object id="Indicizzazione" objectType="ER2005.DataAccess.ERDAIndicizzazione"/>
      <object id="Indirizzi" objectType="ER2005.DataAccess.ERDAIndirizzo"/>
      <object id="Iva_contratto" objectType="ER2005.DataAccess.ERDAIva_contratto"/>
      <object id="Iva_contr_periodica" objectType="ER2005.DataAccess.ERDAIva_contr_periodica"/>
      <object id="Iva_contr_vocecosto" objectType="ER2005.DataAccess.ERDAIva_contr_vocecosto"/>
      <object id="Job" objectType="ER2005.DataAccess.ERDAJob"/>
      <object id="Lambda_vincolato" objectType="ER2005.DataAccess.ERDALambda_vincolato"/>
      <object id="Licenza_utf" objectType="ER2005.DataAccess.ERDALicenza_utf"/>
      <object id="Licenza_utf_sito" objectType="ER2005.DataAccess.ERDALicenza_utf_sito"/>
      <object id="Linea_attivita_edf" objectType="ER2005.DataAccess.ERDALinea_attivita_edf"/>
      <object id="Linea_parametro" objectType="ER2005.DataAccess.ERDALinea_parametro"/>
      <object id="Listino_prezzo_fascia" objectType="ER2005.DataAccess.ERDAListino_prezzo_fascia"/>
      <object id="Listino_prezzo_imp" objectType="ER2005.DataAccess.ERDAListino_prezzo_imp"/>
      <object id="Listino_trasp_tensione" objectType="ER2005.DataAccess.ERDAListino_trasp_tensione"/>
      <object id="Loadprofile_coeff" objectType="ER2005.DataAccess.ERDALoadprofile_coeff"/>
      <object id="Loadprofile_pra" objectType="ER2005.DataAccess.ERDALoadprofile_pra"/>
      <object id="Log" objectType="ER2005.DataAccess.ERDALog"/>
      <object id="Logo" objectType="ER2005.DataAccess.ERDALogo"/>
      <object id="Log_invio_file" objectType="ER2005.DataAccess.ERDALog_invio_file"/>
      <object id="Log_qta_negativa" objectType="ER2005.DataAccess.ERDALog_qta_negativa"/>
      <object id="Macro_dettaglio" objectType="ER2005.DataAccess.ERDAMacro_dettaglio"/>
      <object id="Maggiorazione_fascia" objectType="ER2005.DataAccess.ERDAMaggiorazione_fascia"/>
      <object id="Mail_Prodotto" objectType="ER2005.DataAccess.ERDAMail_Prodotto"/>
      <object id="Mailing_list" objectType="ER2005.DataAccess.ERDAMailing_list"/>
      <object id="Margine_base" objectType="ER2005.DataAccess.ERDAMargine_base"/>
      <object id="Margine_base_imp" objectType="ER2005.DataAccess.ERDAMargine_base_imp"/>
      <object id="Mese" objectType="ER2005.DataAccess.ERDAMese"/>
      <object id="Misura" objectType="ER2005.DataAccess.ERDAMisura"/>
      <object id="Misura_gas" objectType="ER2005.DataAccess.ERDAMisura_gas"/>
      <object id="Misura_mensile" objectType="ER2005.DataAccess.ERDAMisura_mensile"/>
      <object id="Misura_totale_gas" objectType="ER2005.DataAccess.ERDAMisura_totale_gas"/>
      <object id="Misura_uca" objectType="ER2005.DataAccess.ERDAMisura_uca"/>
      <object id="Misura_uca_bil" objectType="ER2005.DataAccess.ERDAMisura_uca_bil"/>
      <object id="Misura_upa" objectType="ER2005.DataAccess.ERDAMisura_upa"/>
      <object id="Misura_upa_bil" objectType="ER2005.DataAccess.ERDAMisura_upa_bil"/>
      <object id="Modello_report" objectType="ER2005.DataAccess.ERDAModello_report"/>
      <object id="Modo_pag" objectType="ER2005.DataAccess.ERDAModo_pag"/>
      <object id="Modulo_calcolo" objectType="ER2005.DataAccess.ERDAModulo_calcolo"/>
      <object id="Mora" objectType="ER2005.DataAccess.ERDAMora"/>
      <object id="Movimento" objectType="ER2005.DataAccess.ERDAMovimento"/>
      <object id="Natura_giuridica" objectType="ER2005.DataAccess.ERDANatura_giuridica"/>
      <object id="Nazione" objectType="ER2005.DataAccess.ERDANazione"/>
      <object id="Offerta" objectType="ER2005.DataAccess.ERDAOfferta"/>
      <object id="Offerta_file" objectType="ER2005.DataAccess.ERDAOfferta_file"/>
      <object id="Offerta_mercato" objectType="ER2005.DataAccess.ERDAOfferta_mercato"/>
      <object id="Offerta_revisione" objectType="ER2005.DataAccess.ERDAOfferta_revisione"/>
      <object id="Opzione_bilanciamento" objectType="ER2005.DataAccess.ERDAOpzione_bilanciamento"/>
      <object id="Opzione_contratto" objectType="ER2005.DataAccess.ERDAOpzione_contratto"/>
      <object id="Opzione_contrattuale" objectType="ER2005.DataAccess.ERDAOpzione_contrattuale"/>
      <object id="Opzione_tariffaria" objectType="ER2005.DataAccess.ERDAOpzione_tariffaria"/>
      <object id="Opziono_contrattualo" objectType="ER2005.DataAccess.ERDAOpziono_contrattualo"/>
      <object id="Opztar_tipo_quota" objectType="ER2005.DataAccess.ERDAOpztar_tipo_quota"/>
      <object id="Opztar_tipo_utilizzo" objectType="ER2005.DataAccess.ERDAOpztar_tipo_utilizzo"/>
      <object id="Ora_legale" objectType="ER2005.DataAccess.ERDAOra_legale"/>
      <object id="Package" objectType="ER2005.DataAccess.ERDAPackage"/>
      <object id="Pagamento_factor" objectType="ER2005.DataAccess.ERDAPagamento_factor"/>
      <object id="Parametro_generale" objectType="ER2005.DataAccess.ERDAParametro_generale"/>
      <object id="Parametro_mercato" objectType="ER2005.DataAccess.ERDAParametro_mercato"/>
      <object id="Param_sbil" objectType="ER2005.DataAccess.ERDAParam_sbil"/>
      <object id="Perc_contr_consortile" objectType="ER2005.DataAccess.ERDAPerc_contr_consortile"/>
      <object id="Perc_prezzo_acquisto" objectType="ER2005.DataAccess.ERDAPerc_prezzo_acquisto"/>
      <object id="Pgn_fascia" objectType="ER2005.DataAccess.ERDAPgn_fascia"/>
      <object id="Pia_agente" objectType="ER2005.DataAccess.ERDAPia_agente"/>
      <object id="Pia_perc_agente" objectType="ER2005.DataAccess.ERDAPia_perc_agente"/>
      <object id="Pilota_elab_fatt" objectType="ER2005.DataAccess.ERDAPilota_elab_fatt"/>
      <object id="PrenotazioneContratto" objectType="ER2005.DataAccess.ERDAPrenotazioneContratto"/>
      <object id="Prezzo_contratto" objectType="ER2005.DataAccess.ERDAPrezzo_contratto"/>
      <object id="Prezzo_contratto_alter" objectType="ER2005.DataAccess.ERDAPrezzo_contratto_alter"/>
      <object id="Prezzo_imp_opz_contr" objectType="ER2005.DataAccess.ERDAPrezzo_imp_opz_contr"/>
      <object id="Prezzo_offerta" objectType="ER2005.DataAccess.ERDAPrezzo_offerta"/>
      <object id="Prezzo_offerta_pot" objectType="ER2005.DataAccess.ERDAPrezzo_offerta_pot"/>
      <object id="Prezzo_opz_contr" objectType="ER2005.DataAccess.ERDAPrezzo_opz_contr"/>
      <object id="Prezzo_periodico" objectType="ER2005.DataAccess.ERDAPrezzo_periodico"/>
      <object id="Prezzo_periodico_alter" objectType="ER2005.DataAccess.ERDAPrezzo_periodico_alter"/>
      <object id="Prezzo_potenza_imp" objectType="ER2005.DataAccess.ERDAPrezzo_potenza_imp"/>
      <object id="Prezzo_previsionale" objectType="ER2005.DataAccess.ERDAPrezzo_previsionale"/>
      <object id="Prezzo_sbilanciamenti" objectType="ER2005.DataAccess.ERDAPrezzo_sbilanciamenti"/>
      <object id="Prezzo_servizio_contratto" objectType="ER2005.DataAccess.ERDAPrezzo_servizio_contratto"/>
      <object id="Prezzo_val_periodico" objectType="ER2005.DataAccess.ERDAPrezzo_val_periodico"/>
      <object id="Profilo_contratto_bil" objectType="ER2005.DataAccess.ERDAProfilo_contratto_bil"/>
      <object id="Profilo_prev" objectType="ER2005.DataAccess.ERDAProfilo_prev"/>
      <object id="Profilo_tipo_mis" objectType="ER2005.DataAccess.ERDAProfilo_tipo_mis"/>
      <object id="Programma_bil" objectType="ER2005.DataAccess.ERDAProgramma_bil"/>
      <object id="Provincia" objectType="ER2005.DataAccess.ERDAProvincia"/>
      <object id="Pun" objectType="ER2005.DataAccess.ERDAPun"/>
      <object id="Qualita_Ditta" objectType="ER2005.DataAccess.ERDAQualita_Ditta"/>
      <object id="Query" objectType="ER2005.DataAccess.ERDAQuery"/>
      <object id="Regione" objectType="ER2005.DataAccess.ERDARegione"/>
      <object id="Rel_banca_cliente" objectType="ER2005.DataAccess.ERDARel_banca_cliente"/>
      <object id="Rel_banca_fornitore" objectType="ER2005.DataAccess.ERDARel_banca_fornitore"/>
      <object id="Rel_banca_sito" objectType="ER2005.DataAccess.ERDARel_banca_sito"/>
      <object id="Rel_bil_fascia" objectType="ER2005.DataAccess.ERDARel_bil_fascia"/>
      <object id="Rel_bil_forcli" objectType="ER2005.DataAccess.ERDARel_bil_forcli"/>
      <object id="Rel_bil_pot" objectType="ER2005.DataAccess.ERDARel_bil_pot"/>
      <object id="Rel_bil_uca" objectType="ER2005.DataAccess.ERDARel_bil_uca"/>
      <object id="Rel_bil_upa" objectType="ER2005.DataAccess.ERDARel_bil_upa"/>
      <object id="Rel_Cliente_Associato" objectType="ER2005.DataAccess.ERDARel_Cliente_Associato"/>
      <object id="Rel_cliente_contratto" objectType="ER2005.DataAccess.ERDARel_cliente_contratto"/>
      <object id="Rel_cli_contr_sca" objectType="ER2005.DataAccess.ERDARel_cli_contr_sca"/>
      <object id="Rel_consorzio_contratto" objectType="ER2005.DataAccess.ERDARel_consorzio_contratto"/>
      <object id="Rel_contratto_sito" objectType="ER2005.DataAccess.ERDARel_contratto_sito"/>
      <object id="Rel_contr_opziono" objectType="ER2005.DataAccess.ERDARel_contr_opziono"/>
      <object id="Rel_contr_sca" objectType="ER2005.DataAccess.ERDARel_contr_sca"/>
      <object id="Rel_contr_sito_servizio" objectType="ER2005.DataAccess.ERDARel_contr_sito_servizio"/>
      <object id="Rel_cp_mese" objectType="ER2005.DataAccess.ERDARel_cp_mese"/>
      <object id="Rel_distributore_zona" objectType="ER2005.DataAccess.ERDARel_distributore_zona"/>
      <object id="Rel_factor_divisa" objectType="ER2005.DataAccess.ERDARel_factor_divisa"/>
      <object id="Rel_factor_nazione" objectType="ER2005.DataAccess.ERDARel_factor_nazione"/>
      <object id="Rel_fk_external" objectType="ER2005.DataAccess.ERDARel_fk_external"/>
      <object id="Rel_fornitore_opztar" objectType="ER2005.DataAccess.ERDARel_fornitore_opztar"/>
      <object id="Rel_for_contratto" objectType="ER2005.DataAccess.ERDARel_for_contratto"/>
      <object id="Rel_for_contratto2" objectType="ER2005.DataAccess.ERDARel_for_contratto2"/>
      <object id="Rel_for_contr_sca" objectType="ER2005.DataAccess.ERDARel_for_contr_sca"/>
      <object id="Rel_for_opztar_quota" objectType="ER2005.DataAccess.ERDARel_for_opztar_quota"/>
      <object id="Rel_gruppo_contratto" objectType="ER2005.DataAccess.ERDARel_gruppo_contratto"/>
      <object id="Rel_linea_factor" objectType="ER2005.DataAccess.ERDARel_linea_factor"/>
      <object id="Rel_offerta_sito" objectType="ER2005.DataAccess.ERDARel_offerta_sito"/>
      <object id="Rel_pia_contratto" objectType="ER2005.DataAccess.ERDARel_pia_contratto"/>
      <object id="Rel_pia_sito" objectType="ER2005.DataAccess.ERDARel_pia_sito"/>
      <object id="Rel_segmento_tipo" objectType="ER2005.DataAccess.ERDARel_segmento_tipo"/>
      <object id="Rel_sito_contr_sca" objectType="ER2005.DataAccess.ERDARel_sito_contr_sca"/>
      <object id="Rel_sito_fornitura" objectType="ER2005.DataAccess.ERDARel_sito_fornitura"/>
      <object id="Rel_sito_uca" objectType="ER2005.DataAccess.ERDARel_sito_uca"/>
      <object id="Rel_sito_upa" objectType="ER2005.DataAccess.ERDARel_sito_upa"/>
      <object id="Rel_tipocontr_costo" objectType="ER2005.DataAccess.ERDARel_tipocontr_costo"/>
      <object id="Rel_tipostru_opzbil" objectType="ER2005.DataAccess.ERDARel_tipostru_opzbil"/>
      <object id="Rel_upa_pot" objectType="ER2005.DataAccess.ERDARel_upa_pot"/>
      <object id="Rel_Utente_Ruolo" objectType="ER2005.DataAccess.ERDARel_Utente_Ruolo"/>
      <object id="Rel_zona_provincia" objectType="ER2005.DataAccess.ERDARel_zona_provincia"/>
      <object id="Report_fattura_edi" objectType="ER2005.DataAccess.ERDAReport_fattura_edi"/>
      <object id="Report_rid" objectType="ER2005.DataAccess.ERDAReport_rid"/>
      <object id="Rf_fascia" objectType="ER2005.DataAccess.ERDARf_fascia"/>
      <object id="Ribor" objectType="ER2005.DataAccess.ERDARibor"/>
      <object id="Rif_iniziale_trasp" objectType="ER2005.DataAccess.ERDARif_iniziale_trasp"/>
      <object id="Ripartizione_potenza" objectType="ER2005.DataAccess.ERDARipartizione_potenza"/>
      <object id="Risultato_mercato" objectType="ER2005.DataAccess.ERDARisultato_mercato"/>
      <object id="Sbilanciamento" objectType="ER2005.DataAccess.ERDASbilanciamento"/>
      <object id="Sbilanciamento_onere" objectType="ER2005.DataAccess.ERDASbilanciamento_onere"/>
      <object id="Sbilanciamento_qta" objectType="ER2005.DataAccess.ERDASbilanciamento_qta"/>
      <object id="Sbil_uca" objectType="ER2005.DataAccess.ERDASbil_uca"/>
      <object id="Sbil_upa" objectType="ER2005.DataAccess.ERDASbil_upa"/>
      <object id="Scadenza_pag" objectType="ER2005.DataAccess.ERDAScadenza_pag"/>
      <object id="Sec_funzione" objectType="ER2005.DataAccess.ERDASec_funzione"/>
      <object id="Sec_gruppo" objectType="ER2005.DataAccess.ERDASec_gruppo"/>
      <object id="Sec_oggetto_visibile" objectType="ER2005.DataAccess.ERDASec_oggetto_visibile"/>
      <object id="Sec_rel_funz_azione" objectType="ER2005.DataAccess.ERDASec_rel_funz_azione"/>
      <object id="Sec_rel_gruppo_linea" objectType="ER2005.DataAccess.ERDASec_rel_gruppo_linea"/>
      <object id="Sec_rel_gru_funz" objectType="ER2005.DataAccess.ERDASec_rel_gru_funz"/>
      <object id="Sec_utente" objectType="ER2005.DataAccess.ERDASec_utente"/>
      <object id="Sec_utente_filtro" objectType="ER2005.DataAccess.ERDASec_utente_filtro"/>
      <object id="Sec_wkfl_utente" objectType="ER2005.DataAccess.ERDASec_wkfl_utente"/>
      <object id="Segmento_mercato" objectType="ER2005.DataAccess.ERDASegmento_mercato"/>
      <object id="Settore_attivita" objectType="ER2005.DataAccess.ERDASettore_attivita"/>
      <object id="Sistema_contabilita" objectType="ER2005.DataAccess.ERDASistema_contabilita"/>
      <object id="Sito" objectType="ER2005.DataAccess.ERDASito"/>
      <object id="Sito_potenza_mensile" objectType="ER2005.DataAccess.ERDASito_potenza_mensile"/>
      <object id="Sito_tabella_a" objectType="ER2005.DataAccess.ERDASito_tabella_a"/>
      <object id="Sottosettore_attivita" objectType="ER2005.DataAccess.ERDASottosettore_attivita"/>
      <object id="Stato_offerta" objectType="ER2005.DataAccess.ERDAStato_offerta"/>
      <object id="Stato_offerta_mercato" objectType="ER2005.DataAccess.ERDAStato_offerta_mercato"/>
      <object id="Storico_contatto" objectType="ER2005.DataAccess.ERDAStorico_contatto"/>
      <object id="Strumento" objectType="ER2005.DataAccess.ERDAStrumento"/>
      <object id="Strumento_canale" objectType="ER2005.DataAccess.ERDAStrumento_canale"/>
      <object id="Strumento_fascia" objectType="ER2005.DataAccess.ERDAStrumento_fascia"/>
      <object id="Strumento_fattura" objectType="ER2005.DataAccess.ERDAStrumento_fattura"/>
      <object id="Strumento_file" objectType="ER2005.DataAccess.ERDAStrumento_file"/>
      <object id="Strum_rel_aut_dlo" objectType="ER2005.DataAccess.ERDAStrum_rel_aut_dlo"/>
      <object id="Syn_command" objectType="ER2005.DataAccess.ERDASyn_command"/>
      <object id="Syn_log" objectType="ER2005.DataAccess.ERDASyn_log"/>
      <object id="Syn_queue" objectType="ER2005.DataAccess.ERDASyn_queue"/>
      <object id="Syn_status" objectType="ER2005.DataAccess.ERDASyn_status"/>
      <object id="Tipo_comp_conf" objectType="ER2005.DataAccess.ERDATipo_comp_conf"/>
      <object id="Tipo_comp_vinc" objectType="ER2005.DataAccess.ERDATipo_comp_vinc"/>
      <object id="Tipo_contatto" objectType="ER2005.DataAccess.ERDATipo_contatto"/>
      <object id="Tipo_contratto" objectType="ER2005.DataAccess.ERDATipo_contratto"/>
      <object id="Tipo_dato_report" objectType="ER2005.DataAccess.ERDATipo_dato_report"/>
      <object id="Tipo_doc_contatto" objectType="ER2005.DataAccess.ERDATipo_doc_contatto"/>
      <object id="Tipo_documento" objectType="ER2005.DataAccess.ERDATipo_documento"/>
      <object id="Tipo_emissione_fattura" objectType="ER2005.DataAccess.ERDATipo_emissione_fattura"/>
      <object id="Tipo_fascia" objectType="ER2005.DataAccess.ERDATipo_fascia"/>
      <object id="Tipo_fascia_oraria" objectType="ER2005.DataAccess.ERDATipo_fascia_oraria"/>
      <object id="Tipo_fornitore" objectType="ER2005.DataAccess.ERDATipo_fornitore"/>
      <object id="Tipo_fornitura" objectType="ER2005.DataAccess.ERDATipo_fornitura"/>
      <object id="Tipo_immobile" objectType="ER2005.DataAccess.ERDATipo_immobile"/>
      <object id="Tipo_indice" objectType="ER2005.DataAccess.ERDATipo_indice"/>
      <object id="Tipo_lettera" objectType="ER2005.DataAccess.ERDATipo_lettera"/>
      <object id="Tipo_lettura" objectType="ER2005.DataAccess.ERDATipo_lettura"/>
      <object id="Tipo_mercato" objectType="ER2005.DataAccess.ERDATipo_mercato"/>
      <object id="Tipo_misura" objectType="ER2005.DataAccess.ERDATipo_misura"/>
      <object id="Tipo_penale" objectType="ER2005.DataAccess.ERDATipo_penale"/>
      <object id="Tipo_prodotto" objectType="ER2005.DataAccess.ERDATipo_prodotto"/>
      <object id="Tipo_profilo" objectType="ER2005.DataAccess.ERDATipo_profilo"/>
      <object id="Tipo_sbilanciamento" objectType="ER2005.DataAccess.ERDATipo_sbilanciamento"/>
      <object id="Tipo_servizio" objectType="ER2005.DataAccess.ERDATipo_servizio"/>
      <object id="Tipo_strumento" objectType="ER2005.DataAccess.ERDATipo_strumento"/>
      <object id="Tipo_tensione" objectType="ER2005.DataAccess.ERDATipo_tensione"/>
      <object id="Tipo_tensione_periodo" objectType="ER2005.DataAccess.ERDATipo_tensione_periodo"/>
      <object id="Tipo_upa" objectType="ER2005.DataAccess.ERDATipo_upa"/>
      <object id="Trigger_campo" objectType="ER2005.DataAccess.ERDATrigger_campo"/>
      <object id="Trigger_costante" objectType="ER2005.DataAccess.ERDATrigger_costante"/>
      <object id="Trigger_tabella" objectType="ER2005.DataAccess.ERDATrigger_tabella"/>
      <object id="Uc5_fascia" objectType="ER2005.DataAccess.ERDAUc5_fascia"/>
      <object id="Uca_esterna" objectType="ER2005.DataAccess.ERDAUca_esterna"/>
      <object id="Unita_consumo_aggr" objectType="ER2005.DataAccess.ERDAUnita_consumo_aggr"/>
      <object id="Unita_misura" objectType="ER2005.DataAccess.ERDAUnita_misura"/>
      <object id="Unita_produzione_aggr" objectType="ER2005.DataAccess.ERDAUnita_produzione_aggr"/>
      <object id="Unita_servizio" objectType="ER2005.DataAccess.ERDAUnita_servizio"/>
      <object id="Unita_tempo" objectType="ER2005.DataAccess.ERDAUnita_tempo"/>
      <object id="Unita_utilizzo" objectType="ER2005.DataAccess.ERDAUnita_utilizzo"/>
      <object id="Upa_esterna" objectType="ER2005.DataAccess.ERDAUpa_esterna"/>
      <object id="Val_cca" objectType="ER2005.DataAccess.ERDAVal_cca"/>
      <object id="Val_componente_vincolato" objectType="ER2005.DataAccess.ERDAVal_componente_vincolato"/>
      <object id="Ve" objectType="ER2005.DataAccess.ERDAVe"/>
      <object id="Visita_agente" objectType="ER2005.DataAccess.ERDAVisita_agente"/>
      <object id="Voce_costo" objectType="ER2005.DataAccess.ERDAVoce_costo"/>
      <object id="Voce_previsionale" objectType="ER2005.DataAccess.ERDAVoce_previsionale"/>
      <object id="Wkfl_firma" objectType="ER2005.DataAccess.ERDAWkfl_firma"/>
      <object id="Wkfl_percorso" objectType="ER2005.DataAccess.ERDAWkfl_percorso"/>
      <object id="Wkfl_tipo_percorso" objectType="ER2005.DataAccess.ERDAWkfl_tipo_percorso"/>
      <object id="Xml_impexp_flusso" objectType="ER2005.DataAccess.ERDAXml_impexp_flusso"/>
      <object id="Xml_impexp_tipo" objectType="ER2005.DataAccess.ERDAXml_impexp_tipo"/>
      <object id="Xml_input_dir" objectType="ER2005.DataAccess.ERDAXml_input_dir"/>
      <object id="Xml_job" objectType="ER2005.DataAccess.ERDAXml_job"/>
      <object id="Xml_log" objectType="ER2005.DataAccess.ERDAXml_log"/>
      <object id="Xref_fk_external" objectType="ER2005.DataAccess.ERDAXref_fk_external"/>
      <object id="Zi" objectType="ER2005.DataAccess.ERDAZi"/>
      <object id="Zona_elettrica" objectType="ER2005.DataAccess.ERDAZona_elettrica"/>

      <object id="Rel_prodotto_associazioni" objectType="ER2005.DataAccess.ERDARel_prodotto_associazioni"/>
      <object id="Gas_valid_area_tariffa" objectType="ER2005.DataAccess.ERDAGas_valid_area_tariffa"/>
      <object id="Gas_valid_punto_tariffa" objectType="ER2005.DataAccess.ERDAGas_valid_punto_tariffa"/>
      <object id="Cb_abbattimento_tep" objectType="ER2005.DataAccess.ERDACb_abbattimento_tep"/>
      <object id="Cb_valorizzato" objectType="ER2005.DataAccess.ERDACb_valorizzato"/>
      <object id="Cb_storico_tep" objectType="ER2005.DataAccess.ERDACb_storico_tep"/>
      <object id="Prezzo_orario" objectType="ER2005.DataAccess.ERDAPrezzo_orario"/>
      <object id="Ip_fg_ora_as" objectType="ER2005.DataAccess.ERDAIp_fg_ora_as"/>
      <object id="Ip_fg_minuto_shift" objectType="ER2005.DataAccess.ERDAIp_fg_minuto_shift"/>
      <object id="Tipo_centro_stampa" objectType="ER2005.DataAccess.ERDATipo_centro_stampa"/>
      <object id="Tipo_mora" objectType="ER2005.DataAccess.ERDATipo_mora"/>
      <object id="Caricamento_edi" objectType="ER2005.DataAccess.ERDACaricamento_edi"/>
      <object id="Gas_scost_penale" objectType="ER2005.DataAccess.ERDAGas_scost_penale"/>
      <object id="Gas_range_scost_penale" objectType="ER2005.DataAccess.ERDAGas_range_scost_penale"/>
      <object id="Gas_contratto_prec" objectType="ER2005.DataAccess.ERDAGas_contratto_prec"/>
      <object id="Tipo_richiesta" objectType="ER2005.DataAccess.ERDATipo_richiesta"/>
      <object id="Stato_richiesta" objectType="ER2005.DataAccess.ERDAStato_richiesta"/>
      <object id="Come_conosciuto" objectType="ER2005.DataAccess.ERDACome_conosciuto"/>
      <object id="Richiesta_cliente" objectType="ER2005.DataAccess.ERDARichiesta_cliente"/>
      <object id="Richiesta_cliente_corr" objectType="ER2005.DataAccess.ERDARichiesta_cliente_corr"/>
      <object id="Rel_cliente_prenotazione" objectType="ER2005.DataAccess.ERDARel_cliente_prenotazione"/>
      <object id="Categoria_richiesta" objectType="ER2005.DataAccess.ERDACategoria_richiesta"/>
      <object id="Contratto_mora" objectType="ER2005.DataAccess.ERDAContratto_mora"/>
      <object id="Associato_in_associazione" objectType="ER2005.DataAccess.ERDAAssociato_in_associazione"/>
      <object id="Iva_contr_periodica_var" objectType="ER2005.DataAccess.ERDAIva_contr_periodica_var"/>
      <object id="Indirizzo" objectType="ER2005.DataAccess.ERDAIndirizzo"/>
      <object id="Adeguamento_distributore" objectType="ER2005.DataAccess.ERDAAdeguamento_distributore"/>
      <object id="Tipo_reclamo" objectType="ER2005.DataAccess.ERDATipo_reclamo"/>
      <object id="Reclamo_cliente" objectType="ER2005.DataAccess.ERDAReclamo_cliente"/>
      <object id="Carta" objectType="ER2005.DataAccess.ERDACarta"/>
      <object id="Carta_var" objectType="ER2005.DataAccess.ERDACarta_var"/>
      <object id="Autolettura" objectType="ER2005.DataAccess.ERDAAutolettura"/>
      <object id="Lettura_periodica" objectType="ER2005.DataAccess.ERDALettura_periodica"/>
      <object id="Cliente_var" objectType="ER2005.DataAccess.ERDACliente_var"/>
      <object id="Sito_var" objectType="ER2005.DataAccess.ERDASito_var"/>
      <object id="Contatto_var" objectType="ER2005.DataAccess.ERDAContatto_var"/>
      <object id="Strumento_var" objectType="ER2005.DataAccess.ERDAStrumento_var"/>
      <object id="Immobile_terreno_var" objectType="ER2005.DataAccess.ERDAImmobile_terreno_var"/>
      <object id="Banca_var" objectType="ER2005.DataAccess.ERDABanca_var"/>
      <object id="Tipo_carta" objectType="ER2005.DataAccess.ERDATipo_carta"/>
    </assembly>
    <assembly name="ERDBOracle">
      <object id="Agente_provvigione" objectType="ER2005.DataBase.Oracle.ERDBORAAgente_provvigione"/>
      <object id="Agente_val_provvigione" objectType="ER2005.DataBase.Oracle.ERDBORAAgente_val_provvigione"/>
      <object id="Allineamento_rid" objectType="ER2005.DataBase.Oracle.ERDBORAAllineamento_rid"/>
      <object id="Analisi_risparmio" objectType="ER2005.DataBase.Oracle.ERDBORAAnalisi_risparmio"/>
      <object id="Anno_gratis" objectType="ER2005.DataBase.Oracle.ERDBORAAnno_gratis"/>
      <object id="Associazione" objectType="ER2005.DataBase.Oracle.ERDBORAAssociazione"/>
      <object id="Banca" objectType="ER2005.DataBase.Oracle.ERDBORABanca"/>
      <object id="Banca_all_rid" objectType="ER2005.DataBase.Oracle.ERDBORABanca_all_rid"/>
      <object id="Banca_saldo" objectType="ER2005.DataBase.Oracle.ERDBORABanca_saldo"/>
      <object id="Banda_energia" objectType="ER2005.DataBase.Oracle.ERDBORABanda_energia"/>
      <object id="Base" objectType="ER2005.DataBase.Oracle.ERDBORABase"/>
      <object id="Bf_fascia" objectType="ER2005.DataBase.Oracle.ERDBORABf_fascia"/>
      <object id="Bh_fascia" objectType="ER2005.DataBase.Oracle.ERDBORABh_fascia"/>
      <object id="Bilaterale" objectType="ER2005.DataBase.Oracle.ERDBORABilaterale"/>
      <object id="Bilaterale_esterno" objectType="ER2005.DataBase.Oracle.ERDBORABilaterale_esterno"/>
      <object id="Bilaterale_val_rif" objectType="ER2005.DataBase.Oracle.ERDBORABilaterale_val_rif"/>
      <object id="Calendario_fascia" objectType="ER2005.DataBase.Oracle.ERDBORACalendario_fascia"/>
      <object id="Calendario_sito" objectType="ER2005.DataBase.Oracle.ERDBORACalendario_sito"/>
      <object id="Cambio_dollaro" objectType="ER2005.DataBase.Oracle.ERDBORACambio_dollaro"/>
      <object id="Categoria_cliente" objectType="ER2005.DataBase.Oracle.ERDBORACategoria_cliente"/>
      <object id="Categoria_contatto" objectType="ER2005.DataBase.Oracle.ERDBORACategoria_contatto"/>
      <object id="Causale_movimento" objectType="ER2005.DataBase.Oracle.ERDBORACausale_movimento"/>
      <object id="Cca" objectType="ER2005.DataBase.Oracle.ERDBORACca"/>
      <object id="Cip6" objectType="ER2005.DataBase.Oracle.ERDBORACip6"/>
      <object id="Cliente" objectType="ER2005.DataBase.Oracle.ERDBORACliente"/>
      <object id="Cliente_DOM_Attesa" objectType="ER2005.DataBase.Oracle.ERDBORACliente_DOM_Attesa"/>
      <object id="Cliente_factor" objectType="ER2005.DataBase.Oracle.ERDBORACliente_factor"/>
      <object id="Cliente_generico" objectType="ER2005.DataBase.Oracle.ERDBORACliente_generico"/>
      <object id="Cliente_opz_contr" objectType="ER2005.DataBase.Oracle.ERDBORACliente_opz_contr"/>
      <object id="Cliente_opz_contr_wrk" objectType="ER2005.DataBase.Oracle.ERDBORACliente_opz_contr_wrk"/>
      <object id="Codice_abi" objectType="ER2005.DataBase.Oracle.ERDBORACodice_abi"/>
      <object id="Codice_cab" objectType="ER2005.DataBase.Oracle.ERDBORACodice_cab"/>
      <object id="Codice_cap" objectType="ER2005.DataBase.Oracle.ERDBORACodice_cap"/>
      <object id="Codice_iva_gme" objectType="ER2005.DataBase.Oracle.ERDBORACodice_iva_gme"/>
      <object id="Cod_provvigione" objectType="ER2005.DataBase.Oracle.ERDBORACod_provvigione"/>
      <object id="Coeff_grtn_imp" objectType="ER2005.DataBase.Oracle.ERDBORACoeff_grtn_imp"/>
      <object id="Coeff_import_reale" objectType="ER2005.DataBase.Oracle.ERDBORACoeff_import_reale"/>
      <object id="Coeff_potenza" objectType="ER2005.DataBase.Oracle.ERDBORACoeff_potenza"/>
      <object id="Componente_vincolato" objectType="ER2005.DataBase.Oracle.ERDBORAComponente_vincolato"/>
      <object id="Comune" objectType="ER2005.DataBase.Oracle.ERDBORAComune"/>
      <object id="Consorzio" objectType="ER2005.DataBase.Oracle.ERDBORAConsorzio"/>
      <object id="Consumo_previsionale" objectType="ER2005.DataBase.Oracle.ERDBORAConsumo_previsionale"/>
      <object id="Contatore" objectType="ER2005.DataBase.Oracle.ERDBORAContatore"/>
      <object id="Contatto" objectType="ER2005.DataBase.Oracle.ERDBORAContatto"/>
      <object id="Contratto" objectType="ER2005.DataBase.Oracle.ERDBORAContratto"/>
      <object id="Contratto_scambio" objectType="ER2005.DataBase.Oracle.ERDBORAContratto_scambio"/>
      <object id="Contratto_sito" objectType="ER2005.DataBase.Oracle.ERDBORAContratto_sito"/>
      <object id="Contributo_gestionale" objectType="ER2005.DataBase.Oracle.ERDBORAContributo_gestionale"/>
      <object id="Contributo_scaglione" objectType="ER2005.DataBase.Oracle.ERDBORAContributo_scaglione"/>
      <object id="Cont_cliente_conto" objectType="ER2005.DataBase.Oracle.ERDBORACont_cliente_conto"/>
      <object id="Cont_decodifica" objectType="ER2005.DataBase.Oracle.ERDBORACont_decodifica"/>
      <object id="Corrispondenza" objectType="ER2005.DataBase.Oracle.ERDBORACorrispondenza"/>
      <object id="Crm_argomento" objectType="ER2005.DataBase.Oracle.ERDBORACrm_argomento"/>
      <object id="Crm_stato" objectType="ER2005.DataBase.Oracle.ERDBORACrm_stato"/>
      <object id="Ct" objectType="ER2005.DataBase.Oracle.ERDBORACt"/>
      <object id="Ct_prev" objectType="ER2005.DataBase.Oracle.ERDBORACt_prev"/>
      <object id="Datalogger" objectType="ER2005.DataBase.Oracle.ERDBORADatalogger"/>
      <object id="Dato_datalogger" objectType="ER2005.DataBase.Oracle.ERDBORADato_datalogger"/>
      <object id="Dato_dinamico_sap" objectType="ER2005.DataBase.Oracle.ERDBORADato_dinamico_sap"/>
      <object id="Dato_grafico" objectType="ER2005.DataBase.Oracle.ERDBORADato_grafico"/>
      <object id="Dato_input_report" objectType="ER2005.DataBase.Oracle.ERDBORADato_input_report"/>
      <object id="Dato_report_consumo" objectType="ER2005.DataBase.Oracle.ERDBORADato_report_consumo"/>
      <object id="Dato_report_fattura" objectType="ER2005.DataBase.Oracle.ERDBORADato_report_fattura"/>
      <object id="Dato_report_fattura2" objectType="ER2005.DataBase.Oracle.ERDBORADato_report_fattura2"/>
      <object id="Dato_report_mensile" objectType="ER2005.DataBase.Oracle.ERDBORADato_report_mensile"/>
      <object id="Denuncia_sito_utf" objectType="ER2005.DataBase.Oracle.ERDBORADenuncia_sito_utf"/>
      <object id="Deposito_cauzionale" objectType="ER2005.DataBase.Oracle.ERDBORADeposito_cauzionale"/>
      <object id="Det_offerta" objectType="ER2005.DataBase.Oracle.ERDBORADet_offerta"/>
      <object id="Det_quota_opztar" objectType="ER2005.DataBase.Oracle.ERDBORADet_quota_opztar"/>
      <object id="Dichiarazione_utf" objectType="ER2005.DataBase.Oracle.ERDBORADichiarazione_utf"/>
      <object id="Disponibilita_gas" objectType="ER2005.DataBase.Oracle.ERDBORADisponibilita_gas"/>
      <object id="Distributore_rif" objectType="ER2005.DataBase.Oracle.ERDBORADistributore_rif"/>
      <object id="Dis_fascia" objectType="ER2005.DataBase.Oracle.ERDBORADis_fascia"/>
      <object id="Divisa" objectType="ER2005.DataBase.Oracle.ERDBORADivisa"/>
      <object id="Download_log" objectType="ER2005.DataBase.Oracle.ERDBORADownload_log"/>
      <object id="Download_obj" objectType="ER2005.DataBase.Oracle.ERDBORADownload_obj"/>
      <object id="Edi_xref" objectType="ER2005.DataBase.Oracle.ERDBORAEdi_xref"/>
      <object id="Energia_annua" objectType="ER2005.DataBase.Oracle.ERDBORAEnergia_annua"/>
      <object id="Energia_fascia" objectType="ER2005.DataBase.Oracle.ERDBORAEnergia_fascia"/>
      <object id="Energia_segmento" objectType="ER2005.DataBase.Oracle.ERDBORAEnergia_segmento"/>
      <object id="Eseguibile_esterno" objectType="ER2005.DataBase.Oracle.ERDBORAEseguibile_esterno"/>
      <object id="Esenzione_iva" objectType="ER2005.DataBase.Oracle.ERDBORAEsenzione_iva"/>
      <object id="Factor" objectType="ER2005.DataBase.Oracle.ERDBORAFactor"/>
      <object id="Fascia_oraria" objectType="ER2005.DataBase.Oracle.ERDBORAFascia_oraria"/>
      <object id="Fascia_oraria_range" objectType="ER2005.DataBase.Oracle.ERDBORAFascia_oraria_range"/>
      <object id="Fascia_periodo" objectType="ER2005.DataBase.Oracle.ERDBORAFascia_periodo"/>
      <object id="Fattura_consumo" objectType="ER2005.DataBase.Oracle.ERDBORAFattura_consumo"/>
      <object id="Fattura_generica" objectType="ER2005.DataBase.Oracle.ERDBORAFattura_generica"/>
      <object id="Fattura_riga" objectType="ER2005.DataBase.Oracle.ERDBORAFattura_riga"/>
      <object id="Fattura_riga2" objectType="ER2005.DataBase.Oracle.ERDBORAFattura_riga2"/>
      <object id="Fattura_testata" objectType="ER2005.DataBase.Oracle.ERDBORAFattura_testata"/>
      <object id="Fidejussione" objectType="ER2005.DataBase.Oracle.ERDBORAFidejussione"/>
      <object id="File_xml_borsa" objectType="ER2005.DataBase.Oracle.ERDBORAFile_xml_borsa"/>
      <object id="Fornitore" objectType="ER2005.DataBase.Oracle.ERDBORAFornitore"/>
      <object id="Fornitura_terzi" objectType="ER2005.DataBase.Oracle.ERDBORAFornitura_terzi"/>
      <object id="Forn_prezzo_periodico" objectType="ER2005.DataBase.Oracle.ERDBORAForn_prezzo_periodico"/>
      <object id="Forn_val_prezzo_periodico" objectType="ER2005.DataBase.Oracle.ERDBORAForn_val_prezzo_periodico"/>
      <object id="Frequenza_pag" objectType="ER2005.DataBase.Oracle.ERDBORAFrequenza_pag"/>
      <object id="Garanzia_potenza" objectType="ER2005.DataBase.Oracle.ERDBORAGaranzia_potenza"/>
      <object id="Gas_accisa" objectType="ER2005.DataBase.Oracle.ERDBORAGas_accisa"/>
      <object id="Gas_add_regionale" objectType="ER2005.DataBase.Oracle.ERDBORAGas_add_regionale"/>
      <object id="Gas_anno_termico" objectType="ER2005.DataBase.Oracle.ERDBORAGas_anno_termico"/>
      <object id="Gas_area_prelievo" objectType="ER2005.DataBase.Oracle.ERDBORAGas_area_prelievo"/>
      <object id="Gas_area_tariffa" objectType="ER2005.DataBase.Oracle.ERDBORAGas_area_tariffa"/>
      <object id="Gas_btz" objectType="ER2005.DataBase.Oracle.ERDBORAGas_btz"/>
      <object id="Gas_capacita_punto" objectType="ER2005.DataBase.Oracle.ERDBORAGas_capacita_punto"/>
      <object id="Gas_classe_contratto" objectType="ER2005.DataBase.Oracle.ERDBORAGas_classe_contratto"/>
      <object id="Gas_classe_corr" objectType="ER2005.DataBase.Oracle.ERDBORAGas_classe_corr"/>
      <object id="Gas_classe_det" objectType="ER2005.DataBase.Oracle.ERDBORAGas_classe_det"/>
      <object id="Gas_classe_magg" objectType="ER2005.DataBase.Oracle.ERDBORAGas_classe_magg"/>
      <object id="Gas_classe_stock" objectType="ER2005.DataBase.Oracle.ERDBORAGas_classe_stock"/>
      <object id="Gas_classe_validita" objectType="ER2005.DataBase.Oracle.ERDBORAGas_classe_validita"/>
      <object id="Gas_coeff_indiciz" objectType="ER2005.DataBase.Oracle.ERDBORAGas_coeff_indiciz"/>
      <object id="Gas_contratto_rete" objectType="ER2005.DataBase.Oracle.ERDBORAGas_contratto_rete"/>
      <object id="Gas_cor_fisso" objectType="ER2005.DataBase.Oracle.ERDBORAGas_cor_fisso"/>
      <object id="Gas_cor_rrg" objectType="ER2005.DataBase.Oracle.ERDBORAGas_cor_rrg"/>
      <object id="Gas_cor_variabile" objectType="ER2005.DataBase.Oracle.ERDBORAGas_cor_variabile"/>
      <object id="Gas_duns" objectType="ER2005.DataBase.Oracle.ERDBORAGas_duns"/>
      <object id="Gas_gasolio" objectType="ER2005.DataBase.Oracle.ERDBORAGas_gasolio"/>
      <object id="Gas_misura_forn" objectType="ER2005.DataBase.Oracle.ERDBORAGas_misura_forn"/>
      <object id="Gas_misura_pe" objectType="ER2005.DataBase.Oracle.ERDBORAGas_misura_pe"/>
      <object id="Gas_misura_stoc" objectType="ER2005.DataBase.Oracle.ERDBORAGas_misura_stoc"/>
      <object id="Gas_parametro" objectType="ER2005.DataBase.Oracle.ERDBORAGas_parametro"/>
      <object id="Gas_pcs_standard" objectType="ER2005.DataBase.Oracle.ERDBORAGas_pcs_standard"/>
      <object id="Gas_prev_stock" objectType="ER2005.DataBase.Oracle.ERDBORAGas_prev_stock"/>
      <object id="Gas_punto_entrata" objectType="ER2005.DataBase.Oracle.ERDBORAGas_punto_entrata"/>
      <object id="Gas_punto_riconsegna" objectType="ER2005.DataBase.Oracle.ERDBORAGas_punto_riconsegna"/>
      <object id="Gas_punto_tariffa" objectType="ER2005.DataBase.Oracle.ERDBORAGas_punto_tariffa"/>
      <object id="Gas_qnt_stock" objectType="ER2005.DataBase.Oracle.ERDBORAGas_qnt_stock"/>
      <object id="Gas_range_prev_stock" objectType="ER2005.DataBase.Oracle.ERDBORAGas_range_prev_stock"/>
      <object id="Gas_range_scost" objectType="ER2005.DataBase.Oracle.ERDBORAGas_range_scost"/>
      <object id="Gas_rel_pe_contr" objectType="ER2005.DataBase.Oracle.ERDBORAGas_rel_pe_contr"/>
      <object id="Gas_rete" objectType="ER2005.DataBase.Oracle.ERDBORAGas_rete"/>
      <object id="Gas_riduzione_stock" objectType="ER2005.DataBase.Oracle.ERDBORAGas_riduzione_stock"/>
      <object id="Gas_scostamento" objectType="ER2005.DataBase.Oracle.ERDBORAGas_scostamento"/>
      <object id="Gas_tariffa_stoc" objectType="ER2005.DataBase.Oracle.ERDBORAGas_tariffa_stoc"/>
      <object id="Gas_tipo_gas" objectType="ER2005.DataBase.Oracle.ERDBORAGas_tipo_gas"/>
      <object id="Gas_tipo_rete" objectType="ER2005.DataBase.Oracle.ERDBORAGas_tipo_rete"/>
      <object id="Gas_voce_stoc" objectType="ER2005.DataBase.Oracle.ERDBORAGas_voce_stoc"/>
      <object id="Giorno_gratis" objectType="ER2005.DataBase.Oracle.ERDBORAGiorno_gratis"/>
      <object id="Gruppo" objectType="ER2005.DataBase.Oracle.ERDBORAGruppo"/>
      <object id="Immobile_terreno" objectType="ER2005.DataBase.Oracle.ERDBORAImmobile_terreno"/>
      <object id="Imposta_erariale" objectType="ER2005.DataBase.Oracle.ERDBORAImposta_erariale"/>
      <object id="Imposta_periodica" objectType="ER2005.DataBase.Oracle.ERDBORAImposta_periodica"/>
      <object id="Imposta_provinciale" objectType="ER2005.DataBase.Oracle.ERDBORAImposta_provinciale"/>
      <object id="Indice" objectType="ER2005.DataBase.Oracle.ERDBORAIndice"/>
      <object id="Indice_raccordo" objectType="ER2005.DataBase.Oracle.ERDBORAIndice_raccordo"/>
      <object id="Indice_val" objectType="ER2005.DataBase.Oracle.ERDBORAIndice_val"/>
      <object id="Indicizzazione" objectType="ER2005.DataBase.Oracle.ERDBORAIndicizzazione"/>
      <object id="Indirizzi" objectType="ER2005.DataBase.Oracle.ERDBORAIndirizzi"/>
      <object id="Iva_contratto" objectType="ER2005.DataBase.Oracle.ERDBORAIva_contratto"/>
      <object id="Iva_contr_periodica" objectType="ER2005.DataBase.Oracle.ERDBORAIva_contr_periodica"/>
      <object id="Iva_contr_vocecosto" objectType="ER2005.DataBase.Oracle.ERDBORAIva_contr_vocecosto"/>
      <object id="Job" objectType="ER2005.DataBase.Oracle.ERDBORAJob"/>
      <object id="Lambda_vincolato" objectType="ER2005.DataBase.Oracle.ERDBORALambda_vincolato"/>
      <object id="Licenza_utf" objectType="ER2005.DataBase.Oracle.ERDBORALicenza_utf"/>
      <object id="Licenza_utf_sito" objectType="ER2005.DataBase.Oracle.ERDBORALicenza_utf_sito"/>
      <object id="Linea_attivita_edf" objectType="ER2005.DataBase.Oracle.ERDBORALinea_attivita_edf"/>
      <object id="Linea_parametro" objectType="ER2005.DataBase.Oracle.ERDBORALinea_parametro"/>
      <object id="Listino_prezzo_fascia" objectType="ER2005.DataBase.Oracle.ERDBORAListino_prezzo_fascia"/>
      <object id="Listino_prezzo_imp" objectType="ER2005.DataBase.Oracle.ERDBORAListino_prezzo_imp"/>
      <object id="Listino_trasp_tensione" objectType="ER2005.DataBase.Oracle.ERDBORAListino_trasp_tensione"/>
      <object id="Loadprofile_coeff" objectType="ER2005.DataBase.Oracle.ERDBORALoadprofile_coeff"/>
      <object id="Loadprofile_pra" objectType="ER2005.DataBase.Oracle.ERDBORALoadprofile_pra"/>
      <object id="Log" objectType="ER2005.DataBase.Oracle.ERDBORALog"/>
      <object id="Logo" objectType="ER2005.DataBase.Oracle.ERDBORALogo"/>
      <object id="Log_invio_file" objectType="ER2005.DataBase.Oracle.ERDBORALog_invio_file"/>
      <object id="Log_qta_negativa" objectType="ER2005.DataBase.Oracle.ERDBORALog_qta_negativa"/>
      <object id="Macro_dettaglio" objectType="ER2005.DataBase.Oracle.ERDBORAMacro_dettaglio"/>
      <object id="Maggiorazione_fascia" objectType="ER2005.DataBase.Oracle.ERDBORAMaggiorazione_fascia"/>
      <object id="Mail_Prodotto" objectType="ER2005.DataBase.Oracle.ERDBORAMail_Prodotto"/>
      <object id="Mailing_list" objectType="ER2005.DataBase.Oracle.ERDBORAMailing_list"/>
      <object id="Margine_base" objectType="ER2005.DataBase.Oracle.ERDBORAMargine_base"/>
      <object id="Margine_base_imp" objectType="ER2005.DataBase.Oracle.ERDBORAMargine_base_imp"/>
      <object id="Mese" objectType="ER2005.DataBase.Oracle.ERDBORAMese"/>
      <object id="Misura" objectType="ER2005.DataBase.Oracle.ERDBORAMisura"/>
      <object id="Misura_gas" objectType="ER2005.DataBase.Oracle.ERDBORAMisura_gas"/>
      <object id="Misura_mensile" objectType="ER2005.DataBase.Oracle.ERDBORAMisura_mensile"/>
      <object id="Misura_totale_gas" objectType="ER2005.DataBase.Oracle.ERDBORAMisura_totale_gas"/>
      <object id="Misura_uca" objectType="ER2005.DataBase.Oracle.ERDBORAMisura_uca"/>
      <object id="Misura_uca_bil" objectType="ER2005.DataBase.Oracle.ERDBORAMisura_uca_bil"/>
      <object id="Misura_upa" objectType="ER2005.DataBase.Oracle.ERDBORAMisura_upa"/>
      <object id="Misura_upa_bil" objectType="ER2005.DataBase.Oracle.ERDBORAMisura_upa_bil"/>
      <object id="Modello_report" objectType="ER2005.DataBase.Oracle.ERDBORAModello_report"/>
      <object id="Modo_pag" objectType="ER2005.DataBase.Oracle.ERDBORAModo_pag"/>
      <object id="Modulo_calcolo" objectType="ER2005.DataBase.Oracle.ERDBORAModulo_calcolo"/>
      <object id="Mora" objectType="ER2005.DataBase.Oracle.ERDBORAMora"/>
      <object id="Movimento" objectType="ER2005.DataBase.Oracle.ERDBORAMovimento"/>
      <object id="Natura_giuridica" objectType="ER2005.DataBase.Oracle.ERDBORANatura_giuridica"/>
      <object id="Nazione" objectType="ER2005.DataBase.Oracle.ERDBORANazione"/>
      <object id="Offerta" objectType="ER2005.DataBase.Oracle.ERDBORAOfferta"/>
      <object id="Offerta_file" objectType="ER2005.DataBase.Oracle.ERDBORAOfferta_file"/>
      <object id="Offerta_mercato" objectType="ER2005.DataBase.Oracle.ERDBORAOfferta_mercato"/>
      <object id="Offerta_revisione" objectType="ER2005.DataBase.Oracle.ERDBORAOfferta_revisione"/>
      <object id="Opzione_bilanciamento" objectType="ER2005.DataBase.Oracle.ERDBORAOpzione_bilanciamento"/>
      <object id="Opzione_contratto" objectType="ER2005.DataBase.Oracle.ERDBORAOpzione_contratto"/>
      <object id="Opzione_contrattuale" objectType="ER2005.DataBase.Oracle.ERDBORAOpzione_contrattuale"/>
      <object id="Opzione_tariffaria" objectType="ER2005.DataBase.Oracle.ERDBORAOpzione_tariffaria"/>
      <object id="Opziono_contrattualo" objectType="ER2005.DataBase.Oracle.ERDBORAOpziono_contrattualo"/>
      <object id="Opztar_tipo_quota" objectType="ER2005.DataBase.Oracle.ERDBORAOpztar_tipo_quota"/>
      <object id="Opztar_tipo_utilizzo" objectType="ER2005.DataBase.Oracle.ERDBORAOpztar_tipo_utilizzo"/>
      <object id="Ora_legale" objectType="ER2005.DataBase.Oracle.ERDBORAOra_legale"/>
      <object id="Package" objectType="ER2005.DataBase.Oracle.ERDBORAPackage"/>
      <object id="Pagamento_factor" objectType="ER2005.DataBase.Oracle.ERDBORAPagamento_factor"/>
      <object id="Parametro_generale" objectType="ER2005.DataBase.Oracle.ERDBORAParametro_generale"/>
      <object id="Parametro_mercato" objectType="ER2005.DataBase.Oracle.ERDBORAParametro_mercato"/>
      <object id="Param_sbil" objectType="ER2005.DataBase.Oracle.ERDBORAParam_sbil"/>
      <object id="Perc_contr_consortile" objectType="ER2005.DataBase.Oracle.ERDBORAPerc_contr_consortile"/>
      <object id="Perc_prezzo_acquisto" objectType="ER2005.DataBase.Oracle.ERDBORAPerc_prezzo_acquisto"/>
      <object id="Pgn_fascia" objectType="ER2005.DataBase.Oracle.ERDBORAPgn_fascia"/>
      <object id="Pia_agente" objectType="ER2005.DataBase.Oracle.ERDBORAPia_agente"/>
      <object id="Pia_perc_agente" objectType="ER2005.DataBase.Oracle.ERDBORAPia_perc_agente"/>
      <object id="Pilota_elab_fatt" objectType="ER2005.DataBase.Oracle.ERDBORAPilota_elab_fatt"/>
      <object id="PrenotazioneContratto" objectType="ER2005.DataBase.Oracle.ERDBORAPrenotazioneContratto"/>
      <object id="Prezzo_contratto" objectType="ER2005.DataBase.Oracle.ERDBORAPrezzo_contratto"/>
      <object id="Prezzo_contratto_alter" objectType="ER2005.DataBase.Oracle.ERDBORAPrezzo_contratto_alter"/>
      <object id="Prezzo_imp_opz_contr" objectType="ER2005.DataBase.Oracle.ERDBORAPrezzo_imp_opz_contr"/>
      <object id="Prezzo_offerta" objectType="ER2005.DataBase.Oracle.ERDBORAPrezzo_offerta"/>
      <object id="Prezzo_offerta_pot" objectType="ER2005.DataBase.Oracle.ERDBORAPrezzo_offerta_pot"/>
      <object id="Prezzo_opz_contr" objectType="ER2005.DataBase.Oracle.ERDBORAPrezzo_opz_contr"/>
      <object id="Prezzo_periodico" objectType="ER2005.DataBase.Oracle.ERDBORAPrezzo_periodico"/>
      <object id="Prezzo_periodico_alter" objectType="ER2005.DataBase.Oracle.ERDBORAPrezzo_periodico_alter"/>
      <object id="Prezzo_potenza_imp" objectType="ER2005.DataBase.Oracle.ERDBORAPrezzo_potenza_imp"/>
      <object id="Prezzo_previsionale" objectType="ER2005.DataBase.Oracle.ERDBORAPrezzo_previsionale"/>
      <object id="Prezzo_sbilanciamenti" objectType="ER2005.DataBase.Oracle.ERDBORAPrezzo_sbilanciamenti"/>
      <object id="Prezzo_servizio_contratto" objectType="ER2005.DataBase.Oracle.ERDBORAPrezzo_servizio_contratto"/>
      <object id="Prezzo_val_periodico" objectType="ER2005.DataBase.Oracle.ERDBORAPrezzo_val_periodico"/>
      <object id="Profilo_contratto_bil" objectType="ER2005.DataBase.Oracle.ERDBORAProfilo_contratto_bil"/>
      <object id="Profilo_prev" objectType="ER2005.DataBase.Oracle.ERDBORAProfilo_prev"/>
      <object id="Profilo_tipo_mis" objectType="ER2005.DataBase.Oracle.ERDBORAProfilo_tipo_mis"/>
      <object id="Programma_bil" objectType="ER2005.DataBase.Oracle.ERDBORAProgramma_bil"/>
      <object id="Provincia" objectType="ER2005.DataBase.Oracle.ERDBORAProvincia"/>
      <object id="Pun" objectType="ER2005.DataBase.Oracle.ERDBORAPun"/>
      <object id="Qualita_Ditta" objectType="ER2005.DataBase.Oracle.ERDBORAQualita_Ditta"/>
      <object id="Query" objectType="ER2005.DataBase.Oracle.ERDBORAQuery"/>
      <object id="Regione" objectType="ER2005.DataBase.Oracle.ERDBORARegione"/>
      <object id="Rel_banca_cliente" objectType="ER2005.DataBase.Oracle.ERDBORARel_banca_cliente"/>
      <object id="Rel_banca_fornitore" objectType="ER2005.DataBase.Oracle.ERDBORARel_banca_fornitore"/>
      <object id="Rel_banca_sito" objectType="ER2005.DataBase.Oracle.ERDBORARel_banca_sito"/>
      <object id="Rel_bil_fascia" objectType="ER2005.DataBase.Oracle.ERDBORARel_bil_fascia"/>
      <object id="Rel_bil_forcli" objectType="ER2005.DataBase.Oracle.ERDBORARel_bil_forcli"/>
      <object id="Rel_bil_pot" objectType="ER2005.DataBase.Oracle.ERDBORARel_bil_pot"/>
      <object id="Rel_bil_uca" objectType="ER2005.DataBase.Oracle.ERDBORARel_bil_uca"/>
      <object id="Rel_bil_upa" objectType="ER2005.DataBase.Oracle.ERDBORARel_bil_upa"/>
      <object id="Rel_Cliente_Associato" objectType="ER2005.DataBase.Oracle.ERDBORARel_Cliente_Associato"/>
      <object id="Rel_cliente_contratto" objectType="ER2005.DataBase.Oracle.ERDBORARel_cliente_contratto"/>
      <object id="Rel_cli_contr_sca" objectType="ER2005.DataBase.Oracle.ERDBORARel_cli_contr_sca"/>
      <object id="Rel_consorzio_contratto" objectType="ER2005.DataBase.Oracle.ERDBORARel_consorzio_contratto"/>
      <object id="Rel_contratto_sito" objectType="ER2005.DataBase.Oracle.ERDBORARel_contratto_sito"/>
      <object id="Rel_contr_opziono" objectType="ER2005.DataBase.Oracle.ERDBORARel_contr_opziono"/>
      <object id="Rel_contr_sca" objectType="ER2005.DataBase.Oracle.ERDBORARel_contr_sca"/>
      <object id="Rel_contr_sito_servizio" objectType="ER2005.DataBase.Oracle.ERDBORARel_contr_sito_servizio"/>
      <object id="Rel_cp_mese" objectType="ER2005.DataBase.Oracle.ERDBORARel_cp_mese"/>
      <object id="Rel_distributore_zona" objectType="ER2005.DataBase.Oracle.ERDBORARel_distributore_zona"/>
      <object id="Rel_factor_divisa" objectType="ER2005.DataBase.Oracle.ERDBORARel_factor_divisa"/>
      <object id="Rel_factor_nazione" objectType="ER2005.DataBase.Oracle.ERDBORARel_factor_nazione"/>
      <object id="Rel_fk_external" objectType="ER2005.DataBase.Oracle.ERDBORARel_fk_external"/>
      <object id="Rel_fornitore_opztar" objectType="ER2005.DataBase.Oracle.ERDBORARel_fornitore_opztar"/>
      <object id="Rel_for_contratto" objectType="ER2005.DataBase.Oracle.ERDBORARel_for_contratto"/>
      <object id="Rel_for_contratto2" objectType="ER2005.DataBase.Oracle.ERDBORARel_for_contratto2"/>
      <object id="Rel_for_contr_sca" objectType="ER2005.DataBase.Oracle.ERDBORARel_for_contr_sca"/>
      <object id="Rel_for_opztar_quota" objectType="ER2005.DataBase.Oracle.ERDBORARel_for_opztar_quota"/>
      <object id="Rel_gruppo_contratto" objectType="ER2005.DataBase.Oracle.ERDBORARel_gruppo_contratto"/>
      <object id="Rel_linea_factor" objectType="ER2005.DataBase.Oracle.ERDBORARel_linea_factor"/>
      <object id="Rel_offerta_sito" objectType="ER2005.DataBase.Oracle.ERDBORARel_offerta_sito"/>
      <object id="Rel_pia_contratto" objectType="ER2005.DataBase.Oracle.ERDBORARel_pia_contratto"/>
      <object id="Rel_pia_sito" objectType="ER2005.DataBase.Oracle.ERDBORARel_pia_sito"/>
      <object id="Rel_segmento_tipo" objectType="ER2005.DataBase.Oracle.ERDBORARel_segmento_tipo"/>
      <object id="Rel_sito_contr_sca" objectType="ER2005.DataBase.Oracle.ERDBORARel_sito_contr_sca"/>
      <object id="Rel_sito_fornitura" objectType="ER2005.DataBase.Oracle.ERDBORARel_sito_fornitura"/>
      <object id="Rel_sito_uca" objectType="ER2005.DataBase.Oracle.ERDBORARel_sito_uca"/>
      <object id="Rel_sito_upa" objectType="ER2005.DataBase.Oracle.ERDBORARel_sito_upa"/>
      <object id="Rel_tipocontr_costo" objectType="ER2005.DataBase.Oracle.ERDBORARel_tipocontr_costo"/>
      <object id="Rel_tipostru_opzbil" objectType="ER2005.DataBase.Oracle.ERDBORARel_tipostru_opzbil"/>
      <object id="Rel_upa_pot" objectType="ER2005.DataBase.Oracle.ERDBORARel_upa_pot"/>
      <object id="Rel_Utente_Ruolo" objectType="ER2005.DataBase.Oracle.ERDBORARel_Utente_Ruolo"/>
      <object id="Rel_zona_provincia" objectType="ER2005.DataBase.Oracle.ERDBORARel_zona_provincia"/>
      <object id="Report_fattura_edi" objectType="ER2005.DataBase.Oracle.ERDBORAReport_fattura_edi"/>
      <object id="Report_rid" objectType="ER2005.DataBase.Oracle.ERDBORAReport_rid"/>
      <object id="Rf_fascia" objectType="ER2005.DataBase.Oracle.ERDBORARf_fascia"/>
      <object id="Ribor" objectType="ER2005.DataBase.Oracle.ERDBORARibor"/>
      <object id="Rif_iniziale_trasp" objectType="ER2005.DataBase.Oracle.ERDBORARif_iniziale_trasp"/>
      <object id="Ripartizione_potenza" objectType="ER2005.DataBase.Oracle.ERDBORARipartizione_potenza"/>
      <object id="Risultato_mercato" objectType="ER2005.DataBase.Oracle.ERDBORARisultato_mercato"/>
      <object id="Sbilanciamento" objectType="ER2005.DataBase.Oracle.ERDBORASbilanciamento"/>
      <object id="Sbilanciamento_onere" objectType="ER2005.DataBase.Oracle.ERDBORASbilanciamento_onere"/>
      <object id="Sbilanciamento_qta" objectType="ER2005.DataBase.Oracle.ERDBORASbilanciamento_qta"/>
      <object id="Sbil_uca" objectType="ER2005.DataBase.Oracle.ERDBORASbil_uca"/>
      <object id="Sbil_upa" objectType="ER2005.DataBase.Oracle.ERDBORASbil_upa"/>
      <object id="Scadenza_pag" objectType="ER2005.DataBase.Oracle.ERDBORAScadenza_pag"/>
      <object id="Sec_funzione" objectType="ER2005.DataBase.Oracle.ERDBORASec_funzione"/>
      <object id="Sec_gruppo" objectType="ER2005.DataBase.Oracle.ERDBORASec_gruppo"/>
      <object id="Sec_oggetto_visibile" objectType="ER2005.DataBase.Oracle.ERDBORASec_oggetto_visibile"/>
      <object id="Sec_rel_funz_azione" objectType="ER2005.DataBase.Oracle.ERDBORASec_rel_funz_azione"/>
      <object id="Sec_rel_gruppo_linea" objectType="ER2005.DataBase.Oracle.ERDBORASec_rel_gruppo_linea"/>
      <object id="Sec_rel_gru_funz" objectType="ER2005.DataBase.Oracle.ERDBORASec_rel_gru_funz"/>
      <object id="Sec_utente" objectType="ER2005.DataBase.Oracle.ERDBORASec_utente"/>
      <object id="Sec_utente_filtro" objectType="ER2005.DataBase.Oracle.ERDBORASec_utente_filtro"/>
      <object id="Sec_wkfl_utente" objectType="ER2005.DataBase.Oracle.ERDBORASec_wkfl_utente"/>
      <object id="Segmento_mercato" objectType="ER2005.DataBase.Oracle.ERDBORASegmento_mercato"/>
      <object id="Settore_attivita" objectType="ER2005.DataBase.Oracle.ERDBORASettore_attivita"/>
      <object id="Sistema_contabilita" objectType="ER2005.DataBase.Oracle.ERDBORASistema_contabilita"/>
      <object id="Sito" objectType="ER2005.DataBase.Oracle.ERDBORASito"/>
      <object id="Sito_potenza_mensile" objectType="ER2005.DataBase.Oracle.ERDBORASito_potenza_mensile"/>
      <object id="Sito_tabella_a" objectType="ER2005.DataBase.Oracle.ERDBORASito_tabella_a"/>
      <object id="Sottosettore_attivita" objectType="ER2005.DataBase.Oracle.ERDBORASottosettore_attivita"/>
      <object id="Stato_offerta" objectType="ER2005.DataBase.Oracle.ERDBORAStato_offerta"/>
      <object id="Stato_offerta_mercato" objectType="ER2005.DataBase.Oracle.ERDBORAStato_offerta_mercato"/>
      <object id="Storico_contatto" objectType="ER2005.DataBase.Oracle.ERDBORAStorico_contatto"/>
      <object id="Strumento" objectType="ER2005.DataBase.Oracle.ERDBORAStrumento"/>
      <object id="Strumento_canale" objectType="ER2005.DataBase.Oracle.ERDBORAStrumento_canale"/>
      <object id="Strumento_fascia" objectType="ER2005.DataBase.Oracle.ERDBORAStrumento_fascia"/>
      <object id="Strumento_fattura" objectType="ER2005.DataBase.Oracle.ERDBORAStrumento_fattura"/>
      <object id="Strumento_file" objectType="ER2005.DataBase.Oracle.ERDBORAStrumento_file"/>
      <object id="Strum_rel_aut_dlo" objectType="ER2005.DataBase.Oracle.ERDBORAStrum_rel_aut_dlo"/>
      <object id="Syn_command" objectType="ER2005.DataBase.Oracle.ERDBORASyn_command"/>
      <object id="Syn_log" objectType="ER2005.DataBase.Oracle.ERDBORASyn_log"/>
      <object id="Syn_queue" objectType="ER2005.DataBase.Oracle.ERDBORASyn_queue"/>
      <object id="Syn_status" objectType="ER2005.DataBase.Oracle.ERDBORASyn_status"/>
      <object id="Tipo_comp_conf" objectType="ER2005.DataBase.Oracle.ERDBORATipo_comp_conf"/>
      <object id="Tipo_comp_vinc" objectType="ER2005.DataBase.Oracle.ERDBORATipo_comp_vinc"/>
      <object id="Tipo_contatto" objectType="ER2005.DataBase.Oracle.ERDBORATipo_contatto"/>
      <object id="Tipo_contratto" objectType="ER2005.DataBase.Oracle.ERDBORATipo_contratto"/>
      <object id="Tipo_dato_report" objectType="ER2005.DataBase.Oracle.ERDBORATipo_dato_report"/>
      <object id="Tipo_doc_contatto" objectType="ER2005.DataBase.Oracle.ERDBORATipo_doc_contatto"/>
      <object id="Tipo_documento" objectType="ER2005.DataBase.Oracle.ERDBORATipo_documento"/>
      <object id="Tipo_emissione_fattura" objectType="ER2005.DataBase.Oracle.ERDBORATipo_emissione_fattura"/>
      <object id="Tipo_fascia" objectType="ER2005.DataBase.Oracle.ERDBORATipo_fascia"/>
      <object id="Tipo_fascia_oraria" objectType="ER2005.DataBase.Oracle.ERDBORATipo_fascia_oraria"/>
      <object id="Tipo_fornitore" objectType="ER2005.DataBase.Oracle.ERDBORATipo_fornitore"/>
      <object id="Tipo_fornitura" objectType="ER2005.DataBase.Oracle.ERDBORATipo_fornitura"/>
      <object id="Tipo_immobile" objectType="ER2005.DataBase.Oracle.ERDBORATipo_immobile"/>
      <object id="Tipo_indice" objectType="ER2005.DataBase.Oracle.ERDBORATipo_indice"/>
      <object id="Tipo_lettera" objectType="ER2005.DataBase.Oracle.ERDBORATipo_lettera"/>
      <object id="Tipo_lettura" objectType="ER2005.DataBase.Oracle.ERDBORATipo_lettura"/>
      <object id="Tipo_mercato" objectType="ER2005.DataBase.Oracle.ERDBORATipo_mercato"/>
      <object id="Tipo_misura" objectType="ER2005.DataBase.Oracle.ERDBORATipo_misura"/>
      <object id="Tipo_penale" objectType="ER2005.DataBase.Oracle.ERDBORATipo_penale"/>
      <object id="Tipo_prodotto" objectType="ER2005.DataBase.Oracle.ERDBORATipo_prodotto"/>
      <object id="Tipo_profilo" objectType="ER2005.DataBase.Oracle.ERDBORATipo_profilo"/>
      <object id="Tipo_sbilanciamento" objectType="ER2005.DataBase.Oracle.ERDBORATipo_sbilanciamento"/>
      <object id="Tipo_servizio" objectType="ER2005.DataBase.Oracle.ERDBORATipo_servizio"/>
      <object id="Tipo_strumento" objectType="ER2005.DataBase.Oracle.ERDBORATipo_strumento"/>
      <object id="Tipo_tensione" objectType="ER2005.DataBase.Oracle.ERDBORATipo_tensione"/>
      <object id="Tipo_tensione_periodo" objectType="ER2005.DataBase.Oracle.ERDBORATipo_tensione_periodo"/>
      <object id="Tipo_upa" objectType="ER2005.DataBase.Oracle.ERDBORATipo_upa"/>
      <object id="Trigger_campo" objectType="ER2005.DataBase.Oracle.ERDBORATrigger_campo"/>
      <object id="Trigger_costante" objectType="ER2005.DataBase.Oracle.ERDBORATrigger_costante"/>
      <object id="Trigger_tabella" objectType="ER2005.DataBase.Oracle.ERDBORATrigger_tabella"/>
      <object id="Uc5_fascia" objectType="ER2005.DataBase.Oracle.ERDBORAUc5_fascia"/>
      <object id="Uca_esterna" objectType="ER2005.DataBase.Oracle.ERDBORAUca_esterna"/>
      <object id="Unita_consumo_aggr" objectType="ER2005.DataBase.Oracle.ERDBORAUnita_consumo_aggr"/>
      <object id="Unita_misura" objectType="ER2005.DataBase.Oracle.ERDBORAUnita_misura"/>
      <object id="Unita_produzione_aggr" objectType="ER2005.DataBase.Oracle.ERDBORAUnita_produzione_aggr"/>
      <object id="Unita_servizio" objectType="ER2005.DataBase.Oracle.ERDBORAUnita_servizio"/>
      <object id="Unita_tempo" objectType="ER2005.DataBase.Oracle.ERDBORAUnita_tempo"/>
      <object id="Unita_utilizzo" objectType="ER2005.DataBase.Oracle.ERDBORAUnita_utilizzo"/>
      <object id="Upa_esterna" objectType="ER2005.DataBase.Oracle.ERDBORAUpa_esterna"/>
      <object id="Val_cca" objectType="ER2005.DataBase.Oracle.ERDBORAVal_cca"/>
      <object id="Val_componente_vincolato" objectType="ER2005.DataBase.Oracle.ERDBORAVal_componente_vincolato"/>
      <object id="Ve" objectType="ER2005.DataBase.Oracle.ERDBORAVe"/>
      <object id="Visita_agente" objectType="ER2005.DataBase.Oracle.ERDBORAVisita_agente"/>
      <object id="Voce_costo" objectType="ER2005.DataBase.Oracle.ERDBORAVoce_costo"/>
      <object id="Voce_previsionale" objectType="ER2005.DataBase.Oracle.ERDBORAVoce_previsionale"/>
      <object id="Wkfl_firma" objectType="ER2005.DataBase.Oracle.ERDBORAWkfl_firma"/>
      <object id="Wkfl_percorso" objectType="ER2005.DataBase.Oracle.ERDBORAWkfl_percorso"/>
      <object id="Wkfl_tipo_percorso" objectType="ER2005.DataBase.Oracle.ERDBORAWkfl_tipo_percorso"/>
      <object id="Xml_impexp_flusso" objectType="ER2005.DataBase.Oracle.ERDBORAXml_impexp_flusso"/>
      <object id="Xml_impexp_tipo" objectType="ER2005.DataBase.Oracle.ERDBORAXml_impexp_tipo"/>
      <object id="Xml_input_dir" objectType="ER2005.DataBase.Oracle.ERDBORAXml_input_dir"/>
      <object id="Xml_job" objectType="ER2005.DataBase.Oracle.ERDBORAXml_job"/>
      <object id="Xml_log" objectType="ER2005.DataBase.Oracle.ERDBORAXml_log"/>
      <object id="Xref_fk_external" objectType="ER2005.DataBase.Oracle.ERDBORAXref_fk_external"/>
      <object id="Zi" objectType="ER2005.DataBase.Oracle.ERDBORAZi"/>
      <object id="Zona_elettrica" objectType="ER2005.DataBase.Oracle.ERDBORAZona_elettrica"/>

      <object id="Rel_prodotto_associazioni" objectType="ER2005.DataBase.Oracle.ERDBORARel_prodotto_associazioni"/>
      <object id="Gas_valid_area_tariffa" objectType="ER2005.DataBase.Oracle.ERDBORAGas_valid_area_tariffa"/>
      <object id="Gas_valid_punto_tariffa" objectType="ER2005.DataBase.Oracle.ERDBORAGas_valid_punto_tariffa"/>
      <object id="Cb_abbattimento_tep" objectType="ER2005.DataBase.Oracle.ERDBORACb_abbattimento_tep"/>
      <object id="Cb_valorizzato" objectType="ER2005.DataBase.Oracle.ERDBORACb_valorizzato"/>
      <object id="Cb_storico_tep" objectType="ER2005.DataBase.Oracle.ERDBORACb_storico_tep"/>
      <object id="Prezzo_orario" objectType="ER2005.DataBase.Oracle.ERDBORAPrezzo_orario"/>
      <object id="Ip_fg_ora_as" objectType="ER2005.DataBase.Oracle.ERDBORAIp_fg_ora_as"/>
      <object id="Ip_fg_minuto_shift" objectType="ER2005.DataBase.Oracle.ERDBORAIp_fg_minuto_shift"/>
      <object id="Tipo_centro_stampa" objectType="ER2005.DataBase.Oracle.ERDBORATipo_centro_stampa"/>
      <object id="Tipo_mora" objectType="ER2005.DataBase.Oracle.ERDBORATipo_mora"/>
      <object id="Caricamento_edi" objectType="ER2005.DataBase.Oracle.ERDBORACaricamento_edi"/>
      <object id="Gas_scost_penale" objectType="ER2005.DataBase.Oracle.ERDBORAGas_scost_penale"/>
      <object id="Gas_range_scost_penale" objectType="ER2005.DataBase.Oracle.ERDBORAGas_range_scost_penale"/>
      <object id="Gas_contratto_prec" objectType="ER2005.DataBase.Oracle.ERDBORAGas_contratto_prec"/>
      <object id="Tipo_richiesta" objectType="ER2005.DataBase.Oracle.ERDBORATipo_richiesta"/>
      <object id="Stato_richiesta" objectType="ER2005.DataBase.Oracle.ERDBORAStato_richiesta"/>
      <object id="Come_conosciuto" objectType="ER2005.DataBase.Oracle.ERDBORACome_conosciuto"/>
      <object id="Richiesta_cliente" objectType="ER2005.DataBase.Oracle.ERDBORARichiesta_cliente"/>
      <object id="Richiesta_cliente_corr" objectType="ER2005.DataBase.Oracle.ERDBORARichiesta_cliente_corr"/>
      <object id="Rel_cliente_prenotazione" objectType="ER2005.DataBase.Oracle.ERDBORARel_cliente_prenotazione"/>
      <object id="Categoria_richiesta" objectType="ER2005.DataBase.Oracle.ERDBORACategoria_richiesta"/>
      <object id="Contratto_mora" objectType="ER2005.DataBase.Oracle.ERDBORAContratto_mora"/>
      <object id="Associato_in_associazione" objectType="ER2005.DataBase.Oracle.ERDBORAAssociato_in_associazione"/>
      <object id="Iva_contr_periodica_var" objectType="ER2005.DataBase.Oracle.ERDBORAIva_contr_periodica_var"/>
      <object id="Indirizzo" objectType="ER2005.DataBase.Oracle.ERDBORAIndirizzo"/>
      <object id="Adeguamento_distributore" objectType="ER2005.DataBase.Oracle.ERDBORAAdeguamento_distributore"/>
      <object id="Tipo_reclamo" objectType="ER2005.DataBase.Oracle.ERDBORATipo_reclamo"/>
      <object id="Reclamo_cliente" objectType="ER2005.DataBase.Oracle.ERDBORAReclamo_cliente"/>
      <object id="Carta" objectType="ER2005.DataBase.Oracle.ERDBORACarta"/>
      <object id="Carta_var" objectType="ER2005.DataBase.Oracle.ERDBORACarta_var"/>
      <object id="Autolettura" objectType="ER2005.DataBase.Oracle.ERDBORAAutolettura"/>
      <object id="Lettura_periodica" objectType="ER2005.DataBase.Oracle.ERDBORALettura_periodica"/>
      <object id="Cliente_var" objectType="ER2005.DataBase.Oracle.ERDBORACliente_var"/>
      <object id="Sito_var" objectType="ER2005.DataBase.Oracle.ERDBORASito_var"/>
      <object id="Contatto_var" objectType="ER2005.DataBase.Oracle.ERDBORAContatto_var"/>
      <object id="Strumento_var" objectType="ER2005.DataBase.Oracle.ERDBORAStrumento_var"/>
      <object id="Immobile_terreno_var" objectType="ER2005.DataBase.Oracle.ERDBORAImmobile_terreno_var"/>
      <object id="Banca_var" objectType="ER2005.DataBase.Oracle.ERDBORABanca_var"/>
      <object id="Tipo_carta" objectType="ER2005.DataBase.Oracle.ERDBORATipo_carta"/>


    </assembly>
  </assemblies>
</root>
