﻿<?xml version="1.0" encoding="utf-8"?>
<root>
  <ControlName AssemblyName="ERControlLibrary" UserControlName="ER2005.ERControlLibrary.ucTabClienteSito" KeyValue="ucTabClienteSito" />
  <ControlName AssemblyName="ERControlLibrary" UserControlName="ER2005.ERControlLibrary.ucCliente" KeyValue="ucCliente" />
  <ControlName AssemblyName="ERControlLibrary" UserControlName="ER2005.ERControlLibrary.ucConsumi" KeyValue="ucConsumi" />
  <ControlName AssemblyName="ERControlLibrary" UserControlName="ER2005.ERControlLibrary.ucContrattiSito" KeyValue="ucContrattiSito" />
  <ControlName AssemblyName="ERControlLibrary" UserControlName="ER2005.ERControlLibrary.ucContratti" KeyValue="ucContratti" />
  <ControlName AssemblyName="ERControlLibrary" UserControlName="ER2005.ERControlLibrary.ucContratto" KeyValue="ucContratto" />
  <ControlName AssemblyName="ERControlLibrary" UserControlName="ER2005.ERControlLibrary.ucOpzioni" KeyValue="ucOpzioni" />
  <ControlName AssemblyName="ERControlLibrary" UserControlName="ER2005.ERControlLibrary.ucFattContratto" KeyValue="ucFattContratto" />
  <ControlName AssemblyName="ERControlLibrary" UserControlName="ER2005.ERControlLibrary.ucSito" KeyValue="ucSito" />
  <ControlName AssemblyName="ERControlLibrary" UserControlName="ER2005.ERControlLibrary.ucTabCliente" KeyValue="ucTabCliente" />
  <ControlName AssemblyName="ERControlLibrary" UserControlName="ER2005.ERControlLibrary.ucTabSito" KeyValue="ucTabSito" />
  <ControlName AssemblyName="ERBancheContatti" UserControlName="ER2005.ERBancheContatti.ucBanche" KeyValue="ucBanche" />
  <ControlName AssemblyName="ERBancheContatti" UserControlName="ER2005.ERBancheContatti.ucContatti" KeyValue="ucContatti" />
  <ControlName AssemblyName="ERFatture" UserControlName="ER2005.ERFatture.ucFattureAttive" KeyValue="ucFattureAttive" />
  <ControlName AssemblyName="ERFatture" UserControlName="ER2005.ERFatture.ucStatoPagamento" KeyValue="ucStatoPagamento" />
  <ControlName AssemblyName="ERFatture" UserControlName="ER2005.ERFatture.ucFattureTrasporto" KeyValue="ucFattureTrasporto" />
  <ControlName AssemblyName="ERFiltro" UserControlName="ER2005.ERFiltro.ucFiltroZona" KeyValue="ucFiltroZona" />
  <ControlName AssemblyName="ERIndirizzo" UserControlName="ER2005.ERIndirizzo.ucIndirizzo" KeyValue="ucIndirizzo" />
  <ControlName AssemblyName="ERClienti" UserControlName="ER2005.ERClienti.ucRiepilogoCliente" KeyValue="ucRiepilogoCliente" />
  <ControlName AssemblyName="ERVariazioni" UserControlName="ER2005.ERVariazioni.ucVarAnagr" KeyValue="ucVarAnagr" />
  <ControlName AssemblyName="ERVariazioni" UserControlName="ER2005.ERVariazioni.ucVarCartaSI" KeyValue="ucVarCartaSI" />
  <ControlName AssemblyName="ERVariazioni" UserControlName="ER2005.ERVariazioni.ucVarDatiCatastali" KeyValue="ucVarDatiCatastali" />
  <ControlName AssemblyName="ERVariazioni" UserControlName="ER2005.ERVariazioni.ucVarIva" KeyValue="ucVarIva" />
  <ControlName AssemblyName="ERVariazioni" UserControlName="ER2005.ERVariazioni.ucVarRID" KeyValue="ucVarRID" />
  <ControlName AssemblyName="ERVariazioni" UserControlName="ER2005.ERVariazioni.ucVarUTF" KeyValue="ucVarUTF" />
  <ControlName AssemblyName="ERVariazioni" UserControlName="ER2005.ERVariazioni.ucNotAdeg" KeyValue="ucNotAdeg" />
  <ControlName AssemblyName="ERVariazioni" UserControlName="ER2005.ERVariazioni.ucNotAutoLet" KeyValue="ucNotAutoLet" />
  <ControlName AssemblyName="ERVariazioni" UserControlName="ER2005.ERVariazioni.ucNotConcilia" KeyValue="ucNotConcilia" />
  <ControlName AssemblyName="ERVariazioni" UserControlName="ER2005.ERVariazioni.ucNotReclamo" KeyValue="ucNotReclamo" />
</root>