﻿<?xml version="1.0" encoding="utf-8"?>
<MessaggioRichiesta xmlns:xsd="http://www.w3.org/2001/XMLSchema" xmlns:xsi="http://www.w3.org/2001/XMLSchema-instance" IdMessaggio="7f5bd6368d3f4b6a9cd8426bddc19e6e" DataOraMessaggio="2005-08-23T15:19:14.7919576+02:00" Versione="1.0" xmlns="urn:XML-Bipex">
	<Testata>
		<Mittente>
			<CodiceOperatore>OP1</CodiceOperatore>
			<CodiceUtente>UT1</CodiceUtente>
		</Mittente>
		<Destinatario>
			<CodiceOperatore>IDBIPEX</CodiceOperatore>
		</Destinatario>
	</Testata>
	<Richiesta IdRichiesta="5544eabfad084eb6b0483b98a83116ee">
		<RichiestaNuovaOfferta>
			<Contratto>D-23-4</Contratto>
			<TipoOfferta>Acquisto</TipoOfferta>
			<Quantita>100</Quantita>
			<PrezzoUnitario>45.3</PrezzoUnitario>
		</RichiestaNuovaOfferta>
	</Richiesta>
</MessaggioRichiesta>