<?xml version="1.0" encoding="utf-8" ?>
<Localization
	xmlns="urn:XML-Localization"
	xmlns:xsi="http://www.w3.org/2001/XMLSchema-instance"
	xsi:schemaLocation="urn:XML-Localization Localization.xsd"

	Version="1.0"
	DefaultLanguage="it-it"
	>
	
	<LocalizationItem Key="keyOK">
		<Translation language="it-it">
			<Text Type="System.Web.UI.WebControls.Button">Si</Text>
			<ToolTip Type="System.Web.UI.WebControls.Button">Premi</ToolTip>
			<BackColor Type="System.Web.UI.WebControls.Button">255</BackColor>
		</Translation>
		<Translation language="en-us">
			<Text Type="System.Web.UI.WebControls.Button">Yes</Text>
			<ToolTip Type="System.Web.UI.WebControls.Button">Push</ToolTip>
			<BackColor Type="System.Web.UI.WebControls.Button">65000</BackColor>
		</Translation>
	</LocalizationItem>
	<LocalizationItem Key="Literal1">
		<Translation language="it-it">
			<Text Type="System.Web.UI.WebControls.Literal">Italiano</Text>
			<ForeColor Type="System.Web.UI.WebControls.Literal">65000</ForeColor>
			<ToolTip Type="System.Web.UI.WebControls.Literal">Italiano</ToolTip>
			<!--<AccessRule Type="System.Web.UI.WebControls.Literal">A | B</AccessRule>-->
		</Translation>
		<Translation language="en-us">
			<Text Type="System.Web.UI.WebControls.Literal">Inglese</Text>
			<ToolTip Type="System.Web.UI.WebControls.Literal">Inglese</ToolTip>
			<ForeColor Type="System.Web.UI.WebControls.Literal">65000</ForeColor>
			<!--<AccessRule Type="System.Web.UI.WebControls.Literal">C | B</AccessRule>-->
		</Translation>
	</LocalizationItem>
	
	<LocalizationItem Key="keyCancel">
		<Translation language="it-it">
		<ToolTip Type="System.Web.UI.WebControls.LinkButton">Cancella</ToolTip>
			<Text Type="System.Web.UI.WebControls.LinkButton">Cancella</Text>
			<ForeColor Type="System.Web.UI.WebControls.LinkButton">255</ForeColor>
			<AccessRule Type="System.Web.UI.WebControls.LinkButton" Action="Visible">A | B</AccessRule>
		</Translation>
		<Translation language="en-us">
		<ToolTip Type="System.Web.UI.WebControls.LinkButton">Cancel</ToolTip>
			<Text Type="System.Web.UI.WebControls.LinkButton">Cancel</Text>
			<ForeColor Type="System.Web.UI.WebControls.LinkButton">65000</ForeColor>
			<AccessRule Type="System.Web.UI.WebControls.LinkButton" Action="Visible">C | B</AccessRule>
		</Translation>
	</LocalizationItem>
	
	<LocalizationItem Key="keyCheck">
		<Translation language="it-it">
			<ToolTip Type="System.Web.UI.WebControls.CheckBox">Lingua utente</ToolTip>
			<Text Type="System.Web.UI.WebControls.CheckBox">Lingua utente</Text>
			<!--<AccessRule Type="System.Web.UI.WebControls.CheckBox">A | B</AccessRule>-->
		</Translation>
		<Translation language="en-us">
			<ToolTip Type="System.Web.UI.WebControls.CheckBox">User Language</ToolTip>
			<Text Type="System.Web.UI.WebControls.CheckBox">User Language</Text>
			<!--<AccessRule Type="System.Web.UI.WebControls.CheckBox">C | B</AccessRule>-->
		</Translation>
	</LocalizationItem>
	
	<LocalizationItem Key="keyText">
		<Translation language="it-it">
			<ToolTip Type="System.Web.UI.WebControls.TextBox">testo false</ToolTip>
			<Text Type="System.Web.UI.WebControls.TextBox">1</Text>
			<AccessRule Type="System.Web.UI.WebControls.TextBox">A | B</AccessRule>
		</Translation>
		<Translation language="en-us">
			<Text Type="System.Web.UI.WebControls.TextBox">9</Text>
			<ToolTip Type="System.Web.UI.WebControls.TextBox">text true</ToolTip>
			<AccessRule Type="System.Web.UI.WebControls.TextBox">C | B</AccessRule>
		</Translation>
	</LocalizationItem>
	
	<LocalizationItem Key="keyPremiPerDistruggere">
		<Translation language="it-it">
			<ToolTip Type="System.Web.UI.WebControls.Label">Premi qui per distruggere l'applicativo</ToolTip>
			<Text Type="System.Web.UI.WebControls.Label">Premi qui per distruggere l'applicativo</Text>
			<BackColor Type="System.Web.UI.WebControls.Label">65000</BackColor>
			<!--<AccessRule Type="System.Web.UI.WebControls.Label">A | B</AccessRule>-->
		</Translation> 
		<Translation language="en-us">
			<ToolTip Type="System.Web.UI.WebControls.Label">Press here to destroy</ToolTip>
			<Text Type="System.Web.UI.WebControls.Label" >Press here to destroy</Text>
			<BackColor Type="System.Web.UI.WebControls.Label">255</BackColor>
			<!--<AccessRule Type="System.Web.UI.WebControls.Label">C | B</AccessRule>-->
		</Translation> 
	</LocalizationItem>
	
	<LocalizationItem Key="listBox_Bandiere">
		<Translation language="it-it">
		
			<DataSource Type="System.Web.UI.HtmlControls.HtmlSelect">
				<DataRow Text="Italia" Value="It" />
				<DataRow Text="Francia" Value="Fr" />
				<DataRow Text="Stati uniti" Value="USA" />
			</DataSource>
			<AccessRule Type="System.Web.UI.HtmlControls.HtmlSelect" Action="Enable">A | B</AccessRule>
			
			<DataSource Type="System.Web.UI.WebControls.ListBox">
				<DataRow Text="Italia" Value="It" />
				<DataRow Text="Francia" Value="Fr" />
				<DataRow Text="Stati uniti" Value="USA" />
			</DataSource>
			<SelectedIndex Type="System.Web.UI.WebControls.ListBox">1</SelectedIndex>
			<ToolTip Type="System.Web.UI.WebControls.ListBox">Seleziona il paese</ToolTip>
			<!--<AccessRule Type="System.Web.UI.WebControls.ListBox">A | B</AccessRule>-->
			<!--
			<Enabled Type="System.Web.UI.WebControls.ListBox">False</Enabled>
			
			-->
			
			<DataSource Type="System.Web.UI.WebControls.DropDownList">
				<DataRow Text="Italia" Value="It" />
				<DataRow Text="Francia" Value="Fr" />
				<DataRow Text="Stati uniti" Value="USA" />
			</DataSource>
			<SelectedIndex Type="System.Web.UI.WebControls.DropDownList">2</SelectedIndex>
			<ToolTip Type="System.Web.UI.WebControls.DropDownList">Seleziona il paese</ToolTip>
			<!--<AccessRule Type="System.Web.UI.WebControls.DropDownList">A | B</AccessRule>-->

		</Translation>
			
		<Translation language="en-us">
		
			<DataSource Type="System.Web.UI.HtmlControls.HtmlSelect">
				<DataRow Text="Italy" Value="It" />
				<DataRow Text="France" Value="Fr" />
				<DataRow Text="United states" Value="USA" />
			</DataSource>
			<AccessRule Type="System.Web.UI.HtmlControls.HtmlSelect" Action="Enable">C | B</AccessRule>
			
			<DataSource Type="System.Web.UI.WebControls.ListBox">
				<DataRow Text="Italy" Value="It" />
				<DataRow Text="France" Value="Fr" />
				<DataRow Text="United states" Value="USA" />
			</DataSource>
			<ToolTip Type="System.Web.UI.WebControls.ListBox">Select country</ToolTip>
			<SelectedIndex Type="System.Web.UI.WebControls.ListBox">0</SelectedIndex>
			<!--<AccessRule Type="System.Web.UI.WebControls.ListBox">C | B</AccessRule>-->
			<!--
			<Enabled Type="System.Web.UI.WebControls.ListBox">False</Enabled>
			-->
			
			<DataSource Type="System.Web.UI.WebControls.DropDownList">
				<DataRow Text="Italy" Value="It" />
				<DataRow Text="France" Value="Fr" />
				<DataRow Text="United states" Value="USA" />
			</DataSource>
			<ToolTip Type="System.Web.UI.WebControls.DropDownList">Select country</ToolTip>
			<SelectedIndex Type="System.Web.UI.WebControls.DropDownList">1</SelectedIndex>
			<!--<AccessRule Type="System.Web.UI.WebControls.DropDownList">C | B</AccessRule>-->
			
		</Translation>
		
	</LocalizationItem>
	
	<LocalizationItem Key="listaLingue">
		<Translation language="it-it">
			<ToolTip Type="System.Web.UI.WebControls.RadioButtonList">Seleziona lingua</ToolTip>
			<DataSource Type="System.Web.UI.WebControls.RadioButtonList">
				<DataRow Text="Italiano" Value="it-it" />
				<DataRow Text="Inglese (US)" Value="en-us" />
			</DataSource>
			<ForeColor Type="System.Web.UI.WebControls.RadioButtonList">65000</ForeColor>
		</Translation>
		<Translation language="en-us">
			<ToolTip Type="System.Web.UI.WebControls.RadioButtonList">Select language</ToolTip>

			<DataSource Type="System.Web.UI.WebControls.RadioButtonList">
				<DataRow Text="Italian" Value="it-it" />
				<DataRow Text="English (US)" Value="en-us" />
			</DataSource>
			<ForeColor Type="System.Web.UI.WebControls.RadioButtonList">255</ForeColor>
		</Translation>
	</LocalizationItem>
	
	<LocalizationItem Key="keyDigitaUnNumero">
		<Translation language="it-it">
			<Text Type="System.Web.UI.WebControls.Label">Digita un numero</Text> 
			<BackColor Type="System.Web.UI.WebControls.Label">65000</BackColor>
		</Translation>
		<Translation language="en-us">
			<Text Type="System.Web.UI.WebControls.Label">Digit a number</Text> 
			<BackColor Type="System.Web.UI.WebControls.Label">255</BackColor>
		</Translation>
	</LocalizationItem>
	
	<LocalizationItem Key="keyRichiestoUnNumero">
		<Translation language="it-it">
			<ErrorMessage Type="System.Web.UI.WebControls.RequiredFieldValidator">Il numero e` obbligatorio!</ErrorMessage> 
			<ErrorMessage Type="System.Web.UI.WebControls.RangeValidator">Devi mettere solo numeri!</ErrorMessage> 
			<ErrorMessage Type="System.Web.UI.WebControls.RegularExpressionValidator">Devi mettere solo numeri dispari!</ErrorMessage> 
			<ForeColor Type="System.Web.UI.WebControls.RequiredFieldValidator">65000</ForeColor>
			<!--<AccessRule Type="System.Web.UI.WebControls.RequiredFieldValidator">A | B</AccessRule>-->
			<!--<AccessRule Type="System.Web.UI.WebControls.RangeValidator">A | B</AccessRule>-->
			<!--<AccessRule Type="System.Web.UI.WebControls.RegularExpressionValidator">A | B</AccessRule>-->
		</Translation>
		<Translation language="en-us">
			<ErrorMessage Type="System.Web.UI.WebControls.RequiredFieldValidator">The number is mandatory</ErrorMessage> 
			<ErrorMessage Type="System.Web.UI.WebControls.RangeValidator">Only numbers!</ErrorMessage> 
			<ErrorMessage Type="System.Web.UI.WebControls.RegularExpressionValidator">Only disp numbers!</ErrorMessage> 
			<ForeColor Type="System.Web.UI.WebControls.RequiredFieldValidator">255</ForeColor>
			<!--<AccessRule Type="System.Web.UI.WebControls.RequiredFieldValidator">C | B</AccessRule>-->
			<!--<AccessRule Type="System.Web.UI.WebControls.RangeValidator">C | B</AccessRule>-->
			<!--<AccessRule Type="System.Web.UI.WebControls.RegularExpressionValidator">C | B</AccessRule>-->
		</Translation>
	</LocalizationItem>

	<LocalizationItem Key="keyCalendar">
		<Translation language="it-it">
			<ToolTip Type="GMEControlLibraryCS.PopupCalendar">Seleziona data</ToolTip>
			<!--<AccessRule Type="GMEControlLibraryCS.PopupCalendar">A | B</AccessRule>-->
		</Translation>
		<Translation language="en-us">
			<ToolTip Type="GMEControlLibraryCS.PopupCalendar">Select date</ToolTip>
			<!--<AccessRule Type="GMEControlLibraryCS.PopupCalendar">C | B</AccessRule>		-->
		</Translation>
	</LocalizationItem>
	
	<LocalizationItem Key="keyGrid">
		<Translation language="it-it">
			<DataGrid Type="System.Web.UI.WebControls.DataGrid">
				<Column HeaderText="Nome" />
				<Column HeaderText="Cognome" />
				<Column HeaderText="Nato" />
				<Column HeaderText="Azione" Text="Seleziona" />
				<Column HeaderText="Modifica" EditText="Modifica" UpdateText="Aggiorna" CancelText="Annulla"/>
				<Column HeaderText="Cancella" Text="Elimina" />
				<Column HeaderText="Collegamento" Text="Vai" />
			</DataGrid>
			<!--<AccessRule Type="System.Web.UI.WebControls.DataGrid">A | B</AccessRule>	-->
			<ToolTip Type="System.Web.UI.WebControls.DataGrid">Seleziona persona</ToolTip>

		</Translation>
		<Translation language="en-us">
			<DataGrid Type="System.Web.UI.WebControls.DataGrid">
				<Column HeaderText="Last Name" />
				<Column HeaderText="Birth" />
				<Column HeaderText="Action" Text="Select" />
				<Column HeaderText="Edit" Text="Update" />
				<Column HeaderText="Edit" EditText="Edit" UpdateText="Update" CancelText="Cancel"/>
				<Column HeaderText="Delete" Text="Delete" />
				<Column HeaderText="Link" Text="Go" />
			</DataGrid>
			<!--<AccessRule Type="System.Web.UI.WebControls.DataGrid">C | B</AccessRule>	-->
			<ToolTip Type="System.Web.UI.WebControls.DataGrid">Select person</ToolTip>

		</Translation>
	</LocalizationItem>
	
	<LocalizationItem Key="htmlControl">
		<Translation language="it-it">
			<Text Type="System.Web.UI.HtmlControls.HtmlGenericControl">Testo html</Text> 
			<Text Type="System.Web.UI.HtmlControls.HtmlInputButton">Bottone html</Text> 
			<ToolTip Type="System.Web.UI.HtmlControls.HtmlInputButton">Controllo html</ToolTip>
			<Enabled Type="System.Web.UI.HtmlControls.HtmlInputButton">False</Enabled>
			<Visible Type="System.Web.UI.HtmlControls.HtmlGenericControl">False</Visible>
		</Translation>
		<Translation language="en-us">
			<ToolTip Type="System.Web.UI.HtmlControls.HtmlInputButton">Html text</ToolTip>
			<Text Type="System.Web.UI.HtmlControls.HtmlInputButton">Html button</Text> 
			<Text Type="System.Web.UI.HtmlControls.HtmlGenericControl">Html button</Text> 
			<Enabled Type="System.Web.UI.HtmlControls.HtmlInputButton">True</Enabled>
			<Visible Type="System.Web.UI.HtmlControls.HtmlGenericControl">True</Visible>
		</Translation>
	</LocalizationItem>	

	<LocalizationItem Key="Saluti">
		<Translation language="it-it">
			<Sentence>Ciao</Sentence>
		</Translation>
		<Translation language="en-us">
			<Sentence>Hello</Sentence>
		</Translation>
	</LocalizationItem>	

	<LocalizationItem Key="englishSentence">
		<Translation language="it-it">
			<Sentence></Sentence>
		</Translation>
		<Translation language="en-us">
			<Sentence>Good Morning</Sentence>
		</Translation>
	</LocalizationItem>	

	<LocalizationItem Key="italianSentence">
		<Translation language="it-it">
			<Sentence>Buon Giorno</Sentence>
		</Translation>
		<Translation language="en-us">
			<Sentence></Sentence>
		</Translation>
	</LocalizationItem>	
	
</Localization>

