<?xml version="1.0" encoding="iso-8859-1"?>
<Operatori>
	<Operatore>
		<CodiceOperatoreSDC>IDAU</CodiceOperatoreSDC>
		<RagioneSociale>Acquirente Unico SpA</RagioneSociale>
		<Indirizzo1 />
		<Indirizzo2 />
		<Citta />
		<Nazione />
		<CodiceFiscale />
		<PartitaIVA />
		<Fax />
		<Email />
		<ReferenteAmministrativo />
		<SedeAmministrativa />
		<Abilitato>True</Abilitato>
		<TSModifica>2004-06-25T18:22:16.2800000+02:00</TSModifica>
		<ResponsabileAggiornamento />
	</Operatore>
	<Operatore>
		<CodiceOperatoreSDC>IDGME</CodiceOperatoreSDC>
		<RagioneSociale>GME SPA</RagioneSociale>
		<Indirizzo1 />
		<Indirizzo2 />
		<Citta />
		<Nazione />
		<CodiceFiscale />
		<PartitaIVA />
		<Fax />
		<Email />
		<ReferenteAmministrativo />
		<SedeAmministrativa />
		<Abilitato>True</Abilitato>
		<TSModifica>2004-06-25T18:22:16.2970000+02:00</TSModifica>
		<ResponsabileAggiornamento />
	</Operatore>
	<Operatore>
		<CodiceOperatoreSDC>IDGMEINFO</CodiceOperatoreSDC>
		<RagioneSociale>GMEINFO</RagioneSociale>
		<Indirizzo1 />
		<Indirizzo2 />
		<Citta />
		<Nazione />
		<CodiceFiscale />
		<PartitaIVA />
		<Fax />
		<Email />
		<ReferenteAmministrativo />
		<SedeAmministrativa />
		<Abilitato>True</Abilitato>
		<TSModifica>2004-06-25T18:22:16.2970000+02:00</TSModifica>
		<ResponsabileAggiornamento />
	</Operatore>
	<Operatore>
		<CodiceOperatoreSDC>IDGRTN</CodiceOperatoreSDC>
		<RagioneSociale>GRTN SPA</RagioneSociale>
		<Indirizzo1 />
		<Indirizzo2 />
		<Citta />
		<Nazione />
		<CodiceFiscale />
		<PartitaIVA />
		<Fax />
		<Email />
		<ReferenteAmministrativo />
		<SedeAmministrativa />
		<Abilitato>True</Abilitato>
		<TSModifica>2004-06-25T18:22:16.2970000+02:00</TSModifica>
		<ResponsabileAggiornamento />
	</Operatore>
	<Operatore>
		<CodiceOperatoreSDC>IDGRTNBI</CodiceOperatoreSDC>
		<RagioneSociale>GRTN Bilateralista</RagioneSociale>
		<Indirizzo1 />
		<Indirizzo2 />
		<Citta />
		<Nazione />
		<CodiceFiscale />
		<PartitaIVA />
		<Fax />
		<Email />
		<ReferenteAmministrativo />
		<SedeAmministrativa />
		<Abilitato>True</Abilitato>
		<TSModifica>2004-06-25T18:22:16.2970000+02:00</TSModifica>
		<ResponsabileAggiornamento />
	</Operatore>
	<Operatore>
		<CodiceOperatoreSDC>IDGRTNCO</CodiceOperatoreSDC>
		<RagioneSociale>GRTN Commerciale</RagioneSociale>
		<Indirizzo1 />
		<Indirizzo2 />
		<Citta />
		<Nazione />
		<CodiceFiscale />
		<PartitaIVA />
		<Fax />
		<Email />
		<ReferenteAmministrativo />
		<SedeAmministrativa />
		<Abilitato>True</Abilitato>
		<TSModifica>2004-06-25T18:22:16.3130000+02:00</TSModifica>
		<ResponsabileAggiornamento />
	</Operatore>
	<Operatore>
		<CodiceOperatoreSDC>OEABSSM</CodiceOperatoreSDC>
		<RagioneSociale>ASM BRESCIA Spa</RagioneSociale>
		<Indirizzo1 />
		<Indirizzo2 />
		<Citta />
		<Nazione />
		<CodiceFiscale />
		<PartitaIVA />
		<Fax />
		<Email />
		<ReferenteAmministrativo />
		<SedeAmministrativa />
		<Abilitato>True</Abilitato>
		<TSModifica>2004-06-25T18:22:16.3130000+02:00</TSModifica>
		<ResponsabileAggiornamento />
	</Operatore>
	<Operatore>
		<CodiceOperatoreSDC>OEACEA1</CodiceOperatoreSDC>
		<RagioneSociale>ACEA ROMA</RagioneSociale>
		<Indirizzo1 />
		<Indirizzo2 />
		<Citta />
		<Nazione />
		<CodiceFiscale />
		<PartitaIVA />
		<Fax />
		<Email />
		<ReferenteAmministrativo />
		<SedeAmministrativa />
		<Abilitato>True</Abilitato>
		<TSModifica>2004-06-25T18:22:16.3130000+02:00</TSModifica>
		<ResponsabileAggiornamento />
	</Operatore>
	<Operatore>
		<CodiceOperatoreSDC>OEACSMP</CodiceOperatoreSDC>
		<RagioneSociale>A.C.S.M. S.p.A.</RagioneSociale>
		<Indirizzo1 />
		<Indirizzo2 />
		<Citta />
		<Nazione />
		<CodiceFiscale />
		<PartitaIVA />
		<Fax />
		<Email />
		<ReferenteAmministrativo />
		<SedeAmministrativa />
		<Abilitato>True</Abilitato>
		<TSModifica>2004-06-25T18:22:16.3270000+02:00</TSModifica>
		<ResponsabileAggiornamento />
	</Operatore>
	<Operatore>
		<CodiceOperatoreSDC>OEAECBZ</CodiceOperatoreSDC>
		<RagioneSociale>AEC BOLZANO SPA</RagioneSociale>
		<Indirizzo1 />
		<Indirizzo2 />
		<Citta />
		<Nazione />
		<CodiceFiscale />
		<PartitaIVA />
		<Fax />
		<Email />
		<ReferenteAmministrativo />
		<SedeAmministrativa />
		<Abilitato>True</Abilitato>
		<TSModifica>2004-06-25T18:22:16.3270000+02:00</TSModifica>
		<ResponsabileAggiornamento />
	</Operatore>
	<Operatore>
		<CodiceOperatoreSDC>OEAEMTD</CodiceOperatoreSDC>
		<RagioneSociale>AZIENDA ENERGETICA METROPOLITANA TORINO SPA</RagioneSociale>
		<Indirizzo1 />
		<Indirizzo2 />
		<Citta />
		<Nazione />
		<CodiceFiscale />
		<PartitaIVA />
		<Fax />
		<Email />
		<ReferenteAmministrativo />
		<SedeAmministrativa />
		<Abilitato>True</Abilitato>
		<TSModifica>2004-06-25T18:22:16.3270000+02:00</TSModifica>
		<ResponsabileAggiornamento />
	</Operatore>
	<Operatore>
		<CodiceOperatoreSDC>OEAESMN</CodiceOperatoreSDC>
		<RagioneSociale>ASM ENERGY</RagioneSociale>
		<Indirizzo1 />
		<Indirizzo2 />
		<Citta />
		<Nazione />
		<CodiceFiscale />
		<PartitaIVA />
		<Fax />
		<Email />
		<ReferenteAmministrativo />
		<SedeAmministrativa />
		<Abilitato>True</Abilitato>
		<TSModifica>2004-06-25T18:22:16.3430000+02:00</TSModifica>
		<ResponsabileAggiornamento />
	</Operatore>
	<Operatore>
		<CodiceOperatoreSDC>OEAESRL</CodiceOperatoreSDC>
		<RagioneSociale>ATEL ENERGIA Srl</RagioneSociale>
		<Indirizzo1 />
		<Indirizzo2 />
		<Citta />
		<Nazione />
		<CodiceFiscale />
		<PartitaIVA />
		<Fax />
		<Email />
		<ReferenteAmministrativo />
		<SedeAmministrativa />
		<Abilitato>True</Abilitato>
		<TSModifica>2004-06-25T18:22:16.3430000+02:00</TSModifica>
		<ResponsabileAggiornamento />
	</Operatore>
	<Operatore>
		<CodiceOperatoreSDC>OEAETRT</CodiceOperatoreSDC>
		<RagioneSociale>AARE TESSIN</RagioneSociale>
		<Indirizzo1 />
		<Indirizzo2 />
		<Citta />
		<Nazione />
		<CodiceFiscale />
		<PartitaIVA />
		<Fax />
		<Email />
		<ReferenteAmministrativo />
		<SedeAmministrativa />
		<Abilitato>True</Abilitato>
		<TSModifica>2004-06-25T18:22:16.3430000+02:00</TSModifica>
		<ResponsabileAggiornamento />
	</Operatore>
	<Operatore>
		<CodiceOperatoreSDC>OEAGSMV</CodiceOperatoreSDC>
		<RagioneSociale>AGSM VERONA SPA</RagioneSociale>
		<Indirizzo1 />
		<Indirizzo2 />
		<Citta />
		<Nazione />
		<CodiceFiscale />
		<PartitaIVA />
		<Fax />
		<Email />
		<ReferenteAmministrativo />
		<SedeAmministrativa />
		<Abilitato>True</Abilitato>
		<TSModifica>2004-06-25T18:22:16.3430000+02:00</TSModifica>
		<ResponsabileAggiornamento />
	</Operatore>
	<Operatore>
		<CodiceOperatoreSDC>OEAOESS</CodiceOperatoreSDC>
		<RagioneSociale>AES OTTANA ENERGIA SRL</RagioneSociale>
		<Indirizzo1 />
		<Indirizzo2 />
		<Citta />
		<Nazione />
		<CodiceFiscale />
		<PartitaIVA />
		<Fax />
		<Email />
		<ReferenteAmministrativo />
		<SedeAmministrativa />
		<Abilitato>True</Abilitato>
		<TSModifica>2004-06-25T18:22:16.3600000+02:00</TSModifica>
		<ResponsabileAggiornamento />
	</Operatore>
	<Operatore>
		<CodiceOperatoreSDC>OEAPSCL</CodiceOperatoreSDC>
		<RagioneSociale>ACEAELECTRABEL  PRODUZIONE S.p.A.</RagioneSociale>
		<Indirizzo1 />
		<Indirizzo2 />
		<Citta />
		<Nazione />
		<CodiceFiscale />
		<PartitaIVA />
		<Fax />
		<Email />
		<ReferenteAmministrativo />
		<SedeAmministrativa />
		<Abilitato>True</Abilitato>
		<TSModifica>2004-06-25T18:22:16.3600000+02:00</TSModifica>
		<ResponsabileAggiornamento />
	</Operatore>
	<Operatore>
		<CodiceOperatoreSDC>OEASMPE</CodiceOperatoreSDC>
		<RagioneSociale>AEM CREMONA SPA</RagioneSociale>
		<Indirizzo1 />
		<Indirizzo2 />
		<Citta />
		<Nazione />
		<CodiceFiscale />
		<PartitaIVA />
		<Fax />
		<Email />
		<ReferenteAmministrativo />
		<SedeAmministrativa />
		<Abilitato>True</Abilitato>
		<TSModifica>2004-06-25T18:22:16.3600000+02:00</TSModifica>
		<ResponsabileAggiornamento />
	</Operatore>
	<Operatore>
		<CodiceOperatoreSDC>OEATMRD</CodiceOperatoreSDC>
		<RagioneSociale>AEM TRADING S.R.L.</RagioneSociale>
		<Indirizzo1 />
		<Indirizzo2 />
		<Citta />
		<Nazione />
		<CodiceFiscale />
		<PartitaIVA />
		<Fax />
		<Email />
		<ReferenteAmministrativo />
		<SedeAmministrativa />
		<Abilitato>True</Abilitato>
		<TSModifica>2004-06-25T18:22:16.3770000+02:00</TSModifica>
		<ResponsabileAggiornamento />
	</Operatore>
	<Operatore>
		<CodiceOperatoreSDC>OEATSCL</CodiceOperatoreSDC>
		<RagioneSociale>OEATSCL</RagioneSociale>
		<Indirizzo1 />
		<Indirizzo2 />
		<Citta />
		<Nazione />
		<CodiceFiscale />
		<PartitaIVA />
		<Fax />
		<Email />
		<ReferenteAmministrativo />
		<SedeAmministrativa />
		<Abilitato>True</Abilitato>
		<TSModifica>2004-06-25T18:36:15.2930000+02:00</TSModifica>
		<ResponsabileAggiornamento />
	</Operatore>
	<Operatore>
		<CodiceOperatoreSDC>OEBESRN</CodiceOperatoreSDC>
		<RagioneSociale>BURGO ENERGIA SRL</RagioneSociale>
		<Indirizzo1 />
		<Indirizzo2 />
		<Citta />
		<Nazione />
		<CodiceFiscale />
		<PartitaIVA />
		<Fax />
		<Email />
		<ReferenteAmministrativo />
		<SedeAmministrativa />
		<Abilitato>True</Abilitato>
		<TSModifica>2004-06-25T18:22:16.3770000+02:00</TSModifica>
		<ResponsabileAggiornamento />
	</Operatore>
	<Operatore>
		<CodiceOperatoreSDC>OECAENM</CodiceOperatoreSDC>
		<RagioneSociale>CONSORZIO AMGA ENERGIA</RagioneSociale>
		<Indirizzo1 />
		<Indirizzo2 />
		<Citta />
		<Nazione />
		<CodiceFiscale />
		<PartitaIVA />
		<Fax />
		<Email />
		<ReferenteAmministrativo />
		<SedeAmministrativa />
		<Abilitato>True</Abilitato>
		<TSModifica>2004-06-25T18:22:16.3770000+02:00</TSModifica>
		<ResponsabileAggiornamento />
	</Operatore>
	<Operatore>
		<CodiceOperatoreSDC>OECANSM</CodiceOperatoreSDC>
		<RagioneSociale>OECANSM</RagioneSociale>
		<Indirizzo1 />
		<Indirizzo2 />
		<Citta />
		<Nazione />
		<CodiceFiscale />
		<PartitaIVA />
		<Fax />
		<Email />
		<ReferenteAmministrativo />
		<SedeAmministrativa />
		<Abilitato>True</Abilitato>
		<TSModifica>2004-06-25T18:41:10.9200000+02:00</TSModifica>
		<ResponsabileAggiornamento />
	</Operatore>
	<Operatore>
		<CodiceOperatoreSDC>OECBSRG</CodiceOperatoreSDC>
		<RagioneSociale>CARTIERE BURGO S.P.A.</RagioneSociale>
		<Indirizzo1 />
		<Indirizzo2 />
		<Citta />
		<Nazione />
		<CodiceFiscale />
		<PartitaIVA />
		<Fax />
		<Email />
		<ReferenteAmministrativo />
		<SedeAmministrativa />
		<Abilitato>True</Abilitato>
		<TSModifica>2004-06-25T18:22:16.3770000+02:00</TSModifica>
		<ResponsabileAggiornamento />
	</Operatore>
	<Operatore>
		<CodiceOperatoreSDC>OECDCRD</CodiceOperatoreSDC>
		<RagioneSociale>CARTIERA DI CADIDAVID SRL</RagioneSociale>
		<Indirizzo1 />
		<Indirizzo2 />
		<Citta />
		<Nazione />
		<CodiceFiscale />
		<PartitaIVA />
		<Fax />
		<Email />
		<ReferenteAmministrativo />
		<SedeAmministrativa />
		<Abilitato>True</Abilitato>
		<TSModifica>2004-06-25T18:22:16.3900000+02:00</TSModifica>
		<ResponsabileAggiornamento />
	</Operatore>
	<Operatore>
		<CodiceOperatoreSDC>OECEFFR</CodiceOperatoreSDC>
		<RagioneSociale>CAFFARO ENERGIA SRL</RagioneSociale>
		<Indirizzo1 />
		<Indirizzo2 />
		<Citta />
		<Nazione />
		<CodiceFiscale />
		<PartitaIVA />
		<Fax />
		<Email />
		<ReferenteAmministrativo />
		<SedeAmministrativa />
		<Abilitato>True</Abilitato>
		<TSModifica>2004-06-25T18:22:16.3900000+02:00</TSModifica>
		<ResponsabileAggiornamento />
	</Operatore>
	<Operatore>
		<CodiceOperatoreSDC>OECENSC</CodiceOperatoreSDC>
		<RagioneSociale>CONSORZIO ENECO</RagioneSociale>
		<Indirizzo1 />
		<Indirizzo2 />
		<Citta />
		<Nazione />
		<CodiceFiscale />
		<PartitaIVA />
		<Fax />
		<Email />
		<ReferenteAmministrativo />
		<SedeAmministrativa />
		<Abilitato>True</Abilitato>
		<TSModifica>2004-06-25T18:22:16.3900000+02:00</TSModifica>
		<ResponsabileAggiornamento />
	</Operatore>
	<Operatore>
		<CodiceOperatoreSDC>OECEPMN</CodiceOperatoreSDC>
		<RagioneSociale>ENERGIA PULITA MULTIUTILITY</RagioneSociale>
		<Indirizzo1 />
		<Indirizzo2 />
		<Citta />
		<Nazione />
		<CodiceFiscale />
		<PartitaIVA />
		<Fax />
		<Email />
		<ReferenteAmministrativo />
		<SedeAmministrativa />
		<Abilitato>True</Abilitato>
		<TSModifica>2004-06-25T18:22:16.4070000+02:00</TSModifica>
		<ResponsabileAggiornamento />
	</Operatore>
	<Operatore>
		<CodiceOperatoreSDC>OECSVPA</CodiceOperatoreSDC>
		<RagioneSociale>C.V.A. S.p.A.</RagioneSociale>
		<Indirizzo1 />
		<Indirizzo2 />
		<Citta />
		<Nazione />
		<CodiceFiscale />
		<PartitaIVA />
		<Fax />
		<Email />
		<ReferenteAmministrativo />
		<SedeAmministrativa />
		<Abilitato>True</Abilitato>
		<TSModifica>2004-06-25T18:22:16.4070000+02:00</TSModifica>
		<ResponsabileAggiornamento />
	</Operatore>
	<Operatore>
		<CodiceOperatoreSDC>OECTSVR</CodiceOperatoreSDC>
		<RagioneSociale>CVA TRADING SRL</RagioneSociale>
		<Indirizzo1 />
		<Indirizzo2 />
		<Citta />
		<Nazione />
		<CodiceFiscale />
		<PartitaIVA />
		<Fax />
		<Email />
		<ReferenteAmministrativo />
		<SedeAmministrativa />
		<Abilitato>True</Abilitato>
		<TSModifica>2004-06-25T18:22:16.4070000+02:00</TSModifica>
		<ResponsabileAggiornamento />
	</Operatore>
	<Operatore>
		<CodiceOperatoreSDC>OEEGPSN</CodiceOperatoreSDC>
		<RagioneSociale>ENEL GREEN POWER S.P.A.</RagioneSociale>
		<Indirizzo1 />
		<Indirizzo2 />
		<Citta />
		<Nazione />
		<CodiceFiscale />
		<PartitaIVA />
		<Fax />
		<Email />
		<ReferenteAmministrativo />
		<SedeAmministrativa />
		<Abilitato>True</Abilitato>
		<TSModifica>2004-06-25T18:22:16.4230000+02:00</TSModifica>
		<ResponsabileAggiornamento />
	</Operatore>
	<Operatore>
		<CodiceOperatoreSDC>OEEGSLT</CodiceOperatoreSDC>
		<RagioneSociale>ELETTRA GLL SPA</RagioneSociale>
		<Indirizzo1 />
		<Indirizzo2 />
		<Citta />
		<Nazione />
		<CodiceFiscale />
		<PartitaIVA />
		<Fax />
		<Email />
		<ReferenteAmministrativo />
		<SedeAmministrativa />
		<Abilitato>True</Abilitato>
		<TSModifica>2004-06-25T18:22:16.4230000+02:00</TSModifica>
		<ResponsabileAggiornamento />
	</Operatore>
	<Operatore>
		<CodiceOperatoreSDC>OEEINDS</CodiceOperatoreSDC>
		<RagioneSociale>ENDESA ITALIA SRL</RagioneSociale>
		<Indirizzo1 />
		<Indirizzo2 />
		<Citta />
		<Nazione />
		<CodiceFiscale />
		<PartitaIVA />
		<Fax />
		<Email />
		<ReferenteAmministrativo />
		<SedeAmministrativa />
		<Abilitato>True</Abilitato>
		<TSModifica>2004-06-25T18:22:16.4230000+02:00</TSModifica>
		<ResponsabileAggiornamento />
	</Operatore>
	<Operatore>
		<CodiceOperatoreSDC>OEEISND</CodiceOperatoreSDC>
		<RagioneSociale>OEEISND</RagioneSociale>
		<Indirizzo1 />
		<Indirizzo2 />
		<Citta />
		<Nazione />
		<CodiceFiscale />
		<PartitaIVA />
		<Fax />
		<Email />
		<ReferenteAmministrativo />
		<SedeAmministrativa />
		<Abilitato>True</Abilitato>
		<TSModifica>2004-06-25T18:28:40.4200000+02:00</TSModifica>
		<ResponsabileAggiornamento />
	</Operatore>
	<Operatore>
		<CodiceOperatoreSDC>OEEISPG</CodiceOperatoreSDC>
		<RagioneSociale>EGL ITALIA S.p.A.</RagioneSociale>
		<Indirizzo1 />
		<Indirizzo2 />
		<Citta />
		<Nazione />
		<CodiceFiscale />
		<PartitaIVA />
		<Fax />
		<Email />
		<ReferenteAmministrativo />
		<SedeAmministrativa />
		<Abilitato>True</Abilitato>
		<TSModifica>2004-06-25T18:22:16.4230000+02:00</TSModifica>
		<ResponsabileAggiornamento />
	</Operatore>
	<Operatore>
		<CodiceOperatoreSDC>OEENCSR</CodiceOperatoreSDC>
		<RagioneSociale>ERG  NUOVE CENTRALI SRL</RagioneSociale>
		<Indirizzo1 />
		<Indirizzo2 />
		<Citta />
		<Nazione />
		<CodiceFiscale />
		<PartitaIVA />
		<Fax />
		<Email />
		<ReferenteAmministrativo />
		<SedeAmministrativa />
		<Abilitato>True</Abilitato>
		<TSModifica>2004-06-25T18:22:16.4370000+02:00</TSModifica>
		<ResponsabileAggiornamento />
	</Operatore>
	<Operatore>
		<CodiceOperatoreSDC>OEEP&amp;GS</CodiceOperatoreSDC>
		<RagioneSociale />
		<Indirizzo1 />
		<Indirizzo2 />
		<Citta />
		<Nazione />
		<CodiceFiscale />
		<PartitaIVA />
		<Fax />
		<Email />
		<ReferenteAmministrativo />
		<SedeAmministrativa />
		<Abilitato>True</Abilitato>
		<TSModifica>2004-06-25T18:22:16.4370000+02:00</TSModifica>
		<ResponsabileAggiornamento />
	</Operatore>
	<Operatore>
		<CodiceOperatoreSDC>OEEP-GS</CodiceOperatoreSDC>
		<RagioneSociale>OEEP-GS</RagioneSociale>
		<Indirizzo1 />
		<Indirizzo2 />
		<Citta />
		<Nazione />
		<CodiceFiscale />
		<PartitaIVA />
		<Fax />
		<Email />
		<ReferenteAmministrativo />
		<SedeAmministrativa />
		<Abilitato>True</Abilitato>
		<TSModifica>2004-06-25T18:29:40.5900000+02:00</TSModifica>
		<ResponsabileAggiornamento />
	</Operatore>
	<Operatore>
		<CodiceOperatoreSDC>OEEPSNL</CodiceOperatoreSDC>
		<RagioneSociale>ENEL PRODUZIONE S.P.A.</RagioneSociale>
		<Indirizzo1 />
		<Indirizzo2 />
		<Citta />
		<Nazione />
		<CodiceFiscale />
		<PartitaIVA />
		<Fax />
		<Email />
		<ReferenteAmministrativo />
		<SedeAmministrativa />
		<Abilitato>True</Abilitato>
		<TSModifica>2004-06-25T18:22:16.4370000+02:00</TSModifica>
		<ResponsabileAggiornamento />
	</Operatore>
	<Operatore>
		<CodiceOperatoreSDC>OEERGNU</CodiceOperatoreSDC>
		<RagioneSociale>EUROGEN SPA</RagioneSociale>
		<Indirizzo1 />
		<Indirizzo2 />
		<Citta />
		<Nazione />
		<CodiceFiscale />
		<PartitaIVA />
		<Fax />
		<Email />
		<ReferenteAmministrativo />
		<SedeAmministrativa />
		<Abilitato>True</Abilitato>
		<TSModifica>2004-06-25T18:22:16.4530000+02:00</TSModifica>
		<ResponsabileAggiornamento />
	</Operatore>
	<Operatore>
		<CodiceOperatoreSDC>OEERMSR</CodiceOperatoreSDC>
		<RagioneSociale>ERG RAFFINERIE SRL</RagioneSociale>
		<Indirizzo1 />
		<Indirizzo2 />
		<Citta />
		<Nazione />
		<CodiceFiscale />
		<PartitaIVA />
		<Fax />
		<Email />
		<ReferenteAmministrativo />
		<SedeAmministrativa />
		<Abilitato>True</Abilitato>
		<TSModifica>2004-06-25T18:22:16.4530000+02:00</TSModifica>
		<ResponsabileAggiornamento />
	</Operatore>
	<Operatore>
		<CodiceOperatoreSDC>OEESDAN</CodiceOperatoreSDC>
		<RagioneSociale>ENI SPA DIVISIONE REFINING E MARKETING</RagioneSociale>
		<Indirizzo1 />
		<Indirizzo2 />
		<Citta />
		<Nazione />
		<CodiceFiscale />
		<PartitaIVA />
		<Fax />
		<Email />
		<ReferenteAmministrativo />
		<SedeAmministrativa />
		<Abilitato>True</Abilitato>
		<TSModifica>2004-06-25T18:22:16.4530000+02:00</TSModifica>
		<ResponsabileAggiornamento />
	</Operatore>
	<Operatore>
		<CodiceOperatoreSDC>OEESDPW</CodiceOperatoreSDC>
		<RagioneSociale>EDIPOWER SPA</RagioneSociale>
		<Indirizzo1 />
		<Indirizzo2 />
		<Citta />
		<Nazione />
		<CodiceFiscale />
		<PartitaIVA />
		<Fax />
		<Email />
		<ReferenteAmministrativo />
		<SedeAmministrativa />
		<Abilitato>True</Abilitato>
		<TSModifica>2004-06-25T18:22:16.4700000+02:00</TSModifica>
		<ResponsabileAggiornamento />
	</Operatore>
	<Operatore>
		<CodiceOperatoreSDC>OEESDSP</CodiceOperatoreSDC>
		<RagioneSociale>EDISON S.P.A.</RagioneSociale>
		<Indirizzo1 />
		<Indirizzo2 />
		<Citta />
		<Nazione />
		<CodiceFiscale />
		<PartitaIVA />
		<Fax />
		<Email />
		<ReferenteAmministrativo />
		<SedeAmministrativa />
		<Abilitato>True</Abilitato>
		<TSModifica>2004-06-25T18:22:16.4700000+02:00</TSModifica>
		<ResponsabileAggiornamento />
	</Operatore>
	<Operatore>
		<CodiceOperatoreSDC>OEESNPW</CodiceOperatoreSDC>
		<RagioneSociale>ENIPOWER SPA</RagioneSociale>
		<Indirizzo1 />
		<Indirizzo2 />
		<Citta />
		<Nazione />
		<CodiceFiscale />
		<PartitaIVA />
		<Fax />
		<Email />
		<ReferenteAmministrativo />
		<SedeAmministrativa />
		<Abilitato>True</Abilitato>
		<TSModifica>2004-06-25T18:22:16.4700000+02:00</TSModifica>
		<ResponsabileAggiornamento />
	</Operatore>
	<Operatore>
		<CodiceOperatoreSDC>OEESPA</CodiceOperatoreSDC>
		<RagioneSociale>SYNDIAL ATTIVITA DIVERSIFICATE</RagioneSociale>
		<Indirizzo1 />
		<Indirizzo2 />
		<Citta />
		<Nazione />
		<CodiceFiscale />
		<PartitaIVA />
		<Fax />
		<Email />
		<ReferenteAmministrativo />
		<SedeAmministrativa />
		<Abilitato>True</Abilitato>
		<TSModifica>2004-06-25T18:22:16.4700000+02:00</TSModifica>
		<ResponsabileAggiornamento />
	</Operatore>
	<Operatore>
		<CodiceOperatoreSDC>OEESSRR</CodiceOperatoreSDC>
		<RagioneSociale>OEESSRR</RagioneSociale>
		<Indirizzo1 />
		<Indirizzo2 />
		<Citta />
		<Nazione />
		<CodiceFiscale />
		<PartitaIVA />
		<Fax />
		<Email />
		<ReferenteAmministrativo />
		<SedeAmministrativa />
		<Abilitato>True</Abilitato>
		<TSModifica>2004-06-25T18:38:36.2170000+02:00</TSModifica>
		<ResponsabileAggiornamento />
	</Operatore>
	<Operatore>
		<CodiceOperatoreSDC>OEET(AS</CodiceOperatoreSDC>
		<RagioneSociale>ENECO TRADE SRL</RagioneSociale>
		<Indirizzo1 />
		<Indirizzo2 />
		<Citta />
		<Nazione />
		<CodiceFiscale />
		<PartitaIVA />
		<Fax />
		<Email />
		<ReferenteAmministrativo />
		<SedeAmministrativa />
		<Abilitato>True</Abilitato>
		<TSModifica>2004-06-25T18:22:16.4830000+02:00</TSModifica>
		<ResponsabileAggiornamento />
	</Operatore>
	<Operatore>
		<CodiceOperatoreSDC>OEETSDN</CodiceOperatoreSDC>
		<RagioneSociale>EDISON TRADING S.P.A.</RagioneSociale>
		<Indirizzo1 />
		<Indirizzo2 />
		<Citta />
		<Nazione />
		<CodiceFiscale />
		<PartitaIVA />
		<Fax />
		<Email />
		<ReferenteAmministrativo />
		<SedeAmministrativa />
		<Abilitato>True</Abilitato>
		<TSModifica>2004-06-25T18:22:16.4830000+02:00</TSModifica>
		<ResponsabileAggiornamento />
	</Operatore>
	<Operatore>
		<CodiceOperatoreSDC>OEETSNL</CodiceOperatoreSDC>
		<RagioneSociale>ENEL TRADE SPA</RagioneSociale>
		<Indirizzo1 />
		<Indirizzo2 />
		<Citta />
		<Nazione />
		<CodiceFiscale />
		<PartitaIVA />
		<Fax />
		<Email />
		<ReferenteAmministrativo />
		<SedeAmministrativa />
		<Abilitato>True</Abilitato>
		<TSModifica>2004-06-25T18:22:16.4830000+02:00</TSModifica>
		<ResponsabileAggiornamento />
	</Operatore>
	<Operatore>
		<CodiceOperatoreSDC>OEETSNP</CodiceOperatoreSDC>
		<RagioneSociale>ENIPOWER TRADING SpA</RagioneSociale>
		<Indirizzo1 />
		<Indirizzo2 />
		<Citta />
		<Nazione />
		<CodiceFiscale />
		<PartitaIVA />
		<Fax />
		<Email />
		<ReferenteAmministrativo />
		<SedeAmministrativa />
		<Abilitato>True</Abilitato>
		<TSModifica>2004-06-25T18:22:16.5000000+02:00</TSModifica>
		<ResponsabileAggiornamento />
	</Operatore>
	<Operatore>
		<CodiceOperatoreSDC>OEEVSCL</CodiceOperatoreSDC>
		<RagioneSociale>CARLO TASSARA SPA</RagioneSociale>
		<Indirizzo1 />
		<Indirizzo2 />
		<Citta />
		<Nazione />
		<CodiceFiscale />
		<PartitaIVA />
		<Fax />
		<Email />
		<ReferenteAmministrativo />
		<SedeAmministrativa />
		<Abilitato>True</Abilitato>
		<TSModifica>2004-06-25T18:22:16.5000000+02:00</TSModifica>
		<ResponsabileAggiornamento />
	</Operatore>
	<Operatore>
		<CodiceOperatoreSDC>OEEWSNR</CodiceOperatoreSDC>
		<RagioneSociale>ENERGY WATT SRL</RagioneSociale>
		<Indirizzo1 />
		<Indirizzo2 />
		<Citta />
		<Nazione />
		<CodiceFiscale />
		<PartitaIVA />
		<Fax />
		<Email />
		<ReferenteAmministrativo />
		<SedeAmministrativa />
		<Abilitato>True</Abilitato>
		<TSModifica>2004-06-25T18:22:16.5000000+02:00</TSModifica>
		<ResponsabileAggiornamento />
	</Operatore>
	<Operatore>
		<CodiceOperatoreSDC>OEFSNCP</CodiceOperatoreSDC>
		<RagioneSociale>FENICE SPA</RagioneSociale>
		<Indirizzo1 />
		<Indirizzo2 />
		<Citta />
		<Nazione />
		<CodiceFiscale />
		<PartitaIVA />
		<Fax />
		<Email />
		<ReferenteAmministrativo />
		<SedeAmministrativa />
		<Abilitato>True</Abilitato>
		<TSModifica>2004-06-25T18:22:16.5170000+02:00</TSModifica>
		<ResponsabileAggiornamento />
	</Operatore>
	<Operatore>
		<CodiceOperatoreSDC>OEFSSLP</CodiceOperatoreSDC>
		<RagioneSociale>FILIPPO SANSEVERINO SRL</RagioneSociale>
		<Indirizzo1 />
		<Indirizzo2 />
		<Citta />
		<Nazione />
		<CodiceFiscale />
		<PartitaIVA />
		<Fax />
		<Email />
		<ReferenteAmministrativo />
		<SedeAmministrativa />
		<Abilitato>True</Abilitato>
		<TSModifica>2004-06-25T18:22:16.5170000+02:00</TSModifica>
		<ResponsabileAggiornamento />
	</Operatore>
	<Operatore>
		<CodiceOperatoreSDC>OEICCSN</CodiceOperatoreSDC>
		<RagioneSociale>OEICCSN</RagioneSociale>
		<Indirizzo1 />
		<Indirizzo2 />
		<Citta />
		<Nazione />
		<CodiceFiscale />
		<PartitaIVA />
		<Fax />
		<Email />
		<ReferenteAmministrativo />
		<SedeAmministrativa />
		<Abilitato>True</Abilitato>
		<TSModifica>2004-06-25T18:43:25.2770000+02:00</TSModifica>
		<ResponsabileAggiornamento />
	</Operatore>
	<Operatore>
		<CodiceOperatoreSDC>OEIDRNR</CodiceOperatoreSDC>
		<RagioneSociale>IDROENERGIA scrl</RagioneSociale>
		<Indirizzo1 />
		<Indirizzo2 />
		<Citta />
		<Nazione />
		<CodiceFiscale />
		<PartitaIVA />
		<Fax />
		<Email />
		<ReferenteAmministrativo />
		<SedeAmministrativa />
		<Abilitato>True</Abilitato>
		<TSModifica>2004-06-25T18:22:16.5170000+02:00</TSModifica>
		<ResponsabileAggiornamento />
	</Operatore>
	<Operatore>
		<CodiceOperatoreSDC>OEISDRT</CodiceOperatoreSDC>
		<RagioneSociale>IDROELETTRICA scrl</RagioneSociale>
		<Indirizzo1 />
		<Indirizzo2 />
		<Citta />
		<Nazione />
		<CodiceFiscale />
		<PartitaIVA />
		<Fax />
		<Email />
		<ReferenteAmministrativo />
		<SedeAmministrativa />
		<Abilitato>True</Abilitato>
		<TSModifica>2004-06-25T18:22:16.5170000+02:00</TSModifica>
		<ResponsabileAggiornamento />
	</Operatore>
	<Operatore>
		<CodiceOperatoreSDC>OEISNTP</CodiceOperatoreSDC>
		<RagioneSociale>TIRRENO POWER S.P.A.</RagioneSociale>
		<Indirizzo1 />
		<Indirizzo2 />
		<Citta />
		<Nazione />
		<CodiceFiscale />
		<PartitaIVA />
		<Fax />
		<Email />
		<ReferenteAmministrativo />
		<SedeAmministrativa />
		<Abilitato>True</Abilitato>
		<TSModifica>2004-06-25T18:22:16.5300000+02:00</TSModifica>
		<ResponsabileAggiornamento />
	</Operatore>
	<Operatore>
		<CodiceOperatoreSDC>OEITLCM</CodiceOperatoreSDC>
		<RagioneSociale>ITALGEN S.P.A.</RagioneSociale>
		<Indirizzo1 />
		<Indirizzo2 />
		<Citta />
		<Nazione />
		<CodiceFiscale />
		<PartitaIVA />
		<Fax />
		<Email />
		<ReferenteAmministrativo />
		<SedeAmministrativa />
		<Abilitato>True</Abilitato>
		<TSModifica>2004-06-25T18:22:16.5300000+02:00</TSModifica>
		<ResponsabileAggiornamento />
	</Operatore>
	<Operatore>
		<CodiceOperatoreSDC>OEMESLP</CodiceOperatoreSDC>
		<RagioneSociale>MALPENSA ENERGIA SRL</RagioneSociale>
		<Indirizzo1 />
		<Indirizzo2 />
		<Citta />
		<Nazione />
		<CodiceFiscale />
		<PartitaIVA />
		<Fax />
		<Email />
		<ReferenteAmministrativo />
		<SedeAmministrativa />
		<Abilitato>True</Abilitato>
		<TSModifica>2004-06-25T18:22:16.5300000+02:00</TSModifica>
		<ResponsabileAggiornamento />
	</Operatore>
	<Operatore>
		<CodiceOperatoreSDC>OEMSPAE</CodiceOperatoreSDC>
		<RagioneSociale>META SPA</RagioneSociale>
		<Indirizzo1 />
		<Indirizzo2 />
		<Citta />
		<Nazione />
		<CodiceFiscale />
		<PartitaIVA />
		<Fax />
		<Email />
		<ReferenteAmministrativo />
		<SedeAmministrativa />
		<Abilitato>True</Abilitato>
		<TSModifica>2004-06-25T18:22:16.5470000+02:00</TSModifica>
		<ResponsabileAggiornamento />
	</Operatore>
	<Operatore>
		<CodiceOperatoreSDC>OEMSPAZ</CodiceOperatoreSDC>
		<RagioneSociale>MARZOTTO S.P.A.</RagioneSociale>
		<Indirizzo1 />
		<Indirizzo2 />
		<Citta />
		<Nazione />
		<CodiceFiscale />
		<PartitaIVA />
		<Fax />
		<Email />
		<ReferenteAmministrativo />
		<SedeAmministrativa />
		<Abilitato>True</Abilitato>
		<TSModifica>2004-06-25T18:22:16.5470000+02:00</TSModifica>
		<ResponsabileAggiornamento />
	</Operatore>
	<Operatore>
		<CodiceOperatoreSDC>OEPESRM</CodiceOperatoreSDC>
		<RagioneSociale>PRIMIERO ENERGIA SPA</RagioneSociale>
		<Indirizzo1 />
		<Indirizzo2 />
		<Citta />
		<Nazione />
		<CodiceFiscale />
		<PartitaIVA />
		<Fax />
		<Email />
		<ReferenteAmministrativo />
		<SedeAmministrativa />
		<Abilitato>True</Abilitato>
		<TSModifica>2004-06-25T18:22:16.5470000+02:00</TSModifica>
		<ResponsabileAggiornamento />
	</Operatore>
	<Operatore>
		<CodiceOperatoreSDC>OERISQT</CodiceOperatoreSDC>
		<RagioneSociale>ROQUETTE ITALIA SPA</RagioneSociale>
		<Indirizzo1 />
		<Indirizzo2 />
		<Citta />
		<Nazione />
		<CodiceFiscale />
		<PartitaIVA />
		<Fax />
		<Email />
		<ReferenteAmministrativo />
		<SedeAmministrativa />
		<Abilitato>True</Abilitato>
		<TSModifica>2004-06-25T18:22:16.5630000+02:00</TSModifica>
		<ResponsabileAggiornamento />
	</Operatore>
	<Operatore>
		<CodiceOperatoreSDC>OERSSPA</CodiceOperatoreSDC>
		<RagioneSociale>RAFFINERIA SARPOM S.p.A.</RagioneSociale>
		<Indirizzo1 />
		<Indirizzo2 />
		<Citta />
		<Nazione />
		<CodiceFiscale />
		<PartitaIVA />
		<Fax />
		<Email />
		<ReferenteAmministrativo />
		<SedeAmministrativa />
		<Abilitato>True</Abilitato>
		<TSModifica>2004-06-25T18:22:16.5630000+02:00</TSModifica>
		<ResponsabileAggiornamento />
	</Operatore>
	<Operatore>
		<CodiceOperatoreSDC>OESESGT</CodiceOperatoreSDC>
		<RagioneSociale>SAGETER ENERGIA SPA</RagioneSociale>
		<Indirizzo1 />
		<Indirizzo2 />
		<Citta />
		<Nazione />
		<CodiceFiscale />
		<PartitaIVA />
		<Fax />
		<Email />
		<ReferenteAmministrativo />
		<SedeAmministrativa />
		<Abilitato>True</Abilitato>
		<TSModifica>2004-06-25T18:22:16.5630000+02:00</TSModifica>
		<ResponsabileAggiornamento />
	</Operatore>
	<Operatore>
		<CodiceOperatoreSDC>OESESML</CodiceOperatoreSDC>
		<RagioneSociale>SISMA ELETTRICA  S.P.A.</RagioneSociale>
		<Indirizzo1 />
		<Indirizzo2 />
		<Citta />
		<Nazione />
		<CodiceFiscale />
		<PartitaIVA />
		<Fax />
		<Email />
		<ReferenteAmministrativo />
		<SedeAmministrativa />
		<Abilitato>True</Abilitato>
		<TSModifica>2004-06-25T18:22:16.5630000+02:00</TSModifica>
		<ResponsabileAggiornamento />
	</Operatore>
	<Operatore>
		<CodiceOperatoreSDC>OESETSR</CodiceOperatoreSDC>
		<RagioneSociale>EDISON TRADING S.P.A.</RagioneSociale>
		<Indirizzo1 />
		<Indirizzo2 />
		<Citta />
		<Nazione />
		<CodiceFiscale />
		<PartitaIVA />
		<Fax />
		<Email />
		<ReferenteAmministrativo />
		<SedeAmministrativa />
		<Abilitato>True</Abilitato>
		<TSModifica>2004-06-25T18:22:16.5770000+02:00</TSModifica>
		<ResponsabileAggiornamento />
	</Operatore>
	<Operatore>
		<CodiceOperatoreSDC>OESRDGS</CodiceOperatoreSDC>
		<RagioneSociale>SOCIETA' RAFFINERIA DI GELA SPA</RagioneSociale>
		<Indirizzo1 />
		<Indirizzo2 />
		<Citta />
		<Nazione />
		<CodiceFiscale />
		<PartitaIVA />
		<Fax />
		<Email />
		<ReferenteAmministrativo />
		<SedeAmministrativa />
		<Abilitato>True</Abilitato>
		<TSModifica>2004-06-25T18:22:16.5770000+02:00</TSModifica>
		<ResponsabileAggiornamento />
	</Operatore>
	<Operatore>
		<CodiceOperatoreSDC>OESSCPE</CodiceOperatoreSDC>
		<RagioneSociale>SIECO SPA</RagioneSociale>
		<Indirizzo1 />
		<Indirizzo2 />
		<Citta />
		<Nazione />
		<CodiceFiscale />
		<PartitaIVA />
		<Fax />
		<Email />
		<ReferenteAmministrativo />
		<SedeAmministrativa />
		<Abilitato>True</Abilitato>
		<TSModifica>2004-06-25T18:22:16.5770000+02:00</TSModifica>
		<ResponsabileAggiornamento />
	</Operatore>
	<Operatore>
		<CodiceOperatoreSDC>OESSIET</CodiceOperatoreSDC>
		<RagioneSociale>S.I.E.T. (Societ� Intermediazione Energia Torino) S.p.A.</RagioneSociale>
		<Indirizzo1 />
		<Indirizzo2 />
		<Citta />
		<Nazione />
		<CodiceFiscale />
		<PartitaIVA />
		<Fax />
		<Email />
		<ReferenteAmministrativo />
		<SedeAmministrativa />
		<Abilitato>True</Abilitato>
		<TSModifica>2004-06-25T18:22:16.5930000+02:00</TSModifica>
		<ResponsabileAggiornamento />
	</Operatore>
	<Operatore>
		<CodiceOperatoreSDC>OESSPA9</CodiceOperatoreSDC>
		<RagioneSociale>SARAS SPA</RagioneSociale>
		<Indirizzo1 />
		<Indirizzo2 />
		<Citta />
		<Nazione />
		<CodiceFiscale />
		<PartitaIVA />
		<Fax />
		<Email />
		<ReferenteAmministrativo />
		<SedeAmministrativa />
		<Abilitato>True</Abilitato>
		<TSModifica>2004-06-25T18:22:16.5930000+02:00</TSModifica>
		<ResponsabileAggiornamento />
	</Operatore>
	<Operatore>
		<CodiceOperatoreSDC>OESSSTN</CodiceOperatoreSDC>
		<RagioneSociale>OESSSTN</RagioneSociale>
		<Indirizzo1 />
		<Indirizzo2 />
		<Citta />
		<Nazione />
		<CodiceFiscale />
		<PartitaIVA />
		<Fax />
		<Email />
		<ReferenteAmministrativo />
		<SedeAmministrativa />
		<Abilitato>True</Abilitato>
		<TSModifica>2004-06-25T18:37:21.2170000+02:00</TSModifica>
		<ResponsabileAggiornamento />
	</Operatore>
	<Operatore>
		<CodiceOperatoreSDC>OETISSS</CodiceOperatoreSDC>
		<RagioneSociale>OETISSS</RagioneSociale>
		<Indirizzo1 />
		<Indirizzo2 />
		<Citta />
		<Nazione />
		<CodiceFiscale />
		<PartitaIVA />
		<Fax />
		<Email />
		<ReferenteAmministrativo />
		<SedeAmministrativa />
		<Abilitato>True</Abilitato>
		<TSModifica>2004-06-25T18:54:29.4030000+02:00</TSModifica>
		<ResponsabileAggiornamento />
	</Operatore>
	<Operatore>
		<CodiceOperatoreSDC>OETSPAL</CodiceOperatoreSDC>
		<RagioneSociale>OETSPAL</RagioneSociale>
		<Indirizzo1 />
		<Indirizzo2 />
		<Citta />
		<Nazione />
		<CodiceFiscale />
		<PartitaIVA />
		<Fax />
		<Email />
		<ReferenteAmministrativo />
		<SedeAmministrativa />
		<Abilitato>True</Abilitato>
		<TSModifica>2004-06-25T18:52:09.7770000+02:00</TSModifica>
		<ResponsabileAggiornamento />
	</Operatore>
	<Operatore>
		<CodiceOperatoreSDC>OETSRNP</CodiceOperatoreSDC>
		<RagioneSociale>T.E.R.NA. SPA</RagioneSociale>
		<Indirizzo1 />
		<Indirizzo2 />
		<Citta />
		<Nazione />
		<CodiceFiscale />
		<PartitaIVA />
		<Fax />
		<Email />
		<ReferenteAmministrativo />
		<SedeAmministrativa />
		<Abilitato>True</Abilitato>
		<TSModifica>2004-06-25T18:22:16.5930000+02:00</TSModifica>
		<ResponsabileAggiornamento />
	</Operatore>
	<Operatore>
		<CodiceOperatoreSDC>OETSRNT</CodiceOperatoreSDC>
		<RagioneSociale>TRENTA SPA</RagioneSociale>
		<Indirizzo1 />
		<Indirizzo2 />
		<Citta />
		<Nazione />
		<CodiceFiscale />
		<PartitaIVA />
		<Fax />
		<Email />
		<ReferenteAmministrativo />
		<SedeAmministrativa />
		<Abilitato>True</Abilitato>
		<TSModifica>2004-06-25T18:22:16.6100000+02:00</TSModifica>
		<ResponsabileAggiornamento />
	</Operatore>
	<Operatore>
		<CodiceOperatoreSDC>OETSSRN</CodiceOperatoreSDC>
		<RagioneSociale>TRENTINO SERVIZI SPA</RagioneSociale>
		<Indirizzo1 />
		<Indirizzo2 />
		<Citta />
		<Nazione />
		<CodiceFiscale />
		<PartitaIVA />
		<Fax />
		<Email />
		<ReferenteAmministrativo />
		<SedeAmministrativa />
		<Abilitato>True</Abilitato>
		<TSModifica>2004-06-25T18:22:16.6100000+02:00</TSModifica>
		<ResponsabileAggiornamento />
	</Operatore>
</Operatori>