<?xml version="1.0" encoding="iso-8859-1"?>
<DS_SDC_Zone>
	<SDC_Zone>
		<CodiceZonaSDC>AUST</CodiceZonaSDC>
		<DescrizioneZona>Austria test</DescrizioneZona>
		<TSModifica>2004-02-26T14:00:32.0000000+01:00</TSModifica>
		<ResponsabileAggiornamento>AUST</ResponsabileAggiornamento>
		<Type>VIRT</Type>
	</SDC_Zone>
	<SDC_Zone>
		<CodiceZonaSDC>BRNN</CodiceZonaSDC>
		<DescrizioneZona>Brindisi</DescrizioneZona>
		<TSModifica>2004-02-03T00:00:00.0000000+01:00</TSModifica>
		<ResponsabileAggiornamento />
		<Type>PPL</Type>
	</SDC_Zone>
	<SDC_Zone>
		<CodiceZonaSDC>CALB</CodiceZonaSDC>
		<DescrizioneZona>Calabria</DescrizioneZona>
		<TSModifica>2004-02-03T00:00:00.0000000+01:00</TSModifica>
		<ResponsabileAggiornamento />
		<Type>PHYS</Type>
	</SDC_Zone>
	<SDC_Zone>
		<CodiceZonaSDC>CNOR</CodiceZonaSDC>
		<DescrizioneZona>Centro Nord</DescrizioneZona>
		<TSModifica>2004-02-03T00:00:00.0000000+01:00</TSModifica>
		<ResponsabileAggiornamento />
		<Type>PHYS</Type>
	</SDC_Zone>
	<SDC_Zone>
		<CodiceZonaSDC>CORS</CodiceZonaSDC>
		<DescrizioneZona>Corsica</DescrizioneZona>
		<TSModifica>2004-02-03T00:00:00.0000000+01:00</TSModifica>
		<ResponsabileAggiornamento />
		<Type>VIRT</Type>
	</SDC_Zone>
	<SDC_Zone>
		<CodiceZonaSDC>CSUD</CodiceZonaSDC>
		<DescrizioneZona>Centro Sud</DescrizioneZona>
		<TSModifica>2004-02-03T00:00:00.0000000+01:00</TSModifica>
		<ResponsabileAggiornamento />
		<Type>PHYS</Type>
	</SDC_Zone>
	<SDC_Zone>
		<CodiceZonaSDC>E_NE</CodiceZonaSDC>
		<DescrizioneZona>Estero Nord-Est</DescrizioneZona>
		<TSModifica>2004-02-03T00:00:00.0000000+01:00</TSModifica>
		<ResponsabileAggiornamento />
		<Type>VIRT</Type>
	</SDC_Zone>
	<SDC_Zone>
		<CodiceZonaSDC>E_NW</CodiceZonaSDC>
		<DescrizioneZona>Estero Nord-Ovest</DescrizioneZona>
		<TSModifica>2004-02-03T00:00:00.0000000+01:00</TSModifica>
		<ResponsabileAggiornamento />
		<Type>VIRT</Type>
	</SDC_Zone>
	<SDC_Zone>
		<CodiceZonaSDC>FRAN</CodiceZonaSDC>
		<DescrizioneZona>Francia</DescrizioneZona>
		<TSModifica>2004-02-03T00:00:00.0000000+01:00</TSModifica>
		<ResponsabileAggiornamento />
		<Type>VIRT</Type>
	</SDC_Zone>
	<SDC_Zone>
		<CodiceZonaSDC>GREC</CodiceZonaSDC>
		<DescrizioneZona>Grecia</DescrizioneZona>
		<TSModifica>2004-02-03T00:00:00.0000000+01:00</TSModifica>
		<ResponsabileAggiornamento />
		<Type>VIRT</Type>
	</SDC_Zone>
	<SDC_Zone>
		<CodiceZonaSDC>MFTV</CodiceZonaSDC>
		<DescrizioneZona>Monfalcone</DescrizioneZona>
		<TSModifica>2004-02-03T00:00:00.0000000+01:00</TSModifica>
		<ResponsabileAggiornamento />
		<Type>PPL</Type>
	</SDC_Zone>
	<SDC_Zone>
		<CodiceZonaSDC>NORD</CodiceZonaSDC>
		<DescrizioneZona>Nord</DescrizioneZona>
		<TSModifica>2004-02-03T00:00:00.0000000+01:00</TSModifica>
		<ResponsabileAggiornamento />
		<Type>PHYS</Type>
	</SDC_Zone>
	<SDC_Zone>
		<CodiceZonaSDC>PBNF</CodiceZonaSDC>
		<DescrizioneZona>Piombino</DescrizioneZona>
		<TSModifica>2004-02-03T00:00:00.0000000+01:00</TSModifica>
		<ResponsabileAggiornamento />
		<Type>PPL</Type>
	</SDC_Zone>
	<SDC_Zone>
		<CodiceZonaSDC>PRGP</CodiceZonaSDC>
		<DescrizioneZona>Priolo G.</DescrizioneZona>
		<TSModifica>2004-02-03T00:00:00.0000000+01:00</TSModifica>
		<ResponsabileAggiornamento />
		<Type>PPL</Type>
	</SDC_Zone>
	<SDC_Zone>
		<CodiceZonaSDC>ROSN</CodiceZonaSDC>
		<DescrizioneZona>Rossano</DescrizioneZona>
		<TSModifica>2004-02-03T00:00:00.0000000+01:00</TSModifica>
		<ResponsabileAggiornamento />
		<Type>PPL</Type>
	</SDC_Zone>
	<SDC_Zone>
		<CodiceZonaSDC>SARD</CodiceZonaSDC>
		<DescrizioneZona>Sardegna</DescrizioneZona>
		<TSModifica>2004-02-03T00:00:00.0000000+01:00</TSModifica>
		<ResponsabileAggiornamento />
		<Type>PHYS</Type>
	</SDC_Zone>
	<SDC_Zone>
		<CodiceZonaSDC>SICI</CodiceZonaSDC>
		<DescrizioneZona>Sicilia</DescrizioneZona>
		<TSModifica>2004-02-03T00:00:00.0000000+01:00</TSModifica>
		<ResponsabileAggiornamento />
		<Type>PHYS</Type>
	</SDC_Zone>
	<SDC_Zone>
		<CodiceZonaSDC>SLOV</CodiceZonaSDC>
		<DescrizioneZona>Slovenia</DescrizioneZona>
		<TSModifica>2004-02-03T00:00:00.0000000+01:00</TSModifica>
		<ResponsabileAggiornamento />
		<Type>VIRT</Type>
	</SDC_Zone>
	<SDC_Zone>
		<CodiceZonaSDC>SUD</CodiceZonaSDC>
		<DescrizioneZona>Sud</DescrizioneZona>
		<TSModifica>2004-02-03T00:00:00.0000000+01:00</TSModifica>
		<ResponsabileAggiornamento />
		<Type>PHYS</Type>
	</SDC_Zone>
	<SDC_Zone>
		<CodiceZonaSDC>SVIZ</CodiceZonaSDC>
		<DescrizioneZona>Svizzera</DescrizioneZona>
		<TSModifica>2004-02-03T00:00:00.0000000+01:00</TSModifica>
		<ResponsabileAggiornamento />
		<Type>VIRT</Type>
	</SDC_Zone>
	<SDC_Zone>
		<CodiceZonaSDC>TBRV</CodiceZonaSDC>
		<DescrizioneZona>Turbigo-Ronco2</DescrizioneZona>
		<TSModifica>2004-02-25T14:49:12.0000000+01:00</TSModifica>
		<ResponsabileAggiornamento>TBRV</ResponsabileAggiornamento>
		<Type>PPL</Type>
	</SDC_Zone>
</DS_SDC_Zone>