<configuration>
	<appSettings>
		<add key="CultureInfo.UseOverride" value="false" />
		<add key="Login.UseClientCertificate" value="false" />
		<add key="GRNT.Transazioni.ExportFileXml.ServerFtp" value="localhost" />
		<add key="GRNT.Transazioni.ExportFileXml.UserFtp"   value="anonymous" />
		<add key="GRNT.Transazioni.ExportFileXml.PassFtp"   value="ww@ww.it" />
		<add key="GRNT.Transazioni.ExportFileXml.DirFtp"    value="Pub" />
		<add key="GRTN.Sessioni.ImportFileXml.URL"          value="http://localhost/CVOpWebServer/cvfromgrtn/" />
	</appSettings>
</configuration>