﻿<?xml version='1.0' encoding='ISO-8859-1'?>
<Program xmlns='urn:XML-BIL'
	xmlns:xsi='http://www.w3.org/2001/XMLSchema-instance'
	xsi:schemaLocation='urn:XML-BIL ContractProgram.xsd'
	Version='1.0'>
	<Date>20040101</Date>
	<CDetails>
		<IDOP>IDENELPRODUZIONE</IDOP>
		<CRN>40003000311000</CRN>
		<MNEM>EnelContratto1</MNEM>
		<TOTCORR>14000.32</TOTCORR>
		<QDetails>
			<URN>IdAcceglio</URN>
			<QTY Hour='01' CORR='-18.32'>100.43</QTY>  
			<QTY Hour='02' CORR='-21.65'>243.34</QTY>  
			<QTY Hour='03' CORR='18.25'>-100</QTY>  
			<QTY Hour='24' CORR='-42.65'>433.98</QTY>  
		</QDetails>
		<QDetails>
			<URN>IdCadarese</URN>
			<QTY Hour=”01” CORR=”-18.32”>100.43</QTY>  
			<QTY Hour=”02” CORR=”21.65”>-243.34</QTY>  
			<QTY Hour=”03” CORR=”18.32”>-100</QTY>  
			<QTY Hour=”24” CORR=”-42.65”>433.98</QTY>  
		</QDetails>
	</CDetails>
	<CDetails>
		<IDOP>OEEPSNL</IDOP>
		<CRN>40003000311001</CRN>
		<MNEM>OEEPSNLContratto1</MNEM>
		<TOTCORR>23500.32</TOTCORR>
		<QDetails>
			<URN>IdAcceglio</URN>
			<QTY Hour=”01” CORR=”-18.32”>100.43</QTY>  
			<QTY Hour=”02” CORR=”-21.65”>243.34</QTY>  
			<QTY Hour=”03” CORR=”18.25”>-100</QTY>  
			<QTY Hour=”24” CORR=”-42.65”>433.98</QTY>  
		</QDetails>
		<QDetails>
			<URN>IdCadarese</URN>
			<QTY Hour=”01” CORR=”-18.32”>100.43</QTY>  
			<QTY Hour=”02” CORR=”21.65”>-243.34</QTY>  
			<QTY Hour=”03” CORR=”18.32”>-100</QTY>  
			<QTY Hour=”24” CORR=”-42.65”>433.98</QTY>  
		</QDetails>
	</CDetails>
</Program>

