<?xml version='1.0' encoding='ISO-8859-1' ?>
<PIPEFunctionalAcknowledgement xmlns = "urn:XML-PIPE"
   xmlns:xsi = "http://www.w3.org/2001/XMLSchema-instance"
   xsi:schemaLocation = "urn:XML-PIPE PIPEFunctionalAcknowledgementv1_0.xsd"
   ReferenceNumber="40330000517209" OriginalReferenceNumber="MGPoIDAU20040202180351" Status="Partial" CreationDate="20040202180537" Version="1.0">

	<TradingPartnerDirectory>
		<Sender>
			<TradingPartner PartnerType = "Operator">
				<CompanyName>GME</CompanyName>
				<CompanyIdentifier>IDGME</CompanyIdentifier>
			</TradingPartner>
		</Sender>
		<Recipient>
			<TradingPartner PartnerType = "Market Participant">
				<CompanyName>AcquirenteUnico</CompanyName>
				<CompanyIdentifier>IDAU</CompanyIdentifier>
			</TradingPartner>
		</Recipient>
	</TradingPartnerDirectory>

	<TransactionAcknowledgement Status = "Accept" PIPTransactionType = "BidSubmittal" OriginalReferenceNumber = "40330003027021"/>

	<TransactionAcknowledgement Status = "Accept" PIPTransactionType = "BidSubmittal" OriginalReferenceNumber = "40330003027022"/>

	<TransactionAcknowledgement Status = "Accept" PIPTransactionType = "BidSubmittal" OriginalReferenceNumber = "40330003027023"/>

	<TransactionAcknowledgement Status = "Accept" PIPTransactionType = "BidSubmittal" OriginalReferenceNumber = "40330003027024"/>

	<TransactionAcknowledgement Status = "Accept" PIPTransactionType = "BidSubmittal" OriginalReferenceNumber = "40330003027025"/>

	<TransactionAcknowledgement Status = "Accept" PIPTransactionType = "BidSubmittal" OriginalReferenceNumber = "40330003027026"/>

	<TransactionAcknowledgement Status = "Accept" PIPTransactionType = "BidSubmittal" OriginalReferenceNumber = "40330003027027"/>

	<TransactionAcknowledgement Status = "Accept" PIPTransactionType = "BidSubmittal" OriginalReferenceNumber = "40330003027028"/>

	<TransactionAcknowledgement Status = "Accept" PIPTransactionType = "BidSubmittal" OriginalReferenceNumber = "40330003027029"/>

	<TransactionAcknowledgement Status = "Accept" PIPTransactionType = "BidSubmittal" OriginalReferenceNumber = "40330003027030"/>

	<TransactionAcknowledgement Status = "Accept" PIPTransactionType = "BidSubmittal" OriginalReferenceNumber = "40330003027031"/>

	<TransactionAcknowledgement Status = "Accept" PIPTransactionType = "BidSubmittal" OriginalReferenceNumber = "40330003027032"/>

	<TransactionAcknowledgement Status = "Accept" PIPTransactionType = "BidSubmittal" OriginalReferenceNumber = "40330003027033"/>

	<TransactionAcknowledgement Status = "Accept" PIPTransactionType = "BidSubmittal" OriginalReferenceNumber = "40330003027034"/>

	<TransactionAcknowledgement Status = "Accept" PIPTransactionType = "BidSubmittal" OriginalReferenceNumber = "40330003027035"/>

	<TransactionAcknowledgement Status = "Accept" PIPTransactionType = "BidSubmittal" OriginalReferenceNumber = "40330003027036"/>

	<TransactionAcknowledgement Status = "Accept" PIPTransactionType = "BidSubmittal" OriginalReferenceNumber = "40330003027037"/>

	<TransactionAcknowledgement Status = "Accept" PIPTransactionType = "BidSubmittal" OriginalReferenceNumber = "40330003027038"/>

	<TransactionAcknowledgement Status = "Accept" PIPTransactionType = "BidSubmittal" OriginalReferenceNumber = "40330003027039"/>

	<TransactionAcknowledgement Status = "Accept" PIPTransactionType = "BidSubmittal" OriginalReferenceNumber = "40330003027040"/>

	<TransactionAcknowledgement Status = "Accept" PIPTransactionType = "BidSubmittal" OriginalReferenceNumber = "40330003027041"/>

	<TransactionAcknowledgement Status = "Accept" PIPTransactionType = "BidSubmittal" OriginalReferenceNumber = "40330003027042"/>

	<TransactionAcknowledgement Status = "Accept" PIPTransactionType = "BidSubmittal" OriginalReferenceNumber = "40330003027043"/>

	<TransactionAcknowledgement Status = "Accept" PIPTransactionType = "BidSubmittal" OriginalReferenceNumber = "40330003027044"/>

	<TransactionAcknowledgement Status = "Accept" PIPTransactionType = "BidSubmittal" OriginalReferenceNumber = "40330003027045"/>

	<TransactionAcknowledgement Status = "Accept" PIPTransactionType = "BidSubmittal" OriginalReferenceNumber = "40330003027046"/>

	<TransactionAcknowledgement Status = "Accept" PIPTransactionType = "BidSubmittal" OriginalReferenceNumber = "40330003027047"/>

	<TransactionAcknowledgement Status = "Accept" PIPTransactionType = "BidSubmittal" OriginalReferenceNumber = "40330003027048"/>

	<TransactionAcknowledgement Status = "Accept" PIPTransactionType = "BidSubmittal" OriginalReferenceNumber = "40330003027049"/>

	<TransactionAcknowledgement Status = "Accept" PIPTransactionType = "BidSubmittal" OriginalReferenceNumber = "40330003027050"/>

	<TransactionAcknowledgement Status = "Accept" PIPTransactionType = "BidSubmittal" OriginalReferenceNumber = "40330003027051"/>

	<TransactionAcknowledgement Status = "Accept" PIPTransactionType = "BidSubmittal" OriginalReferenceNumber = "40330003027052"/>

	<TransactionAcknowledgement Status = "Accept" PIPTransactionType = "BidSubmittal" OriginalReferenceNumber = "40330003027053"/>

	<TransactionAcknowledgement Status = "Accept" PIPTransactionType = "BidSubmittal" OriginalReferenceNumber = "40330003027054"/>

	<TransactionAcknowledgement Status = "Accept" PIPTransactionType = "BidSubmittal" OriginalReferenceNumber = "40330003027055"/>

	<TransactionAcknowledgement Status = "Accept" PIPTransactionType = "BidSubmittal" OriginalReferenceNumber = "40330003027056"/>

	<TransactionAcknowledgement Status = "Accept" PIPTransactionType = "BidSubmittal" OriginalReferenceNumber = "40330003027057"/>

	<TransactionAcknowledgement Status = "Accept" PIPTransactionType = "BidSubmittal" OriginalReferenceNumber = "40330003027058"/>

	<TransactionAcknowledgement Status = "Accept" PIPTransactionType = "BidSubmittal" OriginalReferenceNumber = "40330003027059"/>

	<TransactionAcknowledgement Status = "Accept" PIPTransactionType = "BidSubmittal" OriginalReferenceNumber = "40330003027060"/>

	<TransactionAcknowledgement Status = "Accept" PIPTransactionType = "BidSubmittal" OriginalReferenceNumber = "40330003027061"/>

	<TransactionAcknowledgement Status = "Accept" PIPTransactionType = "BidSubmittal" OriginalReferenceNumber = "40330003027062"/>

	<TransactionAcknowledgement Status = "Accept" PIPTransactionType = "BidSubmittal" OriginalReferenceNumber = "40330003027063"/>

	<TransactionAcknowledgement Status = "Accept" PIPTransactionType = "BidSubmittal" OriginalReferenceNumber = "40330003027064"/>

	<TransactionAcknowledgement Status = "Accept" PIPTransactionType = "BidSubmittal" OriginalReferenceNumber = "40330003027065"/>

	<TransactionAcknowledgement Status = "Accept" PIPTransactionType = "BidSubmittal" OriginalReferenceNumber = "40330003027066"/>

	<TransactionAcknowledgement Status = "Accept" PIPTransactionType = "BidSubmittal" OriginalReferenceNumber = "40330003027067"/>

	<TransactionAcknowledgement Status = "Accept" PIPTransactionType = "BidSubmittal" OriginalReferenceNumber = "40330003027068"/>

	<TransactionAcknowledgement Status = "Accept" PIPTransactionType = "BidSubmittal" OriginalReferenceNumber = "40330003027069"/>

	<TransactionAcknowledgement Status = "Accept" PIPTransactionType = "BidSubmittal" OriginalReferenceNumber = "40330003027070"/>

	<TransactionAcknowledgement Status = "Accept" PIPTransactionType = "BidSubmittal" OriginalReferenceNumber = "40330003027071"/>

	<TransactionAcknowledgement Status = "Accept" PIPTransactionType = "BidSubmittal" OriginalReferenceNumber = "40330003027072"/>

	<TransactionAcknowledgement Status = "Accept" PIPTransactionType = "BidSubmittal" OriginalReferenceNumber = "40330003027073"/>

	<TransactionAcknowledgement Status = "Accept" PIPTransactionType = "BidSubmittal" OriginalReferenceNumber = "40330003027074"/>

	<TransactionAcknowledgement Status = "Accept" PIPTransactionType = "BidSubmittal" OriginalReferenceNumber = "40330003027075"/>

	<TransactionAcknowledgement Status = "Accept" PIPTransactionType = "BidSubmittal" OriginalReferenceNumber = "40330003027076"/>

	<TransactionAcknowledgement Status = "Accept" PIPTransactionType = "BidSubmittal" OriginalReferenceNumber = "40330003027077"/>

	<TransactionAcknowledgement Status = "Accept" PIPTransactionType = "BidSubmittal" OriginalReferenceNumber = "40330003027078"/>

	<TransactionAcknowledgement Status = "Accept" PIPTransactionType = "BidSubmittal" OriginalReferenceNumber = "40330003027079"/>

	<TransactionAcknowledgement Status = "Accept" PIPTransactionType = "BidSubmittal" OriginalReferenceNumber = "40330003027080"/>

	<TransactionAcknowledgement Status = "Accept" PIPTransactionType = "BidSubmittal" OriginalReferenceNumber = "40330003027081"/>

	<TransactionAcknowledgement Status = "Accept" PIPTransactionType = "BidSubmittal" OriginalReferenceNumber = "40330003027082"/>

	<TransactionAcknowledgement Status = "Accept" PIPTransactionType = "BidSubmittal" OriginalReferenceNumber = "40330003027083"/>

	<TransactionAcknowledgement Status = "Accept" PIPTransactionType = "BidSubmittal" OriginalReferenceNumber = "40330003027084"/>

	<TransactionAcknowledgement Status = "Accept" PIPTransactionType = "BidSubmittal" OriginalReferenceNumber = "40330003027085"/>

	<TransactionAcknowledgement Status = "Accept" PIPTransactionType = "BidSubmittal" OriginalReferenceNumber = "40330003027086"/>

	<TransactionAcknowledgement Status = "Accept" PIPTransactionType = "BidSubmittal" OriginalReferenceNumber = "40330003027087"/>

	<TransactionAcknowledgement Status = "Accept" PIPTransactionType = "BidSubmittal" OriginalReferenceNumber = "40330003027088"/>

	<TransactionAcknowledgement Status = "Accept" PIPTransactionType = "BidSubmittal" OriginalReferenceNumber = "40330003027089"/>

	<TransactionAcknowledgement Status = "Accept" PIPTransactionType = "BidSubmittal" OriginalReferenceNumber = "40330003027090"/>

	<TransactionAcknowledgement Status = "Accept" PIPTransactionType = "BidSubmittal" OriginalReferenceNumber = "40330003027091"/>

	<TransactionAcknowledgement Status = "Accept" PIPTransactionType = "BidSubmittal" OriginalReferenceNumber = "40330003027092"/>

	<TransactionAcknowledgement Status = "Accept" PIPTransactionType = "BidSubmittal" OriginalReferenceNumber = "40330003027093"/>

	<TransactionAcknowledgement Status = "Accept" PIPTransactionType = "BidSubmittal" OriginalReferenceNumber = "40330003027094"/>

	<TransactionAcknowledgement Status = "Accept" PIPTransactionType = "BidSubmittal" OriginalReferenceNumber = "40330003027095"/>

	<TransactionAcknowledgement Status = "Accept" PIPTransactionType = "BidSubmittal" OriginalReferenceNumber = "40330003027096"/>

	<TransactionAcknowledgement Status = "Accept" PIPTransactionType = "BidSubmittal" OriginalReferenceNumber = "40330003027097"/>

	<TransactionAcknowledgement Status = "Accept" PIPTransactionType = "BidSubmittal" OriginalReferenceNumber = "40330003027098"/>

	<TransactionAcknowledgement Status = "Accept" PIPTransactionType = "BidSubmittal" OriginalReferenceNumber = "40330003027099"/>

	<TransactionAcknowledgement Status = "Accept" PIPTransactionType = "BidSubmittal" OriginalReferenceNumber = "40330003027100"/>

	<TransactionAcknowledgement Status = "Accept" PIPTransactionType = "BidSubmittal" OriginalReferenceNumber = "40330003027101"/>

	<TransactionAcknowledgement Status = "Accept" PIPTransactionType = "BidSubmittal" OriginalReferenceNumber = "40330003027102"/>

	<TransactionAcknowledgement Status = "Accept" PIPTransactionType = "BidSubmittal" OriginalReferenceNumber = "40330003027103"/>

	<TransactionAcknowledgement Status = "Accept" PIPTransactionType = "BidSubmittal" OriginalReferenceNumber = "40330003027104"/>

	<TransactionAcknowledgement Status = "Accept" PIPTransactionType = "BidSubmittal" OriginalReferenceNumber = "40330003027105"/>

	<TransactionAcknowledgement Status = "Accept" PIPTransactionType = "BidSubmittal" OriginalReferenceNumber = "40330003027106"/>

	<TransactionAcknowledgement Status = "Accept" PIPTransactionType = "BidSubmittal" OriginalReferenceNumber = "40330003027107"/>

	<TransactionAcknowledgement Status = "Accept" PIPTransactionType = "BidSubmittal" OriginalReferenceNumber = "40330003027108"/>

	<TransactionAcknowledgement Status = "Accept" PIPTransactionType = "BidSubmittal" OriginalReferenceNumber = "40330003027109"/>

	<TransactionAcknowledgement Status = "Accept" PIPTransactionType = "BidSubmittal" OriginalReferenceNumber = "40330003027110"/>

	<TransactionAcknowledgement Status = "Accept" PIPTransactionType = "BidSubmittal" OriginalReferenceNumber = "40330003027111"/>

	<TransactionAcknowledgement Status = "Accept" PIPTransactionType = "BidSubmittal" OriginalReferenceNumber = "40330003027112"/>

	<TransactionAcknowledgement Status = "Accept" PIPTransactionType = "BidSubmittal" OriginalReferenceNumber = "40330003027113"/>

	<TransactionAcknowledgement Status = "Accept" PIPTransactionType = "BidSubmittal" OriginalReferenceNumber = "40330003027114"/>

	<TransactionAcknowledgement Status = "Accept" PIPTransactionType = "BidSubmittal" OriginalReferenceNumber = "40330003027115"/>

	<TransactionAcknowledgement Status = "Accept" PIPTransactionType = "BidSubmittal" OriginalReferenceNumber = "40330003027116"/>

	<TransactionAcknowledgement Status = "Accept" PIPTransactionType = "BidSubmittal" OriginalReferenceNumber = "40330003027117"/>

	<TransactionAcknowledgement Status = "Accept" PIPTransactionType = "BidSubmittal" OriginalReferenceNumber = "40330003027118"/>

	<TransactionAcknowledgement Status = "Accept" PIPTransactionType = "BidSubmittal" OriginalReferenceNumber = "40330003027119"/>

	<TransactionAcknowledgement Status = "Accept" PIPTransactionType = "BidSubmittal" OriginalReferenceNumber = "40330003027120"/>

	<TransactionAcknowledgement Status = "Accept" PIPTransactionType = "BidSubmittal" OriginalReferenceNumber = "40330003027121"/>

	<TransactionAcknowledgement Status = "Accept" PIPTransactionType = "BidSubmittal" OriginalReferenceNumber = "40330003027122"/>

	<TransactionAcknowledgement Status = "Accept" PIPTransactionType = "BidSubmittal" OriginalReferenceNumber = "40330003027123"/>

	<TransactionAcknowledgement Status = "Accept" PIPTransactionType = "BidSubmittal" OriginalReferenceNumber = "40330003027124"/>

	<TransactionAcknowledgement Status = "Accept" PIPTransactionType = "BidSubmittal" OriginalReferenceNumber = "40330003027125"/>

	<TransactionAcknowledgement Status = "Accept" PIPTransactionType = "BidSubmittal" OriginalReferenceNumber = "40330003027126"/>

	<TransactionAcknowledgement Status = "Accept" PIPTransactionType = "BidSubmittal" OriginalReferenceNumber = "40330003027127"/>

	<TransactionAcknowledgement Status = "Accept" PIPTransactionType = "BidSubmittal" OriginalReferenceNumber = "40330003027128"/>

	<TransactionAcknowledgement Status = "Accept" PIPTransactionType = "BidSubmittal" OriginalReferenceNumber = "40330003027129"/>

	<TransactionAcknowledgement Status = "Accept" PIPTransactionType = "BidSubmittal" OriginalReferenceNumber = "40330003027130"/>

	<TransactionAcknowledgement Status = "Accept" PIPTransactionType = "BidSubmittal" OriginalReferenceNumber = "40330003027131"/>

	<TransactionAcknowledgement Status = "Accept" PIPTransactionType = "BidSubmittal" OriginalReferenceNumber = "40330003027132"/>

	<TransactionAcknowledgement Status = "Accept" PIPTransactionType = "BidSubmittal" OriginalReferenceNumber = "40330003027133"/>

	<TransactionAcknowledgement Status = "Accept" PIPTransactionType = "BidSubmittal" OriginalReferenceNumber = "40330003027134"/>

	<TransactionAcknowledgement Status = "Accept" PIPTransactionType = "BidSubmittal" OriginalReferenceNumber = "40330003027135"/>

	<TransactionAcknowledgement Status = "Accept" PIPTransactionType = "BidSubmittal" OriginalReferenceNumber = "40330003027136"/>

	<TransactionAcknowledgement Status = "Accept" PIPTransactionType = "BidSubmittal" OriginalReferenceNumber = "40330003027137"/>

	<TransactionAcknowledgement Status = "Accept" PIPTransactionType = "BidSubmittal" OriginalReferenceNumber = "40330003027138"/>

	<TransactionAcknowledgement Status = "Accept" PIPTransactionType = "BidSubmittal" OriginalReferenceNumber = "40330003027139"/>

	<TransactionAcknowledgement Status = "Accept" PIPTransactionType = "BidSubmittal" OriginalReferenceNumber = "40330003027140"/>

	<TransactionAcknowledgement Status = "Accept" PIPTransactionType = "BidSubmittal" OriginalReferenceNumber = "40330003027141"/>

	<TransactionAcknowledgement Status = "Accept" PIPTransactionType = "BidSubmittal" OriginalReferenceNumber = "40330003027142"/>

	<TransactionAcknowledgement Status = "Accept" PIPTransactionType = "BidSubmittal" OriginalReferenceNumber = "40330003027143"/>

	<TransactionAcknowledgement Status = "Accept" PIPTransactionType = "BidSubmittal" OriginalReferenceNumber = "40330003027144"/>

	<TransactionAcknowledgement Status = "Accept" PIPTransactionType = "BidSubmittal" OriginalReferenceNumber = "40330003027145"/>

	<TransactionAcknowledgement Status = "Accept" PIPTransactionType = "BidSubmittal" OriginalReferenceNumber = "40330003027146"/>

	<TransactionAcknowledgement Status = "Accept" PIPTransactionType = "BidSubmittal" OriginalReferenceNumber = "40330003027147"/>

	<TransactionAcknowledgement Status = "Accept" PIPTransactionType = "BidSubmittal" OriginalReferenceNumber = "40330003027148"/>

	<TransactionAcknowledgement Status = "Accept" PIPTransactionType = "BidSubmittal" OriginalReferenceNumber = "40330003027149"/>

	<TransactionAcknowledgement Status = "Accept" PIPTransactionType = "BidSubmittal" OriginalReferenceNumber = "40330003027150"/>

	<TransactionAcknowledgement Status = "Accept" PIPTransactionType = "BidSubmittal" OriginalReferenceNumber = "40330003027151"/>

	<TransactionAcknowledgement Status = "Accept" PIPTransactionType = "BidSubmittal" OriginalReferenceNumber = "40330003027152"/>

	<TransactionAcknowledgement Status = "Accept" PIPTransactionType = "BidSubmittal" OriginalReferenceNumber = "40330003027153"/>

	<TransactionAcknowledgement Status = "Accept" PIPTransactionType = "BidSubmittal" OriginalReferenceNumber = "40330003027154"/>

	<TransactionAcknowledgement Status = "Accept" PIPTransactionType = "BidSubmittal" OriginalReferenceNumber = "40330003027155"/>

	<TransactionAcknowledgement Status = "Accept" PIPTransactionType = "BidSubmittal" OriginalReferenceNumber = "40330003027156"/>

	<TransactionAcknowledgement Status = "Accept" PIPTransactionType = "BidSubmittal" OriginalReferenceNumber = "40330003027157"/>

	<TransactionAcknowledgement Status = "Accept" PIPTransactionType = "BidSubmittal" OriginalReferenceNumber = "40330003027158"/>

	<TransactionAcknowledgement Status = "Accept" PIPTransactionType = "BidSubmittal" OriginalReferenceNumber = "40330003027159"/>

	<TransactionAcknowledgement Status = "Accept" PIPTransactionType = "BidSubmittal" OriginalReferenceNumber = "40330003027160"/>

	<TransactionAcknowledgement Status = "Accept" PIPTransactionType = "BidSubmittal" OriginalReferenceNumber = "40330003027161"/>

	<TransactionAcknowledgement Status = "Accept" PIPTransactionType = "BidSubmittal" OriginalReferenceNumber = "40330003027162"/>

	<TransactionAcknowledgement Status = "Accept" PIPTransactionType = "BidSubmittal" OriginalReferenceNumber = "40330003027163"/>

	<TransactionAcknowledgement Status = "Accept" PIPTransactionType = "BidSubmittal" OriginalReferenceNumber = "40330003027164"/>

	<TransactionAcknowledgement Status = "Accept" PIPTransactionType = "BidSubmittal" OriginalReferenceNumber = "40330003027165"/>

	<TransactionAcknowledgement Status = "Accept" PIPTransactionType = "BidSubmittal" OriginalReferenceNumber = "40330003027166"/>

	<TransactionAcknowledgement Status = "Accept" PIPTransactionType = "BidSubmittal" OriginalReferenceNumber = "40330003027167"/>

	<TransactionAcknowledgement Status = "Accept" PIPTransactionType = "BidSubmittal" OriginalReferenceNumber = "40330003027168"/>

	<TransactionAcknowledgement Status = "Accept" PIPTransactionType = "BidSubmittal" OriginalReferenceNumber = "40330003027169"/>

	<TransactionAcknowledgement Status = "Accept" PIPTransactionType = "BidSubmittal" OriginalReferenceNumber = "40330003027170"/>

	<TransactionAcknowledgement Status = "Accept" PIPTransactionType = "BidSubmittal" OriginalReferenceNumber = "40330003027171"/>

	<TransactionAcknowledgement Status = "Accept" PIPTransactionType = "BidSubmittal" OriginalReferenceNumber = "40330003027172"/>

	<TransactionAcknowledgement Status = "Accept" PIPTransactionType = "BidSubmittal" OriginalReferenceNumber = "40330003027173"/>

	<TransactionAcknowledgement Status = "Accept" PIPTransactionType = "BidSubmittal" OriginalReferenceNumber = "40330003027174"/>

	<TransactionAcknowledgement Status = "Accept" PIPTransactionType = "BidSubmittal" OriginalReferenceNumber = "40330003027175"/>

	<TransactionAcknowledgement Status = "Accept" PIPTransactionType = "BidSubmittal" OriginalReferenceNumber = "40330003027176"/>

	<TransactionAcknowledgement Status = "Accept" PIPTransactionType = "BidSubmittal" OriginalReferenceNumber = "40330003027177"/>

	<TransactionAcknowledgement Status = "Accept" PIPTransactionType = "BidSubmittal" OriginalReferenceNumber = "40330003027178"/>

	<TransactionAcknowledgement Status = "Accept" PIPTransactionType = "BidSubmittal" OriginalReferenceNumber = "40330003027179"/>

	<TransactionAcknowledgement Status = "Accept" PIPTransactionType = "BidSubmittal" OriginalReferenceNumber = "40330003027180"/>

	<TransactionAcknowledgement Status = "Accept" PIPTransactionType = "BidSubmittal" OriginalReferenceNumber = "40330003027181"/>

	<TransactionAcknowledgement Status = "Accept" PIPTransactionType = "BidSubmittal" OriginalReferenceNumber = "40330003027182"/>

	<TransactionAcknowledgement Status = "Accept" PIPTransactionType = "BidSubmittal" OriginalReferenceNumber = "40330003027183"/>

	<TransactionAcknowledgement Status = "Accept" PIPTransactionType = "BidSubmittal" OriginalReferenceNumber = "40330003027184"/>

	<TransactionAcknowledgement Status = "Accept" PIPTransactionType = "BidSubmittal" OriginalReferenceNumber = "40330003027185"/>

	<TransactionAcknowledgement Status = "Accept" PIPTransactionType = "BidSubmittal" OriginalReferenceNumber = "40330003027186"/>

	<TransactionAcknowledgement Status = "Accept" PIPTransactionType = "BidSubmittal" OriginalReferenceNumber = "40330003027187"/>

	<TransactionAcknowledgement Status = "Accept" PIPTransactionType = "BidSubmittal" OriginalReferenceNumber = "40330003027188"/>

	<TransactionAcknowledgement Status = "Accept" PIPTransactionType = "BidSubmittal" OriginalReferenceNumber = "40330003027189"/>

	<TransactionAcknowledgement Status = "Accept" PIPTransactionType = "BidSubmittal" OriginalReferenceNumber = "40330003027190"/>

	<TransactionAcknowledgement Status = "Accept" PIPTransactionType = "BidSubmittal" OriginalReferenceNumber = "40330003027191"/>

	<TransactionAcknowledgement Status = "Accept" PIPTransactionType = "BidSubmittal" OriginalReferenceNumber = "40330003027192"/>

	<TransactionAcknowledgement Status = "Accept" PIPTransactionType = "BidSubmittal" OriginalReferenceNumber = "40330003027193"/>

	<TransactionAcknowledgement Status = "Accept" PIPTransactionType = "BidSubmittal" OriginalReferenceNumber = "40330003027194"/>

	<TransactionAcknowledgement Status = "Accept" PIPTransactionType = "BidSubmittal" OriginalReferenceNumber = "40330003027195"/>

	<TransactionAcknowledgement Status = "Accept" PIPTransactionType = "BidSubmittal" OriginalReferenceNumber = "40330003027196"/>

	<TransactionAcknowledgement Status = "Accept" PIPTransactionType = "BidSubmittal" OriginalReferenceNumber = "40330003027197"/>

	<TransactionAcknowledgement Status = "Accept" PIPTransactionType = "BidSubmittal" OriginalReferenceNumber = "40330003027198"/>

	<TransactionAcknowledgement Status = "Accept" PIPTransactionType = "BidSubmittal" OriginalReferenceNumber = "40330003027199"/>

	<TransactionAcknowledgement Status = "Accept" PIPTransactionType = "BidSubmittal" OriginalReferenceNumber = "40330003027200"/>

	<TransactionAcknowledgement Status = "Reject" PIPTransactionType = "BidSubmittal" OriginalReferenceNumber = "40330003027201">
		<RejectInformation>
			<Reason></Reason>
			<ReasonText>The market participant with an identifier of (IDAU) is not eligible for the unit (IdAuBiella).</ReasonText>
		</RejectInformation>
	</TransactionAcknowledgement>

	<TransactionAcknowledgement Status = "Reject" PIPTransactionType = "BidSubmittal" OriginalReferenceNumber = "40330003027202">
		<RejectInformation>
			<Reason></Reason>
			<ReasonText>The market participant with an identifier of (IDAU) is not eligible for the unit (IdAuBiella).</ReasonText>
		</RejectInformation>
	</TransactionAcknowledgement>

	<TransactionAcknowledgement Status = "Reject" PIPTransactionType = "BidSubmittal" OriginalReferenceNumber = "40330003027203">
		<RejectInformation>
			<Reason></Reason>
			<ReasonText>The market participant with an identifier of (IDAU) is not eligible for the unit (IdAuBiella).</ReasonText>
		</RejectInformation>
	</TransactionAcknowledgement>

	<TransactionAcknowledgement Status = "Reject" PIPTransactionType = "BidSubmittal" OriginalReferenceNumber = "40330003027204">
		<RejectInformation>
			<Reason></Reason>
			<ReasonText>The market participant with an identifier of (IDAU) is not eligible for the unit (IdAuBiella).</ReasonText>
		</RejectInformation>
	</TransactionAcknowledgement>

	<TransactionAcknowledgement Status = "Reject" PIPTransactionType = "BidSubmittal" OriginalReferenceNumber = "40330003027205">
		<RejectInformation>
			<Reason></Reason>
			<ReasonText>The market participant with an identifier of (IDAU) is not eligible for the unit (IdAuBiella).</ReasonText>
		</RejectInformation>
	</TransactionAcknowledgement>

	<TransactionAcknowledgement Status = "Reject" PIPTransactionType = "BidSubmittal" OriginalReferenceNumber = "40330003027206">
		<RejectInformation>
			<Reason></Reason>
			<ReasonText>The market participant with an identifier of (IDAU) is not eligible for the unit (IdAuBiella).</ReasonText>
		</RejectInformation>
	</TransactionAcknowledgement>

	<TransactionAcknowledgement Status = "Reject" PIPTransactionType = "BidSubmittal" OriginalReferenceNumber = "40330003027207">
		<RejectInformation>
			<Reason></Reason>
			<ReasonText>The market participant with an identifier of (IDAU) is not eligible for the unit (IdAuBiella).</ReasonText>
		</RejectInformation>
	</TransactionAcknowledgement>

	<TransactionAcknowledgement Status = "Reject" PIPTransactionType = "BidSubmittal" OriginalReferenceNumber = "40330003027208">
		<RejectInformation>
			<Reason></Reason>
			<ReasonText>The market participant with an identifier of (IDAU) is not eligible for the unit (IdAuBiella).</ReasonText>
		</RejectInformation>
	</TransactionAcknowledgement>

	<TransactionAcknowledgement Status = "Reject" PIPTransactionType = "BidSubmittal" OriginalReferenceNumber = "40330003027209">
		<RejectInformation>
			<Reason></Reason>
			<ReasonText>The market participant with an identifier of (IDAU) is not eligible for the unit (IdAuBiella).</ReasonText>
		</RejectInformation>
	</TransactionAcknowledgement>

	<TransactionAcknowledgement Status = "Reject" PIPTransactionType = "BidSubmittal" OriginalReferenceNumber = "40330003027210">
		<RejectInformation>
			<Reason></Reason>
			<ReasonText>The market participant with an identifier of (IDAU) is not eligible for the unit (IdAuBiella).</ReasonText>
		</RejectInformation>
	</TransactionAcknowledgement>

	<TransactionAcknowledgement Status = "Reject" PIPTransactionType = "BidSubmittal" OriginalReferenceNumber = "40330003027211">
		<RejectInformation>
			<Reason></Reason>
			<ReasonText>The market participant with an identifier of (IDAU) is not eligible for the unit (IdAuBiella).</ReasonText>
		</RejectInformation>
	</TransactionAcknowledgement>

	<TransactionAcknowledgement Status = "Reject" PIPTransactionType = "BidSubmittal" OriginalReferenceNumber = "40330003027212">
		<RejectInformation>
			<Reason></Reason>
			<ReasonText>The market participant with an identifier of (IDAU) is not eligible for the unit (IdAuBiella).</ReasonText>
		</RejectInformation>
	</TransactionAcknowledgement>

	<TransactionAcknowledgement Status = "Reject" PIPTransactionType = "BidSubmittal" OriginalReferenceNumber = "40330003027213">
		<RejectInformation>
			<Reason></Reason>
			<ReasonText>The market participant with an identifier of (IDAU) is not eligible for the unit (IdAuBiella).</ReasonText>
		</RejectInformation>
	</TransactionAcknowledgement>

	<TransactionAcknowledgement Status = "Reject" PIPTransactionType = "BidSubmittal" OriginalReferenceNumber = "40330003027214">
		<RejectInformation>
			<Reason></Reason>
			<ReasonText>The market participant with an identifier of (IDAU) is not eligible for the unit (IdAuBiella).</ReasonText>
		</RejectInformation>
	</TransactionAcknowledgement>

	<TransactionAcknowledgement Status = "Reject" PIPTransactionType = "BidSubmittal" OriginalReferenceNumber = "40330003027215">
		<RejectInformation>
			<Reason></Reason>
			<ReasonText>The market participant with an identifier of (IDAU) is not eligible for the unit (IdAuBiella).</ReasonText>
		</RejectInformation>
	</TransactionAcknowledgement>

	<TransactionAcknowledgement Status = "Reject" PIPTransactionType = "BidSubmittal" OriginalReferenceNumber = "40330003027216">
		<RejectInformation>
			<Reason></Reason>
			<ReasonText>The market participant with an identifier of (IDAU) is not eligible for the unit (IdAuBiella).</ReasonText>
		</RejectInformation>
	</TransactionAcknowledgement>

	<TransactionAcknowledgement Status = "Reject" PIPTransactionType = "BidSubmittal" OriginalReferenceNumber = "40330003027217">
		<RejectInformation>
			<Reason></Reason>
			<ReasonText>The market participant with an identifier of (IDAU) is not eligible for the unit (IdAuBiella).</ReasonText>
		</RejectInformation>
	</TransactionAcknowledgement>

	<TransactionAcknowledgement Status = "Reject" PIPTransactionType = "BidSubmittal" OriginalReferenceNumber = "40330003027218">
		<RejectInformation>
			<Reason></Reason>
			<ReasonText>The market participant with an identifier of (IDAU) is not eligible for the unit (IdAuBiella).</ReasonText>
		</RejectInformation>
	</TransactionAcknowledgement>

	<TransactionAcknowledgement Status = "Reject" PIPTransactionType = "BidSubmittal" OriginalReferenceNumber = "40330003027219">
		<RejectInformation>
			<Reason></Reason>
			<ReasonText>The market participant with an identifier of (IDAU) is not eligible for the unit (IdAuBiella).</ReasonText>
		</RejectInformation>
	</TransactionAcknowledgement>

	<TransactionAcknowledgement Status = "Reject" PIPTransactionType = "BidSubmittal" OriginalReferenceNumber = "40330003027220">
		<RejectInformation>
			<Reason></Reason>
			<ReasonText>The market participant with an identifier of (IDAU) is not eligible for the unit (IdAuBiella).</ReasonText>
		</RejectInformation>
	</TransactionAcknowledgement>

	<TransactionAcknowledgement Status = "Reject" PIPTransactionType = "BidSubmittal" OriginalReferenceNumber = "40330003027221">
		<RejectInformation>
			<Reason></Reason>
			<ReasonText>The market participant with an identifier of (IDAU) is not eligible for the unit (IdAuBiella).</ReasonText>
		</RejectInformation>
	</TransactionAcknowledgement>

	<TransactionAcknowledgement Status = "Reject" PIPTransactionType = "BidSubmittal" OriginalReferenceNumber = "40330003027222">
		<RejectInformation>
			<Reason></Reason>
			<ReasonText>The market participant with an identifier of (IDAU) is not eligible for the unit (IdAuBiella).</ReasonText>
		</RejectInformation>
	</TransactionAcknowledgement>

	<TransactionAcknowledgement Status = "Reject" PIPTransactionType = "BidSubmittal" OriginalReferenceNumber = "40330003027223">
		<RejectInformation>
			<Reason></Reason>
			<ReasonText>The market participant with an identifier of (IDAU) is not eligible for the unit (IdAuBiella).</ReasonText>
		</RejectInformation>
	</TransactionAcknowledgement>

	<TransactionAcknowledgement Status = "Reject" PIPTransactionType = "BidSubmittal" OriginalReferenceNumber = "40330003027224">
		<RejectInformation>
			<Reason></Reason>
			<ReasonText>The market participant with an identifier of (IDAU) is not eligible for the unit (IdAuBiella).</ReasonText>
		</RejectInformation>
	</TransactionAcknowledgement>

	<TransactionAcknowledgement Status = "Accept" PIPTransactionType = "BidSubmittal" OriginalReferenceNumber = "40330003027225"/>

	<TransactionAcknowledgement Status = "Accept" PIPTransactionType = "BidSubmittal" OriginalReferenceNumber = "40330003027226"/>

	<TransactionAcknowledgement Status = "Accept" PIPTransactionType = "BidSubmittal" OriginalReferenceNumber = "40330003027227"/>

	<TransactionAcknowledgement Status = "Accept" PIPTransactionType = "BidSubmittal" OriginalReferenceNumber = "40330003027228"/>

	<TransactionAcknowledgement Status = "Accept" PIPTransactionType = "BidSubmittal" OriginalReferenceNumber = "40330003027229"/>

	<TransactionAcknowledgement Status = "Accept" PIPTransactionType = "BidSubmittal" OriginalReferenceNumber = "40330003027230"/>

	<TransactionAcknowledgement Status = "Accept" PIPTransactionType = "BidSubmittal" OriginalReferenceNumber = "40330003027231"/>

	<TransactionAcknowledgement Status = "Accept" PIPTransactionType = "BidSubmittal" OriginalReferenceNumber = "40330003027232"/>

	<TransactionAcknowledgement Status = "Accept" PIPTransactionType = "BidSubmittal" OriginalReferenceNumber = "40330003027233"/>

	<TransactionAcknowledgement Status = "Accept" PIPTransactionType = "BidSubmittal" OriginalReferenceNumber = "40330003027234"/>

	<TransactionAcknowledgement Status = "Accept" PIPTransactionType = "BidSubmittal" OriginalReferenceNumber = "40330003027235"/>

	<TransactionAcknowledgement Status = "Accept" PIPTransactionType = "BidSubmittal" OriginalReferenceNumber = "40330003027236"/>

	<TransactionAcknowledgement Status = "Accept" PIPTransactionType = "BidSubmittal" OriginalReferenceNumber = "40330003027237"/>

	<TransactionAcknowledgement Status = "Accept" PIPTransactionType = "BidSubmittal" OriginalReferenceNumber = "40330003027238"/>

	<TransactionAcknowledgement Status = "Accept" PIPTransactionType = "BidSubmittal" OriginalReferenceNumber = "40330003027239"/>

	<TransactionAcknowledgement Status = "Accept" PIPTransactionType = "BidSubmittal" OriginalReferenceNumber = "40330003027240"/>

	<TransactionAcknowledgement Status = "Accept" PIPTransactionType = "BidSubmittal" OriginalReferenceNumber = "40330003027241"/>

	<TransactionAcknowledgement Status = "Accept" PIPTransactionType = "BidSubmittal" OriginalReferenceNumber = "40330003027242"/>

	<TransactionAcknowledgement Status = "Accept" PIPTransactionType = "BidSubmittal" OriginalReferenceNumber = "40330003027243"/>

	<TransactionAcknowledgement Status = "Accept" PIPTransactionType = "BidSubmittal" OriginalReferenceNumber = "40330003027244"/>

	<TransactionAcknowledgement Status = "Accept" PIPTransactionType = "BidSubmittal" OriginalReferenceNumber = "40330003027245"/>

	<TransactionAcknowledgement Status = "Accept" PIPTransactionType = "BidSubmittal" OriginalReferenceNumber = "40330003027246"/>

	<TransactionAcknowledgement Status = "Accept" PIPTransactionType = "BidSubmittal" OriginalReferenceNumber = "40330003027247"/>

	<TransactionAcknowledgement Status = "Accept" PIPTransactionType = "BidSubmittal" OriginalReferenceNumber = "40330003027248"/>

	<TransactionAcknowledgement Status = "Accept" PIPTransactionType = "BidSubmittal" OriginalReferenceNumber = "40330003027249"/>

	<TransactionAcknowledgement Status = "Accept" PIPTransactionType = "BidSubmittal" OriginalReferenceNumber = "40330003027250"/>

	<TransactionAcknowledgement Status = "Accept" PIPTransactionType = "BidSubmittal" OriginalReferenceNumber = "40330003027251"/>

	<TransactionAcknowledgement Status = "Accept" PIPTransactionType = "BidSubmittal" OriginalReferenceNumber = "40330003027252"/>

	<TransactionAcknowledgement Status = "Accept" PIPTransactionType = "BidSubmittal" OriginalReferenceNumber = "40330003027253"/>

	<TransactionAcknowledgement Status = "Accept" PIPTransactionType = "BidSubmittal" OriginalReferenceNumber = "40330003027254"/>

	<TransactionAcknowledgement Status = "Accept" PIPTransactionType = "BidSubmittal" OriginalReferenceNumber = "40330003027255"/>

	<TransactionAcknowledgement Status = "Accept" PIPTransactionType = "BidSubmittal" OriginalReferenceNumber = "40330003027256"/>
</PIPEFunctionalAcknowledgement>
