<?xml version="1.0" encoding="ISO-8859-1"?>
<Operatori>
	<Operatore>
		<CodiceOperatoreSDC>OEAETRT</CodiceOperatoreSDC>
		<RagioneSociale>AARE TESSIN</RagioneSociale>
	</Operatore>
	<Operatore>
		<CodiceOperatoreSDC>OEACEA1</CodiceOperatoreSDC>
		<RagioneSociale>ACEA ROMA</RagioneSociale>
	</Operatore>
	<Operatore>
		<CodiceOperatoreSDC>OEAPSCL</CodiceOperatoreSDC>
		<RagioneSociale>ACEAELECTRABEL  PRODUZIONE S.p.A.</RagioneSociale>
	</Operatore>
	<Operatore>
		<CodiceOperatoreSDC>IDAU</CodiceOperatoreSDC>
		<RagioneSociale>Acquirente Unico SpA</RagioneSociale>
	</Operatore>
	<Operatore>
		<CodiceOperatoreSDC>OEACSMP</CodiceOperatoreSDC>
		<RagioneSociale>A.C.S.M. S.p.A.</RagioneSociale>
	</Operatore>
	<Operatore>
		<CodiceOperatoreSDC>OEAECBZ</CodiceOperatoreSDC>
		<RagioneSociale>AEC BOLZANO SPA</RagioneSociale>
	</Operatore>
	<Operatore>
		<CodiceOperatoreSDC>OEASMPE</CodiceOperatoreSDC>
		<RagioneSociale>AEM CREMONA SPA</RagioneSociale>
	</Operatore>
	<Operatore>
		<CodiceOperatoreSDC>OEATMRD</CodiceOperatoreSDC>
		<RagioneSociale>AEM TRADING S.R.L.</RagioneSociale>
	</Operatore>
	<Operatore>
		<CodiceOperatoreSDC>OEAOESS</CodiceOperatoreSDC>
		<RagioneSociale>AES OTTANA ENERGIA SRL</RagioneSociale>
	</Operatore>
	<Operatore>
		<CodiceOperatoreSDC>OEAGSMV</CodiceOperatoreSDC>
		<RagioneSociale>AGSM VERONA SPA</RagioneSociale>
	</Operatore>
	<Operatore>
		<CodiceOperatoreSDC>OEABSSM</CodiceOperatoreSDC>
		<RagioneSociale>ASM BRESCIA Spa</RagioneSociale>
	</Operatore>
	<Operatore>
		<CodiceOperatoreSDC>OEAESMN</CodiceOperatoreSDC>
		<RagioneSociale>ASM ENERGY</RagioneSociale>
	</Operatore>
	<Operatore>
		<CodiceOperatoreSDC>OEAESRL</CodiceOperatoreSDC>
		<RagioneSociale>ATEL ENERGIA Srl</RagioneSociale>
	</Operatore>
	<Operatore>
		<CodiceOperatoreSDC>OEAEMTD</CodiceOperatoreSDC>
		<RagioneSociale>AZIENDA ENERGETICA METROPOLITANA TORINO SPA</RagioneSociale>
	</Operatore>
	<Operatore>
		<CodiceOperatoreSDC>OEBESRN</CodiceOperatoreSDC>
		<RagioneSociale>BURGO ENERGIA SRL</RagioneSociale>
	</Operatore>
	<Operatore>
		<CodiceOperatoreSDC>OECEFFR</CodiceOperatoreSDC>
		<RagioneSociale>CAFFARO ENERGIA SRL</RagioneSociale>
	</Operatore>
	<Operatore>
		<CodiceOperatoreSDC>OEEVSCL</CodiceOperatoreSDC>
		<RagioneSociale>CARLO TASSARA SPA</RagioneSociale>
	</Operatore>
	<Operatore>
		<CodiceOperatoreSDC>OECDCRD</CodiceOperatoreSDC>
		<RagioneSociale>CARTIERA DI CADIDAVID SRL</RagioneSociale>
	</Operatore>
	<Operatore>
		<CodiceOperatoreSDC>OECBSRG</CodiceOperatoreSDC>
		<RagioneSociale>CARTIERE BURGO S.P.A.</RagioneSociale>
	</Operatore>
	<Operatore>
		<CodiceOperatoreSDC>OECAENM</CodiceOperatoreSDC>
		<RagioneSociale>CONSORZIO AMGA ENERGIA</RagioneSociale>
	</Operatore>
	<Operatore>
		<CodiceOperatoreSDC>OECENSC</CodiceOperatoreSDC>
		<RagioneSociale>CONSORZIO ENECO</RagioneSociale>
	</Operatore>
	<Operatore>
		<CodiceOperatoreSDC>OECSVPA</CodiceOperatoreSDC>
		<RagioneSociale>C.V.A. S.p.A.</RagioneSociale>
	</Operatore>
	<Operatore>
		<CodiceOperatoreSDC>OECTSVR</CodiceOperatoreSDC>
		<RagioneSociale>CVA TRADING SRL</RagioneSociale>
	</Operatore>
	<Operatore>
		<CodiceOperatoreSDC>OEESDPW</CodiceOperatoreSDC>
		<RagioneSociale>EDIPOWER SPA</RagioneSociale>
	</Operatore>
	<Operatore>
		<CodiceOperatoreSDC>OEESDSP</CodiceOperatoreSDC>
		<RagioneSociale>EDISON S.P.A.</RagioneSociale>
	</Operatore>
	<Operatore>
		<CodiceOperatoreSDC>OESETSR</CodiceOperatoreSDC>
		<RagioneSociale>EDISON TRADING S.P.A.</RagioneSociale>
	</Operatore>
	<Operatore>
		<CodiceOperatoreSDC>OEETSDN</CodiceOperatoreSDC>
		<RagioneSociale>EDISON TRADING S.P.A.</RagioneSociale>
	</Operatore>
	<Operatore>
		<CodiceOperatoreSDC>OEEISPG</CodiceOperatoreSDC>
		<RagioneSociale>EGL ITALIA S.p.A.</RagioneSociale>
	</Operatore>
	<Operatore>
		<CodiceOperatoreSDC>OEEGSLT</CodiceOperatoreSDC>
		<RagioneSociale>ELETTRA GLL SPA</RagioneSociale>
	</Operatore>
	<Operatore>
		<CodiceOperatoreSDC>OEEINDS</CodiceOperatoreSDC>
		<RagioneSociale>ENDESA ITALIA SRL</RagioneSociale>
	</Operatore>
	<Operatore>
		<CodiceOperatoreSDC>OEET(AS</CodiceOperatoreSDC>
		<RagioneSociale>ENECO TRADE SRL</RagioneSociale>
	</Operatore>
	<Operatore>
		<CodiceOperatoreSDC>OEEGPSN</CodiceOperatoreSDC>
		<RagioneSociale>ENEL GREEN POWER S.P.A.</RagioneSociale>
	</Operatore>
	<Operatore>
		<CodiceOperatoreSDC>OEEPSNL</CodiceOperatoreSDC>
		<RagioneSociale>ENEL PRODUZIONE S.P.A.</RagioneSociale>
	</Operatore>
	<Operatore>
		<CodiceOperatoreSDC>OEETSNL</CodiceOperatoreSDC>
		<RagioneSociale>ENEL TRADE SPA</RagioneSociale>
	</Operatore>
	<Operatore>
		<CodiceOperatoreSDC>OECEPMN</CodiceOperatoreSDC>
		<RagioneSociale>ENERGIA PULITA MULTIUTILITY</RagioneSociale>
	</Operatore>
	<Operatore>
		<CodiceOperatoreSDC>OEEWSNR</CodiceOperatoreSDC>
		<RagioneSociale>ENERGY WATT SRL</RagioneSociale>
	</Operatore>
	<Operatore>
		<CodiceOperatoreSDC>OEESDAN</CodiceOperatoreSDC>
		<RagioneSociale>ENI SPA DIVISIONE REFINING E MARKETING</RagioneSociale>
	</Operatore>
	<Operatore>
		<CodiceOperatoreSDC>OEESNPW</CodiceOperatoreSDC>
		<RagioneSociale>ENIPOWER SPA</RagioneSociale>
	</Operatore>
	<Operatore>
		<CodiceOperatoreSDC>OEETSNP</CodiceOperatoreSDC>
		<RagioneSociale>ENIPOWER TRADING SpA</RagioneSociale>
	</Operatore>
	<Operatore>
		<CodiceOperatoreSDC>OEENCSR</CodiceOperatoreSDC>
		<RagioneSociale>ERG  NUOVE CENTRALI SRL</RagioneSociale>
	</Operatore>
	<Operatore>
		<CodiceOperatoreSDC>OEERMSR</CodiceOperatoreSDC>
		<RagioneSociale>ERG RAFFINERIE SRL</RagioneSociale>
	</Operatore>
	<Operatore>
		<CodiceOperatoreSDC>OEERGNU</CodiceOperatoreSDC>
		<RagioneSociale>EUROGEN SPA</RagioneSociale>
	</Operatore>
	<Operatore>
		<CodiceOperatoreSDC>OEFSNCP</CodiceOperatoreSDC>
		<RagioneSociale>FENICE SPA</RagioneSociale>
	</Operatore>
	<Operatore>
		<CodiceOperatoreSDC>OEFSSLP</CodiceOperatoreSDC>
		<RagioneSociale>FILIPPO SANSEVERINO SRL</RagioneSociale>
	</Operatore>
	<Operatore>
		<CodiceOperatoreSDC>IDGME</CodiceOperatoreSDC>
		<RagioneSociale>GME SPA</RagioneSociale>
	</Operatore>
	<Operatore>
		<CodiceOperatoreSDC>IDGMEINFO</CodiceOperatoreSDC>
		<RagioneSociale>GMEINFO</RagioneSociale>
	</Operatore>
	<Operatore>
		<CodiceOperatoreSDC>IDGRTNBI</CodiceOperatoreSDC>
		<RagioneSociale>GRTN Bilateralista</RagioneSociale>
	</Operatore>
	<Operatore>
		<CodiceOperatoreSDC>IDGRTNCO</CodiceOperatoreSDC>
		<RagioneSociale>GRTN Commerciale</RagioneSociale>
	</Operatore>
	<Operatore>
		<CodiceOperatoreSDC>IDGRTN</CodiceOperatoreSDC>
		<RagioneSociale>GRTN SPA</RagioneSociale>
	</Operatore>
	<Operatore>
		<CodiceOperatoreSDC>OEISDRT</CodiceOperatoreSDC>
		<RagioneSociale>IDROELETTRICA scrl</RagioneSociale>
	</Operatore>
	<Operatore>
		<CodiceOperatoreSDC>OEIDRNR</CodiceOperatoreSDC>
		<RagioneSociale>IDROENERGIA scrl</RagioneSociale>
	</Operatore>
	<Operatore>
		<CodiceOperatoreSDC>OEITLCM</CodiceOperatoreSDC>
		<RagioneSociale>ITALGEN S.P.A.</RagioneSociale>
	</Operatore>
	<Operatore>
		<CodiceOperatoreSDC>OEMESLP</CodiceOperatoreSDC>
		<RagioneSociale>MALPENSA ENERGIA SRL</RagioneSociale>
	</Operatore>
	<Operatore>
		<CodiceOperatoreSDC>OEMSPAZ</CodiceOperatoreSDC>
		<RagioneSociale>MARZOTTO S.P.A.</RagioneSociale>
	</Operatore>
	<Operatore>
		<CodiceOperatoreSDC>OEMSPAE</CodiceOperatoreSDC>
		<RagioneSociale>META SPA</RagioneSociale>
	</Operatore>
	<Operatore>
		<CodiceOperatoreSDC>OEPESRM</CodiceOperatoreSDC>
		<RagioneSociale>PRIMIERO ENERGIA SPA</RagioneSociale>
	</Operatore>
	<Operatore>
		<CodiceOperatoreSDC>OERSSPA</CodiceOperatoreSDC>
		<RagioneSociale>RAFFINERIA SARPOM S.p.A.</RagioneSociale>
	</Operatore>
	<Operatore>
		<CodiceOperatoreSDC>OERISQT</CodiceOperatoreSDC>
		<RagioneSociale>ROQUETTE ITALIA SPA</RagioneSociale>
	</Operatore>
	<Operatore>
		<CodiceOperatoreSDC>OESESGT</CodiceOperatoreSDC>
		<RagioneSociale>SAGETER ENERGIA SPA</RagioneSociale>
	</Operatore>
	<Operatore>
		<CodiceOperatoreSDC>OESSPA9</CodiceOperatoreSDC>
		<RagioneSociale>SARAS SPA</RagioneSociale>
	</Operatore>
	<Operatore>
		<CodiceOperatoreSDC>OESSCPE</CodiceOperatoreSDC>
		<RagioneSociale>SIECO SPA</RagioneSociale>
	</Operatore>
	<Operatore>
		<CodiceOperatoreSDC>OESSIET</CodiceOperatoreSDC>
		<RagioneSociale>S.I.E.T. (Societ� Intermediazione Energia Torino) S.p.A.</RagioneSociale>
	</Operatore>
	<Operatore>
		<CodiceOperatoreSDC>OESESML</CodiceOperatoreSDC>
		<RagioneSociale>SISMA ELETTRICA  S.P.A.</RagioneSociale>
	</Operatore>
	<Operatore>
		<CodiceOperatoreSDC>OESRDGS</CodiceOperatoreSDC>
		<RagioneSociale>SOCIETA' RAFFINERIA DI GELA SPA</RagioneSociale>
	</Operatore>
	<Operatore>
		<CodiceOperatoreSDC>OEESPA</CodiceOperatoreSDC>
		<RagioneSociale>SYNDIAL ATTIVITA DIVERSIFICATE</RagioneSociale>
	</Operatore>
	<Operatore>
		<CodiceOperatoreSDC>OETSRNP</CodiceOperatoreSDC>
		<RagioneSociale>T.E.R.NA. SPA</RagioneSociale>
	</Operatore>
	<Operatore>
		<CodiceOperatoreSDC>OEISNTP</CodiceOperatoreSDC>
		<RagioneSociale>TIRRENO POWER S.P.A.</RagioneSociale>
	</Operatore>
	<Operatore>
		<CodiceOperatoreSDC>OETSRNT</CodiceOperatoreSDC>
		<RagioneSociale>TRENTA SPA</RagioneSociale>
	</Operatore>
	<Operatore>
		<CodiceOperatoreSDC>OETSSRN</CodiceOperatoreSDC>
		<RagioneSociale>TRENTINO SERVIZI SPA</RagioneSociale>
	</Operatore>
	<Operatore>
		<CodiceOperatoreSDC>OEEP&amp;GS</CodiceOperatoreSDC>
		<RagioneSociale>Chissa` come si chiama</RagioneSociale>
	</Operatore>
</Operatori>
