<?xml version='1.0' encoding='ISO-8859-1'?>

<PIPEDocument xmlns='urn:XML-PIPE'
              xmlns:xsi='http://www.w3.org/2001/XMLSchema-instance'
              xsi:schemaLocation='urn:XML-PIPE PIPEDocument.xsd'
              ReferenceNumber='BPROG20040328oqwelqke' CreationDate='2002120460417' Version='1.0'>

  <TradingPartnerDirectory>
    <Sender>
      <TradingPartner PartnerType='Market Participant'>
        <CompanyName>Operatore1</CompanyName>
        <CompanyIdentifier>CODOPERATORESDC1</CompanyIdentifier>
      </TradingPartner>
    </Sender>
    <Recipient>
      <TradingPartner PartnerType='Distributor'>
        <CompanyName>GRTN bilateralista</CompanyName>
        <CompanyIdentifier>IDGRTNBI</CompanyIdentifier>
      </TradingPartner>
    </Recipient>
  </TradingPartnerDirectory>

  <PIPTransaction>
    <BilateralProgram MPN="AndreaNuovo10-20040328-01">
		<CRN>40080002168462</CRN>
      <Date>20040328</Date>
      <Hour>1</Hour>
      <Program>
      <Qty URN="IDUNITA1">-190,123456789</Qty>
      <Qty URN="IDUNITA2">-170</Qty>
      <Qty URN="IDUNITA3">190</Qty>
      </Program>
    </BilateralProgram>
  </PIPTransaction>

  <!--

  <PIPTransaction>
    <BilateralProgram MPN="AndreaNuovo10-20040328-02">
      <CRN>40080002168462</CRN>
      <Date>20040328</Date>
      <Hour>2</Hour>
      <Program>
      <Qty URN="IDUNITA1">180</Qty>
      <Qty URN="IDUNITA2">190</Qty>
      <Qty URN="IDUNITA3">190</Qty>
       </Program>
    </BilateralProgram>
  </PIPTransaction>


  <PIPTransaction>
    <BilateralProgram MPN="AndreaNuovo10-20040328-03">
      <CRN>40080002168462</CRN>
      <Date>20040328</Date>
      <Hour>3</Hour>
      <Program>
      <Qty URN="IDUNITA1">170</Qty>
      <Qty URN="IDUNITA2">190</Qty>
      <Qty URN="IDUNITA3">190</Qty>
     </Program>
    </BilateralProgram>
  </PIPTransaction>

  <PIPTransaction>
    <BilateralProgram MPN="AndreaNuovo10-20040328-04">
      <CRN>40080002168462</CRN>
      <Date>20040328</Date>
      <Hour>4</Hour>
      <Program>
      <Qty URN="IDUNITA1">160</Qty>
      <Qty URN="IDUNITA2">190</Qty>
      <Qty URN="IDUNITA3">190</Qty>
      </Program>
    </BilateralProgram>
  </PIPTransaction>

  <PIPTransaction>
    <BilateralProgram MPN="AndreaNuovo10-20040328-05">
      <CRN>40080002168462</CRN>
      <Date>20040328</Date>
      <Hour>5</Hour>
      <Program>
      <Qty URN="IDUNITA1">150</Qty>
      <Qty URN="IDUNITA2">190</Qty>
      <Qty URN="IDUNITA3">190</Qty>
       </Program>
    </BilateralProgram>
  </PIPTransaction>

  <PIPTransaction>
    <BilateralProgram MPN="AndreaNuovo10-20040328-06">
      <CRN>40080002168462</CRN>
      <Date>20040328</Date>
      <Hour>6</Hour>
      <Program>
      <Qty URN="IDUNITA1">140</Qty>
      <Qty URN="IDUNITA2">190</Qty>
      <Qty URN="IDUNITA3">190</Qty>
       </Program>
    </BilateralProgram>
  </PIPTransaction>

  <PIPTransaction>
    <BilateralProgram MPN="AndreaNuovo10-20040328-07">
      <CRN>40080002168462</CRN>
      <Date>20040328</Date>
      <Hour>7</Hour>
      <Program>
      <Qty URN="IDUNITA1">180</Qty>
      <Qty URN="IDUNITA2">190</Qty>
      <Qty URN="IDUNITA3">190</Qty>
       </Program>
    </BilateralProgram>
  </PIPTransaction>

  <PIPTransaction>
    <BilateralProgram MPN="AndreaNuovo10-20040328-08">
      <CRN>40080002168462</CRN>
      <Date>20040328</Date>
      <Hour>22</Hour>
      <Program>
      <Qty URN="IDUNITA1">180</Qty>
      <Qty URN="IDUNITA2">190</Qty>
      <Qty URN="IDUNITA3">190</Qty>
       </Program>
    </BilateralProgram>
  </PIPTransaction>

  <PIPTransaction>
    <BilateralProgram MPN="AndreaNuovo10-20040328-23">
      <CRN>40080002168462</CRN>
      <Date>20040328</Date>
      <Hour>23</Hour>
      <Program>
      <Qty URN="IDUNITA1">185</Qty>
      <Qty URN="IDUNITA2">190</Qty>
      <Qty URN="IDUNITA3">190</Qty>
       </Program>
    </BilateralProgram>
  </PIPTransaction>

  -->

</PIPEDocument>
