<?xml version="1.0" encoding="iso-8859-1"?>
<?xml-stylesheet type="text/xsl" href="ProgrammiBilateraliAccettati.xsl"?>
<Program xmlns="urn:XML-BIL" xmlns:xsi="http://www.w3.org/2001/XMLSchema-instance" xsi:schemaLocation="urn:XML-BIL ContractProgram.xsd" Version="1.0">
	<Date>20040426</Date>
	<CDetails>
		<IDOP>IDGME</IDOP>
		<CRN>2004042211221000000000029</CRN>
		<MNEM>S1</MNEM>
		<TOTCORR>18281.00</TOTCORR>
		<QDetails>
			<URN>UP_ACEA_CAST_1</URN>
			<QTY Hour="1" CORR="-2800.00">100.000</QTY>
			<QTY Hour="2" CORR="-2754.00">102.000</QTY>
			<QTY Hour="3" CORR="-2912.00">104.000</QTY>
			<QTY Hour="4" CORR="-2968.00">106.000</QTY>
			<QTY Hour="5" CORR="-2916.00">108.000</QTY>
			<QTY Hour="6" CORR="-2970.00">110.000</QTY>
			<QTY Hour="7" CORR="-3136.00">112.000</QTY>
			<QTY Hour="8" CORR="-3192.00">114.000</QTY>
			<QTY Hour="9" CORR="-3248.00">116.000</QTY>
			<QTY Hour="10" CORR="-3186.00">118.000</QTY>
			<QTY Hour="11" CORR="-3360.00">120.000</QTY>
			<QTY Hour="12" CORR="-3294.00">122.000</QTY>
			<QTY Hour="13" CORR="-3348.00">124.000</QTY>
			<QTY Hour="14" CORR="-3402.00">126.000</QTY>
			<QTY Hour="15" CORR="-3584.00">128.000</QTY>
			<QTY Hour="16" CORR="-3640.00">130.000</QTY>
			<QTY Hour="17" CORR="-3696.00">132.000</QTY>
			<QTY Hour="18" CORR="-3618.00">134.000</QTY>
			<QTY Hour="19" CORR="-3672.00">136.000</QTY>
			<QTY Hour="20" CORR="-3726.00">138.000</QTY>
			<QTY Hour="21" CORR="-3780.00">140.000</QTY>
			<QTY Hour="22" CORR="-3976.00">142.000</QTY>
			<QTY Hour="23" CORR="-3888.00">144.000</QTY>
			<QTY Hour="24" CORR="-3942.00">146.000</QTY>
		</QDetails>
		<QDetails>
			<URN>UP_AVEZZANO_1</URN>
			<QTY Hour="2" CORR="-2781.00">103.000</QTY>
			<QTY Hour="4" CORR="-2996.00">107.000</QTY>
			<QTY Hour="5" CORR="-2943.00">109.000</QTY>
			<QTY Hour="6" CORR="-2997.00">111.000</QTY>
			<QTY Hour="7" CORR="-3164.00">113.000</QTY>
			<QTY Hour="8" CORR="-3220.00">115.000</QTY>
			<QTY Hour="9" CORR="-3276.00">117.000</QTY>
			<QTY Hour="10" CORR="-3213.00">119.000</QTY>
			<QTY Hour="11" CORR="-3388.00">121.000</QTY>
			<QTY Hour="12" CORR="-3321.00">123.000</QTY>
			<QTY Hour="13" CORR="-3375.00">125.000</QTY>
			<QTY Hour="14" CORR="-3429.00">127.000</QTY>
			<QTY Hour="15" CORR="-3612.00">129.000</QTY>
			<QTY Hour="16" CORR="-3668.00">131.000</QTY>
			<QTY Hour="17" CORR="-3724.00">133.000</QTY>
			<QTY Hour="18" CORR="-3645.00">135.000</QTY>
			<QTY Hour="19" CORR="-3699.00">137.000</QTY>
			<QTY Hour="20" CORR="-3753.00">139.000</QTY>
			<QTY Hour="21" CORR="-3807.00">141.000</QTY>
			<QTY Hour="22" CORR="-4004.00">143.000</QTY>
			<QTY Hour="23" CORR="-3915.00">145.000</QTY>
			<QTY Hour="24" CORR="-3969.00">147.000</QTY>
		</QDetails>
		<QDetails>
			<URN>UP_CAPRIATI_1</URN>
			<QTY Hour="1" CORR="2800.00">-100.000</QTY>
			<QTY Hour="2" CORR="2754.00">-102.000</QTY>
			<QTY Hour="3" CORR="2912.00">-104.000</QTY>
			<QTY Hour="4" CORR="2968.00">-106.000</QTY>
			<QTY Hour="5" CORR="2916.00">-108.000</QTY>
			<QTY Hour="6" CORR="2970.00">-110.000</QTY>
			<QTY Hour="7" CORR="3136.00">-112.000</QTY>
			<QTY Hour="8" CORR="3192.00">-114.000</QTY>
			<QTY Hour="9" CORR="3248.00">-116.000</QTY>
			<QTY Hour="10" CORR="3186.00">-118.000</QTY>
			<QTY Hour="11" CORR="3360.00">-120.000</QTY>
			<QTY Hour="12" CORR="3294.00">-122.000</QTY>
			<QTY Hour="13" CORR="3348.00">-124.000</QTY>
			<QTY Hour="14" CORR="3402.00">-126.000</QTY>
			<QTY Hour="15" CORR="3584.00">-128.000</QTY>
			<QTY Hour="16" CORR="3640.00">-130.000</QTY>
			<QTY Hour="17" CORR="3696.00">-132.000</QTY>
			<QTY Hour="18" CORR="3618.00">-134.000</QTY>
			<QTY Hour="19" CORR="3672.00">-136.000</QTY>
			<QTY Hour="20" CORR="3726.00">-138.000</QTY>
			<QTY Hour="21" CORR="3780.00">-140.000</QTY>
			<QTY Hour="22" CORR="3976.00">-142.000</QTY>
			<QTY Hour="23" CORR="3888.00">-144.000</QTY>
			<QTY Hour="24" CORR="3942.00">-146.000</QTY>
		</QDetails>
		<QDetails>
			<URN>UP_ENTRACQUE_1</URN>
			<QTY Hour="2" CORR="3502.00">-103.000</QTY>
			<QTY Hour="4" CORR="3638.00">-107.000</QTY>
			<QTY Hour="5" CORR="3706.00">-109.000</QTY>
			<QTY Hour="6" CORR="3774.00">-111.000</QTY>
			<QTY Hour="7" CORR="3842.00">-113.000</QTY>
			<QTY Hour="8" CORR="3910.00">-115.000</QTY>
			<QTY Hour="9" CORR="3978.00">-117.000</QTY>
			<QTY Hour="10" CORR="4046.00">-119.000</QTY>
			<QTY Hour="11" CORR="4114.00">-121.000</QTY>
			<QTY Hour="12" CORR="4182.00">-123.000</QTY>
			<QTY Hour="13" CORR="4250.00">-125.000</QTY>
			<QTY Hour="14" CORR="4318.00">-127.000</QTY>
			<QTY Hour="15" CORR="4386.00">-129.000</QTY>
			<QTY Hour="16" CORR="4454.00">-131.000</QTY>
			<QTY Hour="17" CORR="4522.00">-133.000</QTY>
			<QTY Hour="18" CORR="4590.00">-135.000</QTY>
			<QTY Hour="19" CORR="4658.00">-137.000</QTY>
			<QTY Hour="20" CORR="4726.00">-139.000</QTY>
			<QTY Hour="21" CORR="4794.00">-141.000</QTY>
			<QTY Hour="22" CORR="4862.00">-143.000</QTY>
			<QTY Hour="23" CORR="4930.00">-145.000</QTY>
			<QTY Hour="24" CORR="4998.00">-147.000</QTY>
		</QDetails>
	</CDetails>
	<CDetails>
		<IDOP>OESSIET</IDOP>
		<CRN>2004042111034400000000099</CRN>
		<MNEM>CEDISON1</MNEM>
		<TOTCORR>68926.43</TOTCORR>
		<QDetails>
			<URN>UCV_CORSICA_EXP</URN>
			<QTY Hour="1" CORR="8935.20">-292.000</QTY>
			<QTY Hour="2" CORR="8861.16">-294.000</QTY>
			<QTY Hour="3" CORR="9057.60">-296.000</QTY>
			<QTY Hour="4" CORR="9118.80">-298.000</QTY>
			<QTY Hour="5" CORR="9045.00">-300.000</QTY>
			<QTY Hour="6" CORR="8960.34">-302.000</QTY>
			<QTY Hour="7" CORR="9302.40">-304.000</QTY>
			<QTY Hour="8" CORR="9366.66">-306.000</QTY>
			<QTY Hour="9" CORR="9434.04">-308.000</QTY>
			<QTY Hour="10" CORR="9355.80">-310.000</QTY>
			<QTY Hour="11" CORR="9550.32">-312.000</QTY>
			<QTY Hour="12" CORR="9470.24">-314.000</QTY>
			<QTY Hour="13" CORR="9375.72">-316.000</QTY>
			<QTY Hour="14" CORR="9590.88">-318.000</QTY>
			<QTY Hour="15" CORR="9795.20">-320.000</QTY>
			<QTY Hour="16" CORR="9859.64">-322.000</QTY>
			<QTY Hour="17" CORR="9920.88">-324.000</QTY>
			<QTY Hour="18" CORR="9672.42">-326.000</QTY>
			<QTY Hour="19" CORR="9751.44">-328.000</QTY>
			<QTY Hour="20" CORR="9801.00">-330.000</QTY>
			<QTY Hour="21" CORR="10026.40">-332.000</QTY>
			<QTY Hour="22" CORR="10237.10">-334.000</QTY>
			<QTY Hour="23" CORR="10147.20">-336.000</QTY>
			<QTY Hour="24" CORR="10045.36">-338.000</QTY>
		</QDetails>
		<QDetails>
			<URN>UCV_ZONALE_CALB</URN>
			<QTY Hour="1" CORR="4663.44">-152.400</QTY>
			<QTY Hour="2" CORR="4533.06">-150.400</QTY>
			<QTY Hour="3" CORR="4541.04">-148.400</QTY>
			<QTY Hour="4" CORR="4479.84">-146.400</QTY>
			<QTY Hour="5" CORR="4353.66">-144.400</QTY>
			<QTY Hour="6" CORR="4225.01">-142.400</QTY>
			<QTY Hour="7" CORR="4296.24">-140.400</QTY>
			<QTY Hour="8" CORR="4236.42">-138.400</QTY>
			<QTY Hour="9" CORR="4177.93">-136.400</QTY>
			<QTY Hour="10" CORR="4056.19">-134.400</QTY>
			<QTY Hour="11" CORR="4052.76">-132.400</QTY>
			<QTY Hour="12" CORR="3932.86">-130.400</QTY>
			<QTY Hour="13" CORR="3809.63">-128.400</QTY>
			<QTY Hour="14" CORR="3812.22">-126.400</QTY>
			<QTY Hour="15" CORR="3807.88">-124.400</QTY>
			<QTY Hour="16" CORR="3747.89">-122.400</QTY>
			<QTY Hour="17" CORR="3686.65">-120.400</QTY>
			<QTY Hour="18" CORR="3512.93">-118.400</QTY>
			<QTY Hour="19" CORR="3460.57">-116.400</QTY>
			<QTY Hour="20" CORR="3397.68">-114.400</QTY>
			<QTY Hour="21" CORR="3394.48">-112.400</QTY>
			<QTY Hour="22" CORR="3383.76">-110.400</QTY>
			<QTY Hour="23" CORR="3273.68">-108.400</QTY>
			<QTY Hour="24" CORR="3162.21">-106.400</QTY>
		</QDetails>
		<QDetails>
			<URN>UP_ANAPO_C.L_1</URN>
			<QTY Hour="1" CORR="-4444.00">222.200</QTY>
			<QTY Hour="2" CORR="-4444.00">222.200</QTY>
			<QTY Hour="3" CORR="-4444.00">222.200</QTY>
			<QTY Hour="4" CORR="-4444.00">222.200</QTY>
			<QTY Hour="5" CORR="-4444.00">222.200</QTY>
			<QTY Hour="6" CORR="-4666.20">222.200</QTY>
			<QTY Hour="7" CORR="-4444.00">222.200</QTY>
			<QTY Hour="8" CORR="-4444.00">222.200</QTY>
			<QTY Hour="9" CORR="-4444.00">222.200</QTY>
			<QTY Hour="10" CORR="-4444.00">222.200</QTY>
			<QTY Hour="11" CORR="-4444.00">222.200</QTY>
			<QTY Hour="12" CORR="-4444.00">222.200</QTY>
			<QTY Hour="13" CORR="-4666.20">222.200</QTY>
			<QTY Hour="14" CORR="-4444.00">222.200</QTY>
			<QTY Hour="15" CORR="-4444.00">222.200</QTY>
			<QTY Hour="16" CORR="-4444.00">222.200</QTY>
			<QTY Hour="17" CORR="-4444.00">222.200</QTY>
			<QTY Hour="18" CORR="-4444.00">222.200</QTY>
			<QTY Hour="19" CORR="-4666.20">222.200</QTY>
			<QTY Hour="20" CORR="-4444.00">222.200</QTY>
			<QTY Hour="21" CORR="-4444.00">222.200</QTY>
			<QTY Hour="22" CORR="-4444.00">222.200</QTY>
			<QTY Hour="23" CORR="-4444.00">222.200</QTY>
			<QTY Hour="24" CORR="-4444.00">222.200</QTY>
		</QDetails>
		<QDetails>
			<URN>UP_AVENTINO1_1</URN>
			<QTY Hour="1" CORR="-6221.60">222.200</QTY>
			<QTY Hour="2" CORR="-5999.40">222.200</QTY>
			<QTY Hour="3" CORR="-6221.60">222.200</QTY>
			<QTY Hour="4" CORR="-6221.60">222.200</QTY>
			<QTY Hour="5" CORR="-5999.40">222.200</QTY>
			<QTY Hour="6" CORR="-5999.40">222.200</QTY>
			<QTY Hour="7" CORR="-6221.60">222.200</QTY>
			<QTY Hour="8" CORR="-6221.60">222.200</QTY>
			<QTY Hour="9" CORR="-6221.60">222.200</QTY>
			<QTY Hour="10" CORR="-5999.40">222.200</QTY>
			<QTY Hour="11" CORR="-6221.60">222.200</QTY>
			<QTY Hour="12" CORR="-5999.40">222.200</QTY>
			<QTY Hour="13" CORR="-5999.40">222.200</QTY>
			<QTY Hour="14" CORR="-5999.40">222.200</QTY>
			<QTY Hour="15" CORR="-6221.60">222.200</QTY>
			<QTY Hour="16" CORR="-6221.60">222.200</QTY>
			<QTY Hour="17" CORR="-6221.60">222.200</QTY>
			<QTY Hour="18" CORR="-5999.40">222.200</QTY>
			<QTY Hour="19" CORR="-5999.40">222.200</QTY>
			<QTY Hour="20" CORR="-5999.40">222.200</QTY>
			<QTY Hour="21" CORR="-5999.40">222.200</QTY>
			<QTY Hour="22" CORR="-6221.60">222.200</QTY>
			<QTY Hour="23" CORR="-5999.40">222.200</QTY>
			<QTY Hour="24" CORR="-5999.40">222.200</QTY>
		</QDetails>
	</CDetails>
</Program>
