<?xml version='1.0' encoding='ISO-8859-1'?>

<PIPEDocument xmlns='urn:XML-PIPE'
	xmlns:xsi='http://www.w3.org/2001/XMLSchema-instance'
	xsi:schemaLocation='urn:XML-PIPE PIPEDocument.xsd'
	ReferenceNumber='BPROG20040328oqwelqke' CreationDate='2002120460417' Version='1.0'>

	<TradingPartnerDirectory>
		<Sender>
			<TradingPartner PartnerType='Market Participant'>
				<CompanyName>Pluto</CompanyName>
				<CompanyIdentifier>OEACEA1</CompanyIdentifier>
			</TradingPartner>
		</Sender>
		<Recipient>
			<TradingPartner PartnerType='Distributor'>
				<CompanyName>GRTN bilateralista</CompanyName>
				<CompanyIdentifier>IDGRTNBI</CompanyIdentifier>
			</TradingPartner>
		</Recipient>
	</TradingPartnerDirectory>

	<PIPTransaction>
		<BilateralProgram MPN="P1_1">
			<CRN>2004031117071500000000001</CRN>
			<Date>20040313</Date>
			<Hour>1</Hour>
			<Program>
				<Qty URN="UP_ACCEGLIO_1">100</Qty>
				<Qty URN="UCV_APG_EXP">-190</Qty>
			</Program>
		</BilateralProgram>
	</PIPTransaction>

</PIPEDocument>
