<?xml version="1.0" encoding="ISO-8859-1"?>
<PIPEDocument xmlns="urn:XML-PIPE" xmlns:xsi="http://www.w3.org/2001/XMLSchema-instance" xsi:schemaLocation="urn:XML-PIPE PIPEDocument.xsd" ReferenceNumber="PSR_20041302152401" CreationDate="20041302" Version="1.0">
 <TradingPartnerDirectory>
  <Sender>
    <TradingPartner PartnerType="Distributor">
    <CompanyName>GRTN</CompanyName>
    <CompanyIdentifier>IDGRTN</CompanyIdentifier>
   </TradingPartner>
  </Sender>
  <Recipient>
    <TradingPartner PartnerType="Distributor">
    <CompanyName>GME</CompanyName>
    <CompanyIdentifier>IDGME</CompanyIdentifier>
   </TradingPartner>
  </Recipient>
 </TradingPartnerDirectory>
   <PIPTransaction>
     <RelevantExchangePoint>
       <RelevantExchangePointID>PSR_268</RelevantExchangePointID>
         <Name>PUNTO DI OFFERTA TOTALE SCAMBI IMPORT FR-IT</Name>
         <Zone>FRAN</Zone>
         <TransmissionLossFactor> 1,000</TransmissionLossFactor>
     </RelevantExchangePoint>
   </PIPTransaction>
   <PIPTransaction>
     <RelevantExchangePoint>
       <RelevantExchangePointID>PSR_266</RelevantExchangePointID>
         <Name>PUNTO DI OFFERTA TOTALE SCAMBI EXPORT FR-IT</Name>
         <Zone>FRAN</Zone>
         <TransmissionLossFactor> 1,000</TransmissionLossFactor>
     </RelevantExchangePoint>
   </PIPTransaction>
   <PIPTransaction>
     <RelevantExchangePoint>
       <RelevantExchangePointID>PSR_264</RelevantExchangePointID>
         <Name>PUNTO DI OFFERTA TOTALE SCAMBI EXPORT CH-IT</Name>
         <Zone>SVIZ</Zone>
         <TransmissionLossFactor> 1,000</TransmissionLossFactor>
     </RelevantExchangePoint>
   </PIPTransaction>
   <PIPTransaction>
     <RelevantExchangePoint>
       <RelevantExchangePointID>PSR_262</RelevantExchangePointID>
         <Name>PUNTO DI OFFERTA TOTALE SCAMBI IMPORT CH-IT</Name>
         <Zone>SVIZ</Zone>
         <TransmissionLossFactor> 1,000</TransmissionLossFactor>
     </RelevantExchangePoint>
   </PIPTransaction>
   <PIPTransaction>
     <RelevantExchangePoint>
       <RelevantExchangePointID>PSR_272</RelevantExchangePointID>
         <Name>PUNTO DI OFFERTA TOTALE SCAMBI EXPORT A-IT</Name>
         <Zone>AUST</Zone>
         <TransmissionLossFactor> 1,000</TransmissionLossFactor>
     </RelevantExchangePoint>
   </PIPTransaction>
   <PIPTransaction>
     <RelevantExchangePoint>
       <RelevantExchangePointID>PSR_270</RelevantExchangePointID>
         <Name>PUNTO DI OFFERTA TOTALE SCAMBI IMPORT A-IT</Name>
         <Zone>AUST</Zone>
         <TransmissionLossFactor> 1,000</TransmissionLossFactor>
     </RelevantExchangePoint>
   </PIPTransaction>
   <PIPTransaction>
     <RelevantExchangePoint>
       <RelevantExchangePointID>PSR_276</RelevantExchangePointID>
         <Name>PUNTO DI OFFERTA TOTALE SCAMBI IMPORT SL-IT</Name>
         <Zone>SLOV</Zone>
         <TransmissionLossFactor> 1,000</TransmissionLossFactor>
     </RelevantExchangePoint>
   </PIPTransaction>
   <PIPTransaction>
     <RelevantExchangePoint>
       <RelevantExchangePointID>PSR_274</RelevantExchangePointID>
         <Name>PUNTO DI OFFERTA TOTALE SCAMBI EXPORT SL-IT</Name>
         <Zone>SLOV</Zone>
         <TransmissionLossFactor> 1,000</TransmissionLossFactor>
     </RelevantExchangePoint>
   </PIPTransaction>
   <PIPTransaction>
     <RelevantExchangePoint>
       <RelevantExchangePointID>PSR_75</RelevantExchangePointID>
         <Name>RONCOVALGRANDE</Name>
         <Zone>TBRV</Zone>
         <TransmissionLossFactor> 1,000</TransmissionLossFactor>
     </RelevantExchangePoint>
   </PIPTransaction>
   <PIPTransaction>
     <RelevantExchangePoint>
       <RelevantExchangePointID>PSR_74</RelevantExchangePointID>
         <Name>TURBIGO</Name>
         <Zone>TBRV</Zone>
         <TransmissionLossFactor> 1,000</TransmissionLossFactor>
     </RelevantExchangePoint>
   </PIPTransaction>
   <PIPTransaction>
     <RelevantExchangePoint>
       <RelevantExchangePointID>PSR_76</RelevantExchangePointID>
         <Name>MANFALCONE</Name>
         <Zone>MFTV</Zone>
         <TransmissionLossFactor> 1,000</TransmissionLossFactor>
     </RelevantExchangePoint>
   </PIPTransaction>
   <PIPTransaction>
     <RelevantExchangePoint>
       <RelevantExchangePointID>PSR_606</RelevantExchangePointID>
         <Name>PUNTO DI OFFERTA RECUPERO SCARTI EXPORT ETRANS-IT</Name>
         <Zone>NORD</Zone>
         <TransmissionLossFactor> 1,000</TransmissionLossFactor>
     </RelevantExchangePoint>
   </PIPTransaction>
   <PIPTransaction>
     <RelevantExchangePoint>
       <RelevantExchangePointID>PSR_604</RelevantExchangePointID>
         <Name>PUNTO DI OFFERTA RECUPERO SCARTI IMPORT ETRANS-IT</Name>
         <Zone>NORD</Zone>
         <TransmissionLossFactor> 1,000</TransmissionLossFactor>
     </RelevantExchangePoint>
   </PIPTransaction>
   <PIPTransaction>
     <RelevantExchangePoint>
       <RelevantExchangePointID>PSR_602</RelevantExchangePointID>
         <Name>PUNTO DI OFFERTA SCAMBI EXPORT LINEA VILLA DI TIRANO - 408</Name>
         <Zone>NORD</Zone>
         <TransmissionLossFactor> 1,000</TransmissionLossFactor>
     </RelevantExchangePoint>
   </PIPTransaction>
   <PIPTransaction>
     <RelevantExchangePoint>
       <RelevantExchangePointID>PSR_600</RelevantExchangePointID>
         <Name>PUNTO DI OFFERTA SCAMBI IMPORT LINEA VILLA TIRANO - 408</Name>
         <Zone>NORD</Zone>
         <TransmissionLossFactor> 1,000</TransmissionLossFactor>
     </RelevantExchangePoint>
   </PIPTransaction>
   <PIPTransaction>
     <RelevantExchangePoint>
       <RelevantExchangePointID>PSR_315</RelevantExchangePointID>
         <Name>PIEVE ALBIGNOLA</Name>
         <Zone>NORD</Zone>
         <TransmissionLossFactor> 1,000</TransmissionLossFactor>
     </RelevantExchangePoint>
   </PIPTransaction>
   <PIPTransaction>
     <RelevantExchangePoint>
       <RelevantExchangePointID>PSR_295</RelevantExchangePointID>
         <Name>PUNTO DI OFFERTA CONSUMI ZONALI</Name>
         <Zone>NORD</Zone>
         <TransmissionLossFactor> 1,000</TransmissionLossFactor>
     </RelevantExchangePoint>
   </PIPTransaction>
   <PIPTransaction>
     <RelevantExchangePoint>
       <RelevantExchangePointID>PSR_283</RelevantExchangePointID>
         <Name>PUNTO DI OFFERTA PRODUZIONI AGGREGATE</Name>
         <Zone>NORD</Zone>
         <TransmissionLossFactor> 1,000</TransmissionLossFactor>
     </RelevantExchangePoint>
   </PIPTransaction>
   <PIPTransaction>
     <RelevantExchangePoint>
       <RelevantExchangePointID>PSR_239</RelevantExchangePointID>
         <Name>RIVIERA ROMAGNOLA</Name>
         <Zone>NORD</Zone>
         <TransmissionLossFactor> 1,000</TransmissionLossFactor>
     </RelevantExchangePoint>
   </PIPTransaction>
   <PIPTransaction>
     <RelevantExchangePoint>
       <RelevantExchangePointID>PSR_238</RelevantExchangePointID>
         <Name>RAVENNATE - FERRARESE</Name>
         <Zone>NORD</Zone>
         <TransmissionLossFactor> 1,000</TransmissionLossFactor>
     </RelevantExchangePoint>
   </PIPTransaction>
   <PIPTransaction>
     <RelevantExchangePoint>
       <RelevantExchangePointID>PSR_237</RelevantExchangePointID>
         <Name>BOLOGNA EST - FORLI</Name>
         <Zone>NORD</Zone>
         <TransmissionLossFactor> 1,000</TransmissionLossFactor>
     </RelevantExchangePoint>
   </PIPTransaction>
   <PIPTransaction>
     <RelevantExchangePoint>
       <RelevantExchangePointID>PSR_236</RelevantExchangePointID>
         <Name>BOLOGNA CENTRO</Name>
         <Zone>NORD</Zone>
         <TransmissionLossFactor> 1,000</TransmissionLossFactor>
     </RelevantExchangePoint>
   </PIPTransaction>
   <PIPTransaction>
     <RelevantExchangePoint>
       <RelevantExchangePointID>PSR_235</RelevantExchangePointID>
         <Name>BOLOGNA NORD - FERRARA</Name>
         <Zone>NORD</Zone>
         <TransmissionLossFactor> 1,000</TransmissionLossFactor>
     </RelevantExchangePoint>
   </PIPTransaction>
   <PIPTransaction>
     <RelevantExchangePoint>
       <RelevantExchangePointID>PSR_234</RelevantExchangePointID>
         <Name>MODENA EST</Name>
         <Zone>NORD</Zone>
         <TransmissionLossFactor> 1,000</TransmissionLossFactor>
     </RelevantExchangePoint>
   </PIPTransaction>
   <PIPTransaction>
     <RelevantExchangePoint>
       <RelevantExchangePointID>PSR_233</RelevantExchangePointID>
         <Name>APPENNINO PARMA OVEST</Name>
         <Zone>NORD</Zone>
         <TransmissionLossFactor> 1,000</TransmissionLossFactor>
     </RelevantExchangePoint>
   </PIPTransaction>
   <PIPTransaction>
     <RelevantExchangePoint>
       <RelevantExchangePointID>PSR_232</RelevantExchangePointID>
         <Name>PIACENTINA</Name>
         <Zone>NORD</Zone>
         <TransmissionLossFactor> 1,000</TransmissionLossFactor>
     </RelevantExchangePoint>
   </PIPTransaction>
   <PIPTransaction>
     <RelevantExchangePoint>
       <RelevantExchangePointID>PSR_231</RelevantExchangePointID>
         <Name>PARMA NORD - OVEST</Name>
         <Zone>NORD</Zone>
         <TransmissionLossFactor> 1,000</TransmissionLossFactor>
     </RelevantExchangePoint>
   </PIPTransaction>
   <PIPTransaction>
     <RelevantExchangePoint>
       <RelevantExchangePointID>PSR_230</RelevantExchangePointID>
         <Name>REGGIO DELL'EMILIA SUD</Name>
         <Zone>NORD</Zone>
         <TransmissionLossFactor> 1,000</TransmissionLossFactor>
     </RelevantExchangePoint>
   </PIPTransaction>
   <PIPTransaction>
     <RelevantExchangePoint>
       <RelevantExchangePointID>PSR_229</RelevantExchangePointID>
         <Name>APPENNINO REGGIANO</Name>
         <Zone>NORD</Zone>
         <TransmissionLossFactor> 1,000</TransmissionLossFactor>
     </RelevantExchangePoint>
   </PIPTransaction>
   <PIPTransaction>
     <RelevantExchangePoint>
       <RelevantExchangePointID>PSR_228</RelevantExchangePointID>
         <Name>BASSA PADANA PARMENSE</Name>
         <Zone>NORD</Zone>
         <TransmissionLossFactor> 1,000</TransmissionLossFactor>
     </RelevantExchangePoint>
   </PIPTransaction>
   <PIPTransaction>
     <RelevantExchangePoint>
       <RelevantExchangePointID>PSR_227</RelevantExchangePointID>
         <Name>APPENNINI PARMENSE</Name>
         <Zone>NORD</Zone>
         <TransmissionLossFactor> 1,000</TransmissionLossFactor>
     </RelevantExchangePoint>
   </PIPTransaction>
   <PIPTransaction>
     <RelevantExchangePoint>
       <RelevantExchangePointID>PSR_226</RelevantExchangePointID>
         <Name>TRIESTE</Name>
         <Zone>NORD</Zone>
         <TransmissionLossFactor> 1,000</TransmissionLossFactor>
     </RelevantExchangePoint>
   </PIPTransaction>
   <PIPTransaction>
     <RelevantExchangePoint>
       <RelevantExchangePointID>PSR_225</RelevantExchangePointID>
         <Name>VENEZIA</Name>
         <Zone>NORD</Zone>
         <TransmissionLossFactor> 1,000</TransmissionLossFactor>
     </RelevantExchangePoint>
   </PIPTransaction>
   <PIPTransaction>
     <RelevantExchangePoint>
       <RelevantExchangePointID>PSR_224</RelevantExchangePointID>
         <Name>TREVISO</Name>
         <Zone>NORD</Zone>
         <TransmissionLossFactor> 1,000</TransmissionLossFactor>
     </RelevantExchangePoint>
   </PIPTransaction>
   <PIPTransaction>
     <RelevantExchangePoint>
       <RelevantExchangePointID>PSR_223</RelevantExchangePointID>
         <Name>ROVIGO</Name>
         <Zone>NORD</Zone>
         <TransmissionLossFactor> 1,000</TransmissionLossFactor>
     </RelevantExchangePoint>
   </PIPTransaction>
   <PIPTransaction>
     <RelevantExchangePoint>
       <RelevantExchangePointID>PSR_222</RelevantExchangePointID>
         <Name>PADOVA</Name>
         <Zone>NORD</Zone>
         <TransmissionLossFactor> 1,000</TransmissionLossFactor>
     </RelevantExchangePoint>
   </PIPTransaction>
   <PIPTransaction>
     <RelevantExchangePoint>
       <RelevantExchangePointID>PSR_221</RelevantExchangePointID>
         <Name>VICENZA</Name>
         <Zone>NORD</Zone>
         <TransmissionLossFactor> 1,000</TransmissionLossFactor>
     </RelevantExchangePoint>
   </PIPTransaction>
   <PIPTransaction>
     <RelevantExchangePoint>
       <RelevantExchangePointID>PSR_220</RelevantExchangePointID>
         <Name>VERONA</Name>
         <Zone>NORD</Zone>
         <TransmissionLossFactor> 1,000</TransmissionLossFactor>
     </RelevantExchangePoint>
   </PIPTransaction>
   <PIPTransaction>
     <RelevantExchangePoint>
       <RelevantExchangePointID>PSR_219</RelevantExchangePointID>
         <Name>BUSSOLENGO</Name>
         <Zone>NORD</Zone>
         <TransmissionLossFactor> 1,000</TransmissionLossFactor>
     </RelevantExchangePoint>
   </PIPTransaction>
   <PIPTransaction>
     <RelevantExchangePoint>
       <RelevantExchangePointID>PSR_218</RelevantExchangePointID>
         <Name>UDINE-GORIZIA-PORDENONE</Name>
         <Zone>NORD</Zone>
         <TransmissionLossFactor> 1,000</TransmissionLossFactor>
     </RelevantExchangePoint>
   </PIPTransaction>
   <PIPTransaction>
     <RelevantExchangePoint>
       <RelevantExchangePointID>PSR_217</RelevantExchangePointID>
         <Name>BELLUNO</Name>
         <Zone>NORD</Zone>
         <TransmissionLossFactor> 1,000</TransmissionLossFactor>
     </RelevantExchangePoint>
   </PIPTransaction>
   <PIPTransaction>
     <RelevantExchangePoint>
       <RelevantExchangePointID>PSR_216</RelevantExchangePointID>
         <Name>TRENTO BOLZANO</Name>
         <Zone>NORD</Zone>
         <TransmissionLossFactor> 1,000</TransmissionLossFactor>
     </RelevantExchangePoint>
   </PIPTransaction>
   <PIPTransaction>
     <RelevantExchangePoint>
       <RelevantExchangePointID>PSR_215</RelevantExchangePointID>
         <Name>MARCARIA-LONATO</Name>
         <Zone>NORD</Zone>
         <TransmissionLossFactor> 1,000</TransmissionLossFactor>
     </RelevantExchangePoint>
   </PIPTransaction>
   <PIPTransaction>
     <RelevantExchangePoint>
       <RelevantExchangePointID>PSR_214</RelevantExchangePointID>
         <Name>MARCARIA-CTE MINCIO A (ASM)-BUSSOLENGO S.S.(VE)-NOGAROLE (VE)-OSTIGLIA</Name>
         <Zone>NORD</Zone>
         <TransmissionLossFactor> 1,000</TransmissionLossFactor>
     </RelevantExchangePoint>
   </PIPTransaction>
   <PIPTransaction>
     <RelevantExchangePoint>
       <RelevantExchangePointID>PSR_213</RelevantExchangePointID>
         <Name>FLERO-RIC.OVEST (ASM)</Name>
         <Zone>NORD</Zone>
         <TransmissionLossFactor> 1,000</TransmissionLossFactor>
     </RelevantExchangePoint>
   </PIPTransaction>
   <PIPTransaction>
     <RelevantExchangePoint>
       <RelevantExchangePointID>PSR_212</RelevantExchangePointID>
         <Name>CREMONA-CHIARI-TRAVAGLIATO-FLERO-LONATO-NAVE</Name>
         <Zone>NORD</Zone>
         <TransmissionLossFactor> 1,000</TransmissionLossFactor>
     </RelevantExchangePoint>
   </PIPTransaction>
   <PIPTransaction>
     <RelevantExchangePoint>
       <RelevantExchangePointID>PSR_211</RelevantExchangePointID>
         <Name>MAGENTA-CASTELNUOVO(TO)-LACCHIARELLA</Name>
         <Zone>NORD</Zone>
         <TransmissionLossFactor> 1,000</TransmissionLossFactor>
     </RelevantExchangePoint>
   </PIPTransaction>
   <PIPTransaction>
     <RelevantExchangePoint>
       <RelevantExchangePointID>PSR_210</RelevantExchangePointID>
         <Name>TAVAZZANO-S.ROCCO-CREMONA</Name>
         <Zone>NORD</Zone>
         <TransmissionLossFactor> 1,000</TransmissionLossFactor>
     </RelevantExchangePoint>
   </PIPTransaction>
   <PIPTransaction>
     <RelevantExchangePoint>
       <RelevantExchangePointID>PSR_209</RelevantExchangePointID>
         <Name>TRAVAGLIATO-NAVE</Name>
         <Zone>NORD</Zone>
         <TransmissionLossFactor> 1,000</TransmissionLossFactor>
     </RelevantExchangePoint>
   </PIPTransaction>
   <PIPTransaction>
     <RelevantExchangePoint>
       <RelevantExchangePointID>PSR_208</RelevantExchangePointID>
         <Name>VERDERIO-CISERANO-GORLAGO-PIANCAMUNO-NAVE</Name>
         <Zone>NORD</Zone>
         <TransmissionLossFactor> 1,000</TransmissionLossFactor>
     </RelevantExchangePoint>
   </PIPTransaction>
   <PIPTransaction>
     <RelevantExchangePoint>
       <RelevantExchangePointID>PSR_207</RelevantExchangePointID>
         <Name>SONDRIO-BULCIAGO-VERDERIO-GORLAGO-PIANCAMUNO</Name>
         <Zone>NORD</Zone>
         <TransmissionLossFactor> 1,000</TransmissionLossFactor>
     </RelevantExchangePoint>
   </PIPTransaction>
   <PIPTransaction>
     <RelevantExchangePoint>
       <RelevantExchangePointID>PSR_206</RelevantExchangePointID>
         <Name>BOVISIO-BRUGHERIO-VERDERIO</Name>
         <Zone>NORD</Zone>
         <TransmissionLossFactor> 1,000</TransmissionLossFactor>
     </RelevantExchangePoint>
   </PIPTransaction>
   <PIPTransaction>
     <RelevantExchangePoint>
       <RelevantExchangePointID>PSR_205</RelevantExchangePointID>
         <Name>BRUGHERIO-TAVAZZANO-CISERANO</Name>
         <Zone>NORD</Zone>
         <TransmissionLossFactor> 1,000</TransmissionLossFactor>
     </RelevantExchangePoint>
   </PIPTransaction>
   <PIPTransaction>
     <RelevantExchangePoint>
       <RelevantExchangePointID>PSR_204</RelevantExchangePointID>
         <Name>GORLAGO-CISERANO-CHIARI</Name>
         <Zone>NORD</Zone>
         <TransmissionLossFactor> 1,000</TransmissionLossFactor>
     </RelevantExchangePoint>
   </PIPTransaction>
   <PIPTransaction>
     <RelevantExchangePoint>
       <RelevantExchangePointID>PSR_203</RelevantExchangePointID>
         <Name>BAGGIO-TAVAZZANO-LACCHIARELLA-CESANO (EDISON)</Name>
         <Zone>NORD</Zone>
         <TransmissionLossFactor> 1,000</TransmissionLossFactor>
     </RelevantExchangePoint>
   </PIPTransaction>
   <PIPTransaction>
     <RelevantExchangePoint>
       <RelevantExchangePointID>PSR_202</RelevantExchangePointID>
         <Name>BAGGIO-OSPIATE</Name>
         <Zone>NORD</Zone>
         <TransmissionLossFactor> 1,000</TransmissionLossFactor>
     </RelevantExchangePoint>
   </PIPTransaction>
   <PIPTransaction>
     <RelevantExchangePoint>
       <RelevantExchangePointID>PSR_201</RelevantExchangePointID>
         <Name>CISLAGO-MAGENTA-TURBIGO</Name>
         <Zone>NORD</Zone>
         <TransmissionLossFactor> 1,000</TransmissionLossFactor>
     </RelevantExchangePoint>
   </PIPTransaction>
   <PIPTransaction>
     <RelevantExchangePoint>
       <RelevantExchangePointID>PSR_200</RelevantExchangePointID>
         <Name>BOVISIO-CISLAGO-OSPIATE</Name>
         <Zone>NORD</Zone>
         <TransmissionLossFactor> 1,000</TransmissionLossFactor>
     </RelevantExchangePoint>
   </PIPTransaction>
   <PIPTransaction>
     <RelevantExchangePoint>
       <RelevantExchangePointID>PSR_199</RelevantExchangePointID>
         <Name>BOVISIO-BULCIAGO-CAGNO-CISLAGO-MESE</Name>
         <Zone>NORD</Zone>
         <TransmissionLossFactor> 1,000</TransmissionLossFactor>
     </RelevantExchangePoint>
   </PIPTransaction>
   <PIPTransaction>
     <RelevantExchangePoint>
       <RelevantExchangePointID>PSR_198</RelevantExchangePointID>
         <Name>CAGNO-CISLAGO-MERCALLO-TURBIGO</Name>
         <Zone>NORD</Zone>
         <TransmissionLossFactor> 1,000</TransmissionLossFactor>
     </RelevantExchangePoint>
   </PIPTransaction>
   <PIPTransaction>
     <RelevantExchangePoint>
       <RelevantExchangePointID>PSR_197</RelevantExchangePointID>
         <Name>BIELLA</Name>
         <Zone>NORD</Zone>
         <TransmissionLossFactor> 1,000</TransmissionLossFactor>
     </RelevantExchangePoint>
   </PIPTransaction>
   <PIPTransaction>
     <RelevantExchangePoint>
       <RelevantExchangePointID>PSR_196</RelevantExchangePointID>
         <Name>ALTA OSSOLA</Name>
         <Zone>NORD</Zone>
         <TransmissionLossFactor> 1,000</TransmissionLossFactor>
     </RelevantExchangePoint>
   </PIPTransaction>
   <PIPTransaction>
     <RelevantExchangePoint>
       <RelevantExchangePointID>PSR_195</RelevantExchangePointID>
         <Name>SUD PIEMONTE</Name>
         <Zone>NORD</Zone>
         <TransmissionLossFactor> 1,000</TransmissionLossFactor>
     </RelevantExchangePoint>
   </PIPTransaction>
   <PIPTransaction>
     <RelevantExchangePoint>
       <RelevantExchangePointID>PSR_194</RelevantExchangePointID>
         <Name>BASSA OSSOLA</Name>
         <Zone>NORD</Zone>
         <TransmissionLossFactor> 1,000</TransmissionLossFactor>
     </RelevantExchangePoint>
   </PIPTransaction>
   <PIPTransaction>
     <RelevantExchangePoint>
       <RelevantExchangePointID>PSR_193</RelevantExchangePointID>
         <Name>VC-LOMBARDIA</Name>
         <Zone>NORD</Zone>
         <TransmissionLossFactor> 1,000</TransmissionLossFactor>
     </RelevantExchangePoint>
   </PIPTransaction>
   <PIPTransaction>
     <RelevantExchangePoint>
       <RelevantExchangePointID>PSR_192</RelevantExchangePointID>
         <Name>NO-LOMBARDIA</Name>
         <Zone>NORD</Zone>
         <TransmissionLossFactor> 1,000</TransmissionLossFactor>
     </RelevantExchangePoint>
   </PIPTransaction>
   <PIPTransaction>
     <RelevantExchangePoint>
       <RelevantExchangePointID>PSR_191</RelevantExchangePointID>
         <Name>SUD-EST PIEMONTE</Name>
         <Zone>NORD</Zone>
         <TransmissionLossFactor> 1,000</TransmissionLossFactor>
     </RelevantExchangePoint>
   </PIPTransaction>
   <PIPTransaction>
     <RelevantExchangePoint>
       <RelevantExchangePointID>PSR_190</RelevantExchangePointID>
         <Name>IMPERIA</Name>
         <Zone>NORD</Zone>
         <TransmissionLossFactor> 1,000</TransmissionLossFactor>
     </RelevantExchangePoint>
   </PIPTransaction>
   <PIPTransaction>
     <RelevantExchangePoint>
       <RelevantExchangePointID>PSR_189</RelevantExchangePointID>
         <Name>GE - SP</Name>
         <Zone>NORD</Zone>
         <TransmissionLossFactor> 1,000</TransmissionLossFactor>
     </RelevantExchangePoint>
   </PIPTransaction>
   <PIPTransaction>
     <RelevantExchangePoint>
       <RelevantExchangePointID>PSR_188</RelevantExchangePointID>
         <Name>GE PONENTE</Name>
         <Zone>NORD</Zone>
         <TransmissionLossFactor> 1,000</TransmissionLossFactor>
     </RelevantExchangePoint>
   </PIPTransaction>
   <PIPTransaction>
     <RelevantExchangePoint>
       <RelevantExchangePointID>PSR_187</RelevantExchangePointID>
         <Name>GE LEVANTE</Name>
         <Zone>NORD</Zone>
         <TransmissionLossFactor> 1,000</TransmissionLossFactor>
     </RelevantExchangePoint>
   </PIPTransaction>
   <PIPTransaction>
     <RelevantExchangePoint>
       <RelevantExchangePointID>PSR_186</RelevantExchangePointID>
         <Name>SV-SUD AL</Name>
         <Zone>NORD</Zone>
         <TransmissionLossFactor> 1,000</TransmissionLossFactor>
     </RelevantExchangePoint>
   </PIPTransaction>
   <PIPTransaction>
     <RelevantExchangePoint>
       <RelevantExchangePointID>PSR_185</RelevantExchangePointID>
         <Name>CN-SUD TORINO</Name>
         <Zone>NORD</Zone>
         <TransmissionLossFactor> 1,000</TransmissionLossFactor>
     </RelevantExchangePoint>
   </PIPTransaction>
   <PIPTransaction>
     <RelevantExchangePoint>
       <RelevantExchangePointID>PSR_184</RelevantExchangePointID>
         <Name>VAL SUSA</Name>
         <Zone>NORD</Zone>
         <TransmissionLossFactor> 1,000</TransmissionLossFactor>
     </RelevantExchangePoint>
   </PIPTransaction>
   <PIPTransaction>
     <RelevantExchangePoint>
       <RelevantExchangePointID>PSR_183</RelevantExchangePointID>
         <Name>AL-AT-EST TO</Name>
         <Zone>NORD</Zone>
         <TransmissionLossFactor> 1,000</TransmissionLossFactor>
     </RelevantExchangePoint>
   </PIPTransaction>
   <PIPTransaction>
     <RelevantExchangePoint>
       <RelevantExchangePointID>PSR_182</RelevantExchangePointID>
         <Name>AEM</Name>
         <Zone>NORD</Zone>
         <TransmissionLossFactor> 1,000</TransmissionLossFactor>
     </RelevantExchangePoint>
   </PIPTransaction>
   <PIPTransaction>
     <RelevantExchangePoint>
       <RelevantExchangePointID>PSR_181</RelevantExchangePointID>
         <Name>NORD TORINO</Name>
         <Zone>NORD</Zone>
         <TransmissionLossFactor> 1,000</TransmissionLossFactor>
     </RelevantExchangePoint>
   </PIPTransaction>
   <PIPTransaction>
     <RelevantExchangePoint>
       <RelevantExchangePointID>PSR_180</RelevantExchangePointID>
         <Name>BASSA V.AOSTA</Name>
         <Zone>NORD</Zone>
         <TransmissionLossFactor> 1,000</TransmissionLossFactor>
     </RelevantExchangePoint>
   </PIPTransaction>
   <PIPTransaction>
     <RelevantExchangePoint>
       <RelevantExchangePointID>PSR_179</RelevantExchangePointID>
         <Name>ALTA V.AOSTA</Name>
         <Zone>NORD</Zone>
         <TransmissionLossFactor> 1,000</TransmissionLossFactor>
     </RelevantExchangePoint>
   </PIPTransaction>
   <PIPTransaction>
     <RelevantExchangePoint>
       <RelevantExchangePointID>PSR_171</RelevantExchangePointID>
         <Name>RIVA ACCIAIO</Name>
         <Zone>NORD</Zone>
         <TransmissionLossFactor> 1,000</TransmissionLossFactor>
     </RelevantExchangePoint>
   </PIPTransaction>
   <PIPTransaction>
     <RelevantExchangePoint>
       <RelevantExchangePointID>PSR_170</RelevantExchangePointID>
         <Name>N.M. GALILEO</Name>
         <Zone>NORD</Zone>
         <TransmissionLossFactor> 1,000</TransmissionLossFactor>
     </RelevantExchangePoint>
   </PIPTransaction>
   <PIPTransaction>
     <RelevantExchangePoint>
       <RelevantExchangePointID>PSR_169</RelevantExchangePointID>
         <Name>FERRIERE NORD</Name>
         <Zone>NORD</Zone>
         <TransmissionLossFactor> 1,000</TransmissionLossFactor>
     </RelevantExchangePoint>
   </PIPTransaction>
   <PIPTransaction>
     <RelevantExchangePoint>
       <RelevantExchangePointID>PSR_168</RelevantExchangePointID>
         <Name>COMELLI SIDERURGICA</Name>
         <Zone>NORD</Zone>
         <TransmissionLossFactor> 1,000</TransmissionLossFactor>
     </RelevantExchangePoint>
   </PIPTransaction>
   <PIPTransaction>
     <RelevantExchangePoint>
       <RelevantExchangePointID>PSR_167</RelevantExchangePointID>
         <Name>AIR LIQIUDE</Name>
         <Zone>NORD</Zone>
         <TransmissionLossFactor> 1,000</TransmissionLossFactor>
     </RelevantExchangePoint>
   </PIPTransaction>
   <PIPTransaction>
     <RelevantExchangePoint>
       <RelevantExchangePointID>PSR_166</RelevantExchangePointID>
         <Name>ACC VENETE</Name>
         <Zone>NORD</Zone>
         <TransmissionLossFactor> 1,000</TransmissionLossFactor>
     </RelevantExchangePoint>
   </PIPTransaction>
   <PIPTransaction>
     <RelevantExchangePoint>
       <RelevantExchangePointID>PSR_165</RelevantExchangePointID>
         <Name>ACC VALSUGANA</Name>
         <Zone>NORD</Zone>
         <TransmissionLossFactor> 1,000</TransmissionLossFactor>
     </RelevantExchangePoint>
   </PIPTransaction>
   <PIPTransaction>
     <RelevantExchangePoint>
       <RelevantExchangePointID>PSR_164</RelevantExchangePointID>
         <Name>ACC VALBRUNA VI</Name>
         <Zone>NORD</Zone>
         <TransmissionLossFactor> 1,000</TransmissionLossFactor>
     </RelevantExchangePoint>
   </PIPTransaction>
   <PIPTransaction>
     <RelevantExchangePoint>
       <RelevantExchangePointID>PSR_163</RelevantExchangePointID>
         <Name>ACC VALBRUNA BZ</Name>
         <Zone>NORD</Zone>
         <TransmissionLossFactor> 1,000</TransmissionLossFactor>
     </RelevantExchangePoint>
   </PIPTransaction>
   <PIPTransaction>
     <RelevantExchangePoint>
       <RelevantExchangePointID>PSR_162</RelevantExchangePointID>
         <Name>ACC BERTOLI SAFAU</Name>
         <Zone>NORD</Zone>
         <TransmissionLossFactor> 1,000</TransmissionLossFactor>
     </RelevantExchangePoint>
   </PIPTransaction>
   <PIPTransaction>
     <RelevantExchangePoint>
       <RelevantExchangePointID>PSR_161</RelevantExchangePointID>
         <Name>ACC BELTRAME</Name>
         <Zone>NORD</Zone>
         <TransmissionLossFactor> 1,000</TransmissionLossFactor>
     </RelevantExchangePoint>
   </PIPTransaction>
   <PIPTransaction>
     <RelevantExchangePoint>
       <RelevantExchangePointID>PSR_160</RelevantExchangePointID>
         <Name>TORBOLE</Name>
         <Zone>NORD</Zone>
         <TransmissionLossFactor> 1,000</TransmissionLossFactor>
     </RelevantExchangePoint>
   </PIPTransaction>
   <PIPTransaction>
     <RelevantExchangePoint>
       <RelevantExchangePointID>PSR_159</RelevantExchangePointID>
         <Name>SOVERZENE</Name>
         <Zone>NORD</Zone>
         <TransmissionLossFactor> 1,000</TransmissionLossFactor>
     </RelevantExchangePoint>
   </PIPTransaction>
   <PIPTransaction>
     <RelevantExchangePoint>
       <RelevantExchangePointID>PSR_158</RelevantExchangePointID>
         <Name>S. VALBURGA</Name>
         <Zone>NORD</Zone>
         <TransmissionLossFactor> 1,000</TransmissionLossFactor>
     </RelevantExchangePoint>
   </PIPTransaction>
   <PIPTransaction>
     <RelevantExchangePoint>
       <RelevantExchangePointID>PSR_157</RelevantExchangePointID>
         <Name>S. PANCRAZIO</Name>
         <Zone>NORD</Zone>
         <TransmissionLossFactor> 1,000</TransmissionLossFactor>
     </RelevantExchangePoint>
   </PIPTransaction>
   <PIPTransaction>
     <RelevantExchangePoint>
       <RelevantExchangePointID>PSR_156</RelevantExchangePointID>
         <Name>S. MASSENZA</Name>
         <Zone>NORD</Zone>
         <TransmissionLossFactor> 1,000</TransmissionLossFactor>
     </RelevantExchangePoint>
   </PIPTransaction>
   <PIPTransaction>
     <RelevantExchangePoint>
       <RelevantExchangePointID>PSR_155</RelevantExchangePointID>
         <Name>S. ANTONIO</Name>
         <Zone>NORD</Zone>
         <TransmissionLossFactor> 1,000</TransmissionLossFactor>
     </RelevantExchangePoint>
   </PIPTransaction>
   <PIPTransaction>
     <RelevantExchangePoint>
       <RelevantExchangePointID>PSR_154</RelevantExchangePointID>
         <Name>PRACOMUNE</Name>
         <Zone>NORD</Zone>
         <TransmissionLossFactor> 1,000</TransmissionLossFactor>
     </RelevantExchangePoint>
   </PIPTransaction>
   <PIPTransaction>
     <RelevantExchangePoint>
       <RelevantExchangePointID>PSR_153</RelevantExchangePointID>
         <Name>MOLINE</Name>
         <Zone>NORD</Zone>
         <TransmissionLossFactor> 1,000</TransmissionLossFactor>
     </RelevantExchangePoint>
   </PIPTransaction>
   <PIPTransaction>
     <RelevantExchangePoint>
       <RelevantExchangePointID>PSR_152</RelevantExchangePointID>
         <Name>LANA</Name>
         <Zone>NORD</Zone>
         <TransmissionLossFactor> 1,000</TransmissionLossFactor>
     </RelevantExchangePoint>
   </PIPTransaction>
   <PIPTransaction>
     <RelevantExchangePoint>
       <RelevantExchangePointID>PSR_151</RelevantExchangePointID>
         <Name>FONTANA BIANCA</Name>
         <Zone>NORD</Zone>
         <TransmissionLossFactor> 1,000</TransmissionLossFactor>
     </RelevantExchangePoint>
   </PIPTransaction>
   <PIPTransaction>
     <RelevantExchangePoint>
       <RelevantExchangePointID>PSR_150</RelevantExchangePointID>
         <Name>FADALTO</Name>
         <Zone>NORD</Zone>
         <TransmissionLossFactor> 1,000</TransmissionLossFactor>
     </RelevantExchangePoint>
   </PIPTransaction>
   <PIPTransaction>
     <RelevantExchangePoint>
       <RelevantExchangePointID>PSR_149</RelevantExchangePointID>
         <Name>CIMEGO</Name>
         <Zone>NORD</Zone>
         <TransmissionLossFactor> 1,000</TransmissionLossFactor>
     </RelevantExchangePoint>
   </PIPTransaction>
   <PIPTransaction>
     <RelevantExchangePoint>
       <RelevantExchangePointID>PSR_148</RelevantExchangePointID>
         <Name>CARDANO</Name>
         <Zone>NORD</Zone>
         <TransmissionLossFactor> 1,000</TransmissionLossFactor>
     </RelevantExchangePoint>
   </PIPTransaction>
   <PIPTransaction>
     <RelevantExchangePoint>
       <RelevantExchangePointID>PSR_147</RelevantExchangePointID>
         <Name>BOAZZO</Name>
         <Zone>NORD</Zone>
         <TransmissionLossFactor> 1,000</TransmissionLossFactor>
     </RelevantExchangePoint>
   </PIPTransaction>
   <PIPTransaction>
     <RelevantExchangePoint>
       <RelevantExchangePointID>PSR_146</RelevantExchangePointID>
         <Name>ALA</Name>
         <Zone>NORD</Zone>
         <TransmissionLossFactor> 1,000</TransmissionLossFactor>
     </RelevantExchangePoint>
   </PIPTransaction>
   <PIPTransaction>
     <RelevantExchangePoint>
       <RelevantExchangePointID>PSR_145</RelevantExchangePointID>
         <Name>LASA</Name>
         <Zone>NORD</Zone>
         <TransmissionLossFactor> 1,000</TransmissionLossFactor>
     </RelevantExchangePoint>
   </PIPTransaction>
   <PIPTransaction>
     <RelevantExchangePoint>
       <RelevantExchangePointID>PSR_144</RelevantExchangePointID>
         <Name>PONTE RESIA</Name>
         <Zone>NORD</Zone>
         <TransmissionLossFactor> 1,000</TransmissionLossFactor>
     </RelevantExchangePoint>
   </PIPTransaction>
   <PIPTransaction>
     <RelevantExchangePoint>
       <RelevantExchangePointID>PSR_143</RelevantExchangePointID>
         <Name>NATURNO</Name>
         <Zone>NORD</Zone>
         <TransmissionLossFactor> 1,000</TransmissionLossFactor>
     </RelevantExchangePoint>
   </PIPTransaction>
   <PIPTransaction>
     <RelevantExchangePoint>
       <RelevantExchangePointID>PSR_142</RelevantExchangePointID>
         <Name>AZOTATI EDISON</Name>
         <Zone>NORD</Zone>
         <TransmissionLossFactor> 1,000</TransmissionLossFactor>
     </RelevantExchangePoint>
   </PIPTransaction>
   <PIPTransaction>
     <RelevantExchangePoint>
       <RelevantExchangePointID>PSR_141</RelevantExchangePointID>
         <Name>ENICHEM</Name>
         <Zone>NORD</Zone>
         <TransmissionLossFactor> 1,000</TransmissionLossFactor>
     </RelevantExchangePoint>
   </PIPTransaction>
   <PIPTransaction>
     <RelevantExchangePoint>
       <RelevantExchangePointID>PSR_140</RelevantExchangePointID>
         <Name>FUSINA (GR. 1 E 2)</Name>
         <Zone>NORD</Zone>
         <TransmissionLossFactor> 1,000</TransmissionLossFactor>
     </RelevantExchangePoint>
   </PIPTransaction>
   <PIPTransaction>
     <RelevantExchangePoint>
       <RelevantExchangePointID>PSR_139</RelevantExchangePointID>
         <Name>MANFALCONE</Name>
         <Zone>NORD</Zone>
         <TransmissionLossFactor> 1,000</TransmissionLossFactor>
     </RelevantExchangePoint>
   </PIPTransaction>
   <PIPTransaction>
     <RelevantExchangePoint>
       <RelevantExchangePointID>PSR_138</RelevantExchangePointID>
         <Name>MARGHERA</Name>
         <Zone>NORD</Zone>
         <TransmissionLossFactor> 1,000</TransmissionLossFactor>
     </RelevantExchangePoint>
   </PIPTransaction>
   <PIPTransaction>
     <RelevantExchangePoint>
       <RelevantExchangePointID>PSR_137</RelevantExchangePointID>
         <Name>PORTO TOLLE</Name>
         <Zone>NORD</Zone>
         <TransmissionLossFactor> 1,000</TransmissionLossFactor>
     </RelevantExchangePoint>
   </PIPTransaction>
   <PIPTransaction>
     <RelevantExchangePoint>
       <RelevantExchangePointID>PSR_136</RelevantExchangePointID>
         <Name>FUSINA</Name>
         <Zone>NORD</Zone>
         <TransmissionLossFactor> 1,000</TransmissionLossFactor>
     </RelevantExchangePoint>
   </PIPTransaction>
   <PIPTransaction>
     <RelevantExchangePoint>
       <RelevantExchangePointID>PSR_135</RelevantExchangePointID>
         <Name>TAIO</Name>
         <Zone>NORD</Zone>
         <TransmissionLossFactor> 1,000</TransmissionLossFactor>
     </RelevantExchangePoint>
   </PIPTransaction>
   <PIPTransaction>
     <RelevantExchangePoint>
       <RelevantExchangePointID>PSR_134</RelevantExchangePointID>
         <Name>CEDEGOLO</Name>
         <Zone>NORD</Zone>
         <TransmissionLossFactor> 1,000</TransmissionLossFactor>
     </RelevantExchangePoint>
   </PIPTransaction>
   <PIPTransaction>
     <RelevantExchangePoint>
       <RelevantExchangePointID>PSR_133</RelevantExchangePointID>
         <Name>BELVISO</Name>
         <Zone>NORD</Zone>
         <TransmissionLossFactor> 1,000</TransmissionLossFactor>
     </RelevantExchangePoint>
   </PIPTransaction>
   <PIPTransaction>
     <RelevantExchangePoint>
       <RelevantExchangePointID>PSR_132</RelevantExchangePointID>
         <Name>VENINA</Name>
         <Zone>NORD</Zone>
         <TransmissionLossFactor> 1,000</TransmissionLossFactor>
     </RelevantExchangePoint>
   </PIPTransaction>
   <PIPTransaction>
     <RelevantExchangePoint>
       <RelevantExchangePointID>PSR_131</RelevantExchangePointID>
         <Name>GANDA</Name>
         <Zone>NORD</Zone>
         <TransmissionLossFactor> 1,000</TransmissionLossFactor>
     </RelevantExchangePoint>
   </PIPTransaction>
   <PIPTransaction>
     <RelevantExchangePoint>
       <RelevantExchangePointID>PSR_130</RelevantExchangePointID>
         <Name>GARGNANO</Name>
         <Zone>NORD</Zone>
         <TransmissionLossFactor> 1,000</TransmissionLossFactor>
     </RelevantExchangePoint>
   </PIPTransaction>
   <PIPTransaction>
     <RelevantExchangePoint>
       <RelevantExchangePointID>PSR_129</RelevantExchangePointID>
         <Name>SONDRIO</Name>
         <Zone>NORD</Zone>
         <TransmissionLossFactor> 1,000</TransmissionLossFactor>
     </RelevantExchangePoint>
   </PIPTransaction>
   <PIPTransaction>
     <RelevantExchangePoint>
       <RelevantExchangePointID>PSR_128</RelevantExchangePointID>
         <Name>LANZADA</Name>
         <Zone>NORD</Zone>
         <TransmissionLossFactor> 1,000</TransmissionLossFactor>
     </RelevantExchangePoint>
   </PIPTransaction>
   <PIPTransaction>
     <RelevantExchangePoint>
       <RelevantExchangePointID>PSR_127</RelevantExchangePointID>
         <Name>C.MORO</Name>
         <Zone>NORD</Zone>
         <TransmissionLossFactor> 1,000</TransmissionLossFactor>
     </RelevantExchangePoint>
   </PIPTransaction>
   <PIPTransaction>
     <RelevantExchangePoint>
       <RelevantExchangePointID>PSR_126</RelevantExchangePointID>
         <Name>PREMADIO</Name>
         <Zone>NORD</Zone>
         <TransmissionLossFactor> 1,000</TransmissionLossFactor>
     </RelevantExchangePoint>
   </PIPTransaction>
   <PIPTransaction>
     <RelevantExchangePoint>
       <RelevantExchangePointID>PSR_125</RelevantExchangePointID>
         <Name>GROSIO</Name>
         <Zone>NORD</Zone>
         <TransmissionLossFactor> 1,000</TransmissionLossFactor>
     </RelevantExchangePoint>
   </PIPTransaction>
   <PIPTransaction>
     <RelevantExchangePoint>
       <RelevantExchangePointID>PSR_124</RelevantExchangePointID>
         <Name>OSTIGLIA</Name>
         <Zone>NORD</Zone>
         <TransmissionLossFactor> 1,000</TransmissionLossFactor>
     </RelevantExchangePoint>
   </PIPTransaction>
   <PIPTransaction>
     <RelevantExchangePoint>
       <RelevantExchangePointID>PSR_123</RelevantExchangePointID>
         <Name>CASSANO</Name>
         <Zone>NORD</Zone>
         <TransmissionLossFactor> 1,000</TransmissionLossFactor>
     </RelevantExchangePoint>
   </PIPTransaction>
   <PIPTransaction>
     <RelevantExchangePoint>
       <RelevantExchangePointID>PSR_122</RelevantExchangePointID>
         <Name>EDOLO</Name>
         <Zone>NORD</Zone>
         <TransmissionLossFactor> 1,000</TransmissionLossFactor>
     </RelevantExchangePoint>
   </PIPTransaction>
   <PIPTransaction>
     <RelevantExchangePoint>
       <RelevantExchangePointID>PSR_121</RelevantExchangePointID>
         <Name>S.FIORANO</Name>
         <Zone>NORD</Zone>
         <TransmissionLossFactor> 1,000</TransmissionLossFactor>
     </RelevantExchangePoint>
   </PIPTransaction>
   <PIPTransaction>
     <RelevantExchangePoint>
       <RelevantExchangePointID>PSR_120</RelevantExchangePointID>
         <Name>OSTIGLIA</Name>
         <Zone>NORD</Zone>
         <TransmissionLossFactor> 1,000</TransmissionLossFactor>
     </RelevantExchangePoint>
   </PIPTransaction>
   <PIPTransaction>
     <RelevantExchangePoint>
       <RelevantExchangePointID>PSR_119</RelevantExchangePointID>
         <Name>TAVAZZANO</Name>
         <Zone>NORD</Zone>
         <TransmissionLossFactor> 1,000</TransmissionLossFactor>
     </RelevantExchangePoint>
   </PIPTransaction>
   <PIPTransaction>
     <RelevantExchangePoint>
       <RelevantExchangePointID>PSR_118</RelevantExchangePointID>
         <Name>SERMIDE</Name>
         <Zone>NORD</Zone>
         <TransmissionLossFactor> 1,000</TransmissionLossFactor>
     </RelevantExchangePoint>
   </PIPTransaction>
   <PIPTransaction>
     <RelevantExchangePoint>
       <RelevantExchangePointID>PSR_117</RelevantExchangePointID>
         <Name>PIACENZA</Name>
         <Zone>NORD</Zone>
         <TransmissionLossFactor> 1,000</TransmissionLossFactor>
     </RelevantExchangePoint>
   </PIPTransaction>
   <PIPTransaction>
     <RelevantExchangePoint>
       <RelevantExchangePointID>PSR_116</RelevantExchangePointID>
         <Name>LA CASELLA</Name>
         <Zone>NORD</Zone>
         <TransmissionLossFactor> 1,000</TransmissionLossFactor>
     </RelevantExchangePoint>
   </PIPTransaction>
   <PIPTransaction>
     <RelevantExchangePoint>
       <RelevantExchangePointID>PSR_115</RelevantExchangePointID>
         <Name>VILLA AEM</Name>
         <Zone>NORD</Zone>
         <TransmissionLossFactor> 1,000</TransmissionLossFactor>
     </RelevantExchangePoint>
   </PIPTransaction>
   <PIPTransaction>
     <RelevantExchangePoint>
       <RelevantExchangePointID>PSR_114</RelevantExchangePointID>
         <Name>VERAMPIO</Name>
         <Zone>NORD</Zone>
         <TransmissionLossFactor> 1,000</TransmissionLossFactor>
     </RelevantExchangePoint>
   </PIPTransaction>
   <PIPTransaction>
     <RelevantExchangePoint>
       <RelevantExchangePointID>PSR_113</RelevantExchangePointID>
         <Name>VALPELLINE</Name>
         <Zone>NORD</Zone>
         <TransmissionLossFactor> 1,000</TransmissionLossFactor>
     </RelevantExchangePoint>
   </PIPTransaction>
   <PIPTransaction>
     <RelevantExchangePoint>
       <RelevantExchangePointID>PSR_112</RelevantExchangePointID>
         <Name>ROSONE AEM</Name>
         <Zone>NORD</Zone>
         <TransmissionLossFactor> 1,000</TransmissionLossFactor>
     </RelevantExchangePoint>
   </PIPTransaction>
   <PIPTransaction>
     <RelevantExchangePoint>
       <RelevantExchangePointID>PSR_111</RelevantExchangePointID>
         <Name>QUART</Name>
         <Zone>NORD</Zone>
         <TransmissionLossFactor> 1,000</TransmissionLossFactor>
     </RelevantExchangePoint>
   </PIPTransaction>
   <PIPTransaction>
     <RelevantExchangePoint>
       <RelevantExchangePointID>PSR_110</RelevantExchangePointID>
         <Name>PONTE</Name>
         <Zone>NORD</Zone>
         <TransmissionLossFactor> 1,000</TransmissionLossFactor>
     </RelevantExchangePoint>
   </PIPTransaction>
   <PIPTransaction>
     <RelevantExchangePoint>
       <RelevantExchangePointID>PSR_109</RelevantExchangePointID>
         <Name>PALLANZENO</Name>
         <Zone>NORD</Zone>
         <TransmissionLossFactor> 1,000</TransmissionLossFactor>
     </RelevantExchangePoint>
   </PIPTransaction>
   <PIPTransaction>
     <RelevantExchangePoint>
       <RelevantExchangePointID>PSR_108</RelevantExchangePointID>
         <Name>MONTJOVET</Name>
         <Zone>NORD</Zone>
         <TransmissionLossFactor> 1,000</TransmissionLossFactor>
     </RelevantExchangePoint>
   </PIPTransaction>
   <PIPTransaction>
     <RelevantExchangePoint>
       <RelevantExchangePointID>PSR_107</RelevantExchangePointID>
         <Name>AVISE</Name>
         <Zone>NORD</Zone>
         <TransmissionLossFactor> 1,000</TransmissionLossFactor>
     </RelevantExchangePoint>
   </PIPTransaction>
   <PIPTransaction>
     <RelevantExchangePoint>
       <RelevantExchangePointID>PSR_106</RelevantExchangePointID>
         <Name>TRINO</Name>
         <Zone>NORD</Zone>
         <TransmissionLossFactor> 1,000</TransmissionLossFactor>
     </RelevantExchangePoint>
   </PIPTransaction>
   <PIPTransaction>
     <RelevantExchangePoint>
       <RelevantExchangePointID>PSR_105</RelevantExchangePointID>
         <Name>SONDEL SETTIMO</Name>
         <Zone>NORD</Zone>
         <TransmissionLossFactor> 1,000</TransmissionLossFactor>
     </RelevantExchangePoint>
   </PIPTransaction>
   <PIPTransaction>
     <RelevantExchangePoint>
       <RelevantExchangePointID>PSR_104</RelevantExchangePointID>
         <Name>MONCALIERI AEM</Name>
         <Zone>NORD</Zone>
         <TransmissionLossFactor> 1,000</TransmissionLossFactor>
     </RelevantExchangePoint>
   </PIPTransaction>
   <PIPTransaction>
     <RelevantExchangePoint>
       <RelevantExchangePointID>PSR_103</RelevantExchangePointID>
         <Name>CHIVASSO TERMICA</Name>
         <Zone>NORD</Zone>
         <TransmissionLossFactor> 1,000</TransmissionLossFactor>
     </RelevantExchangePoint>
   </PIPTransaction>
   <PIPTransaction>
     <RelevantExchangePoint>
       <RelevantExchangePointID>PSR_102</RelevantExchangePointID>
         <Name>VENAUS</Name>
         <Zone>NORD</Zone>
         <TransmissionLossFactor> 1,000</TransmissionLossFactor>
     </RelevantExchangePoint>
   </PIPTransaction>
   <PIPTransaction>
     <RelevantExchangePoint>
       <RelevantExchangePointID>PSR_101</RelevantExchangePointID>
         <Name>ENTRACQUE</Name>
         <Zone>NORD</Zone>
         <TransmissionLossFactor> 1,000</TransmissionLossFactor>
     </RelevantExchangePoint>
   </PIPTransaction>
   <PIPTransaction>
     <RelevantExchangePoint>
       <RelevantExchangePointID>PSR_100</RelevantExchangePointID>
         <Name>VADO TERMICA</Name>
         <Zone>NORD</Zone>
         <TransmissionLossFactor> 1,000</TransmissionLossFactor>
     </RelevantExchangePoint>
   </PIPTransaction>
   <PIPTransaction>
     <RelevantExchangePoint>
       <RelevantExchangePointID>PSR_99</RelevantExchangePointID>
         <Name>TRINO</Name>
         <Zone>NORD</Zone>
         <TransmissionLossFactor> 1,000</TransmissionLossFactor>
     </RelevantExchangePoint>
   </PIPTransaction>
   <PIPTransaction>
     <RelevantExchangePoint>
       <RelevantExchangePointID>PSR_98</RelevantExchangePointID>
         <Name>SPEZIA CENTRALE</Name>
         <Zone>NORD</Zone>
         <TransmissionLossFactor> 1,000</TransmissionLossFactor>
     </RelevantExchangePoint>
   </PIPTransaction>
   <PIPTransaction>
     <RelevantExchangePoint>
       <RelevantExchangePointID>PSR_97</RelevantExchangePointID>
         <Name>R.F.X</Name>
         <Zone>NORD</Zone>
         <TransmissionLossFactor> 1,000</TransmissionLossFactor>
     </RelevantExchangePoint>
   </PIPTransaction>
   <PIPTransaction>
     <RelevantExchangePoint>
       <RelevantExchangePointID>PSR_96</RelevantExchangePointID>
         <Name>AREA METROPOLITANA MILANO(RETE 220 kV)</Name>
         <Zone>NORD</Zone>
         <TransmissionLossFactor> 1,000</TransmissionLossFactor>
     </RelevantExchangePoint>
   </PIPTransaction>
   <PIPTransaction>
     <RelevantExchangePoint>
       <RelevantExchangePointID>PSR_95</RelevantExchangePointID>
         <Name>DALMINE</Name>
         <Zone>NORD</Zone>
         <TransmissionLossFactor> 1,000</TransmissionLossFactor>
     </RelevantExchangePoint>
   </PIPTransaction>
   <PIPTransaction>
     <RelevantExchangePoint>
       <RelevantExchangePointID>PSR_94</RelevantExchangePointID>
         <Name>ACC. ISP</Name>
         <Zone>NORD</Zone>
         <TransmissionLossFactor> 1,000</TransmissionLossFactor>
     </RelevantExchangePoint>
   </PIPTransaction>
   <PIPTransaction>
     <RelevantExchangePoint>
       <RelevantExchangePointID>PSR_93</RelevantExchangePointID>
         <Name>TEKSID CRESCENTINO</Name>
         <Zone>NORD</Zone>
         <TransmissionLossFactor> 1,000</TransmissionLossFactor>
     </RelevantExchangePoint>
   </PIPTransaction>
   <PIPTransaction>
     <RelevantExchangePoint>
       <RelevantExchangePointID>PSR_92</RelevantExchangePointID>
         <Name>TEKSID CARMAGNOLA</Name>
         <Zone>NORD</Zone>
         <TransmissionLossFactor> 1,000</TransmissionLossFactor>
     </RelevantExchangePoint>
   </PIPTransaction>
   <PIPTransaction>
     <RelevantExchangePoint>
       <RelevantExchangePointID>PSR_91</RelevantExchangePointID>
         <Name>NOVI L.</Name>
         <Zone>NORD</Zone>
         <TransmissionLossFactor> 1,000</TransmissionLossFactor>
     </RelevantExchangePoint>
   </PIPTransaction>
   <PIPTransaction>
     <RelevantExchangePoint>
       <RelevantExchangePointID>PSR_90</RelevantExchangePointID>
         <Name>MONCALIERI ENEL</Name>
         <Zone>NORD</Zone>
         <TransmissionLossFactor> 1,000</TransmissionLossFactor>
     </RelevantExchangePoint>
   </PIPTransaction>
   <PIPTransaction>
     <RelevantExchangePoint>
       <RelevantExchangePointID>PSR_89</RelevantExchangePointID>
         <Name>TORINO AREA METROPOLITANA (1)</Name>
         <Zone>NORD</Zone>
         <TransmissionLossFactor> 1,000</TransmissionLossFactor>
     </RelevantExchangePoint>
   </PIPTransaction>
   <PIPTransaction>
     <RelevantExchangePoint>
       <RelevantExchangePointID>PSR_88</RelevantExchangePointID>
         <Name>GRUGLIASCO</Name>
         <Zone>NORD</Zone>
         <TransmissionLossFactor> 1,000</TransmissionLossFactor>
     </RelevantExchangePoint>
   </PIPTransaction>
   <PIPTransaction>
     <RelevantExchangePoint>
       <RelevantExchangePointID>PSR_87</RelevantExchangePointID>
         <Name>FIAT MIRAFIORI</Name>
         <Zone>NORD</Zone>
         <TransmissionLossFactor> 1,000</TransmissionLossFactor>
     </RelevantExchangePoint>
   </PIPTransaction>
   <PIPTransaction>
     <RelevantExchangePoint>
       <RelevantExchangePointID>PSR_86</RelevantExchangePointID>
         <Name>ILVA NOVI L.</Name>
         <Zone>NORD</Zone>
         <TransmissionLossFactor> 1,000</TransmissionLossFactor>
     </RelevantExchangePoint>
   </PIPTransaction>
   <PIPTransaction>
     <RelevantExchangePoint>
       <RelevantExchangePointID>PSR_85</RelevantExchangePointID>
         <Name>ILVA CORNIGLIANO</Name>
         <Zone>NORD</Zone>
         <TransmissionLossFactor> 1,000</TransmissionLossFactor>
     </RelevantExchangePoint>
   </PIPTransaction>
   <PIPTransaction>
     <RelevantExchangePoint>
       <RelevantExchangePointID>PSR_84</RelevantExchangePointID>
         <Name>COGNE ACCIAI SPECIALI</Name>
         <Zone>NORD</Zone>
         <TransmissionLossFactor> 1,000</TransmissionLossFactor>
     </RelevantExchangePoint>
   </PIPTransaction>
   <PIPTransaction>
     <RelevantExchangePoint>
       <RelevantExchangePointID>PSR_51</RelevantExchangePointID>
         <Name>PORTO CORSINI</Name>
         <Zone>NORD</Zone>
         <TransmissionLossFactor> 1,000</TransmissionLossFactor>
     </RelevantExchangePoint>
   </PIPTransaction>
   <PIPTransaction>
     <RelevantExchangePoint>
       <RelevantExchangePointID>PSR_50</RelevantExchangePointID>
         <Name>SOMPLAGO</Name>
         <Zone>NORD</Zone>
         <TransmissionLossFactor> 1,000</TransmissionLossFactor>
     </RelevantExchangePoint>
   </PIPTransaction>
   <PIPTransaction>
     <RelevantExchangePoint>
       <RelevantExchangePointID>PSR_297</RelevantExchangePointID>
         <Name>PUNTO DI OFFERTA CONSUMI ZONALI</Name>
         <Zone>CNOR</Zone>
         <TransmissionLossFactor> 1,000</TransmissionLossFactor>
     </RelevantExchangePoint>
   </PIPTransaction>
   <PIPTransaction>
     <RelevantExchangePoint>
       <RelevantExchangePointID>PSR_285</RelevantExchangePointID>
         <Name>PUNTO DI OFFERTA PRODUZIONI AGGREGATE</Name>
         <Zone>CNOR</Zone>
         <TransmissionLossFactor> 1,000</TransmissionLossFactor>
     </RelevantExchangePoint>
   </PIPTransaction>
   <PIPTransaction>
     <RelevantExchangePoint>
       <RelevantExchangePointID>PSR_250</RelevantExchangePointID>
         <Name>MARCHE-UMBRIA</Name>
         <Zone>CNOR</Zone>
         <TransmissionLossFactor> 1,000</TransmissionLossFactor>
     </RelevantExchangePoint>
   </PIPTransaction>
   <PIPTransaction>
     <RelevantExchangePoint>
       <RelevantExchangePointID>PSR_249</RelevantExchangePointID>
         <Name>FIRENZE  NORD</Name>
         <Zone>CNOR</Zone>
         <TransmissionLossFactor> 1,000</TransmissionLossFactor>
     </RelevantExchangePoint>
   </PIPTransaction>
   <PIPTransaction>
     <RelevantExchangePoint>
       <RelevantExchangePointID>PSR_248</RelevantExchangePointID>
         <Name>PRATO NORD</Name>
         <Zone>CNOR</Zone>
         <TransmissionLossFactor> 1,000</TransmissionLossFactor>
     </RelevantExchangePoint>
   </PIPTransaction>
   <PIPTransaction>
     <RelevantExchangePoint>
       <RelevantExchangePointID>PSR_247</RelevantExchangePointID>
         <Name>FIRENZE CENTRO</Name>
         <Zone>CNOR</Zone>
         <TransmissionLossFactor> 1,000</TransmissionLossFactor>
     </RelevantExchangePoint>
   </PIPTransaction>
   <PIPTransaction>
     <RelevantExchangePoint>
       <RelevantExchangePointID>PSR_246</RelevantExchangePointID>
         <Name>PRATO - FIRENZE OVEST</Name>
         <Zone>CNOR</Zone>
         <TransmissionLossFactor> 1,000</TransmissionLossFactor>
     </RelevantExchangePoint>
   </PIPTransaction>
   <PIPTransaction>
     <RelevantExchangePoint>
       <RelevantExchangePointID>PSR_245</RelevantExchangePointID>
         <Name>VERSILIA NORD</Name>
         <Zone>CNOR</Zone>
         <TransmissionLossFactor> 1,000</TransmissionLossFactor>
     </RelevantExchangePoint>
   </PIPTransaction>
   <PIPTransaction>
     <RelevantExchangePoint>
       <RelevantExchangePointID>PSR_244</RelevantExchangePointID>
         <Name>LUNIGIANA</Name>
         <Zone>CNOR</Zone>
         <TransmissionLossFactor> 1,000</TransmissionLossFactor>
     </RelevantExchangePoint>
   </PIPTransaction>
   <PIPTransaction>
     <RelevantExchangePoint>
       <RelevantExchangePointID>PSR_243</RelevantExchangePointID>
         <Name>SUVERETO - MAREMMA</Name>
         <Zone>CNOR</Zone>
         <TransmissionLossFactor> 1,000</TransmissionLossFactor>
     </RelevantExchangePoint>
   </PIPTransaction>
   <PIPTransaction>
     <RelevantExchangePoint>
       <RelevantExchangePointID>PSR_242</RelevantExchangePointID>
         <Name>LADERELLO  - AMIATA</Name>
         <Zone>CNOR</Zone>
         <TransmissionLossFactor> 1,000</TransmissionLossFactor>
     </RelevantExchangePoint>
   </PIPTransaction>
   <PIPTransaction>
     <RelevantExchangePoint>
       <RelevantExchangePointID>PSR_241</RelevantExchangePointID>
         <Name>LIVORNO NORD - (GARFAGNANA- VERSILIA)</Name>
         <Zone>CNOR</Zone>
         <TransmissionLossFactor> 1,000</TransmissionLossFactor>
     </RelevantExchangePoint>
   </PIPTransaction>
   <PIPTransaction>
     <RelevantExchangePoint>
       <RelevantExchangePointID>PSR_240</RelevantExchangePointID>
         <Name>LIVORNO SUD</Name>
         <Zone>CNOR</Zone>
         <TransmissionLossFactor> 1,000</TransmissionLossFactor>
     </RelevantExchangePoint>
   </PIPTransaction>
   <PIPTransaction>
     <RelevantExchangePoint>
       <RelevantExchangePointID>PSR_172</RelevantExchangePointID>
         <Name>APUANIA M.EDISON</Name>
         <Zone>CNOR</Zone>
         <TransmissionLossFactor> 1,000</TransmissionLossFactor>
     </RelevantExchangePoint>
   </PIPTransaction>
   <PIPTransaction>
     <RelevantExchangePoint>
       <RelevantExchangePointID>PSR_55</RelevantExchangePointID>
         <Name>S.BARBARA (GR. 1)</Name>
         <Zone>CNOR</Zone>
         <TransmissionLossFactor> 1,000</TransmissionLossFactor>
     </RelevantExchangePoint>
   </PIPTransaction>
   <PIPTransaction>
     <RelevantExchangePoint>
       <RelevantExchangePointID>PSR_54</RelevantExchangePointID>
         <Name>LIVORNO (GR. 1)</Name>
         <Zone>CNOR</Zone>
         <TransmissionLossFactor> 1,000</TransmissionLossFactor>
     </RelevantExchangePoint>
   </PIPTransaction>
   <PIPTransaction>
     <RelevantExchangePoint>
       <RelevantExchangePointID>PSR_53</RelevantExchangePointID>
         <Name>BARGI CENTRALE</Name>
         <Zone>CNOR</Zone>
         <TransmissionLossFactor> 1,000</TransmissionLossFactor>
     </RelevantExchangePoint>
   </PIPTransaction>
   <PIPTransaction>
     <RelevantExchangePoint>
       <RelevantExchangePointID>PSR_52</RelevantExchangePointID>
         <Name>ROSEN</Name>
         <Zone>CNOR</Zone>
         <TransmissionLossFactor> 1,000</TransmissionLossFactor>
     </RelevantExchangePoint>
   </PIPTransaction>
   <PIPTransaction>
     <RelevantExchangePoint>
       <RelevantExchangePointID>PSR_309</RelevantExchangePointID>
         <Name>PUNTO DI OFFERTA TOTALE SCAMBI IMPORT FR(CORSICA)-IT</Name>
         <Zone>CORS</Zone>
         <TransmissionLossFactor> 1,000</TransmissionLossFactor>
     </RelevantExchangePoint>
   </PIPTransaction>
   <PIPTransaction>
     <RelevantExchangePoint>
       <RelevantExchangePointID>PSR_307</RelevantExchangePointID>
         <Name>PUNTO DI OFFERTA TOTALE SCAMBI EXPORT FR(CORSICA)-IT</Name>
         <Zone>CORS</Zone>
         <TransmissionLossFactor> 1,000</TransmissionLossFactor>
     </RelevantExchangePoint>
   </PIPTransaction>
   <PIPTransaction>
     <RelevantExchangePoint>
       <RelevantExchangePointID>PSR_305</RelevantExchangePointID>
         <Name>PUNTO DI OFFERTA CONSUMI ZONALI</Name>
         <Zone>SARD</Zone>
         <TransmissionLossFactor> 1,000</TransmissionLossFactor>
     </RelevantExchangePoint>
   </PIPTransaction>
   <PIPTransaction>
     <RelevantExchangePoint>
       <RelevantExchangePointID>PSR_291</RelevantExchangePointID>
         <Name>PUNTO DI OFFERTA PRODUZIONI AGGREGATE</Name>
         <Zone>SARD</Zone>
         <TransmissionLossFactor> 1,000</TransmissionLossFactor>
     </RelevantExchangePoint>
   </PIPTransaction>
   <PIPTransaction>
     <RelevantExchangePoint>
       <RelevantExchangePointID>PSR_178</RelevantExchangePointID>
         <Name>OTTANA 220 kV</Name>
         <Zone>SARD</Zone>
         <TransmissionLossFactor> 1,000</TransmissionLossFactor>
     </RelevantExchangePoint>
   </PIPTransaction>
   <PIPTransaction>
     <RelevantExchangePoint>
       <RelevantExchangePointID>PSR_177</RelevantExchangePointID>
         <Name>SULCIS UTENZE 220 kV</Name>
         <Zone>SARD</Zone>
         <TransmissionLossFactor> 1,000</TransmissionLossFactor>
     </RelevantExchangePoint>
   </PIPTransaction>
   <PIPTransaction>
     <RelevantExchangePoint>
       <RelevantExchangePointID>PSR_73</RelevantExchangePointID>
         <Name>TALORO</Name>
         <Zone>SARD</Zone>
         <TransmissionLossFactor> 1,000</TransmissionLossFactor>
     </RelevantExchangePoint>
   </PIPTransaction>
   <PIPTransaction>
     <RelevantExchangePoint>
       <RelevantExchangePointID>PSR_72</RelevantExchangePointID>
         <Name>AES</Name>
         <Zone>SARD</Zone>
         <TransmissionLossFactor> 1,000</TransmissionLossFactor>
     </RelevantExchangePoint>
   </PIPTransaction>
   <PIPTransaction>
     <RelevantExchangePoint>
       <RelevantExchangePointID>PSR_71</RelevantExchangePointID>
         <Name>SULCIS</Name>
         <Zone>SARD</Zone>
         <TransmissionLossFactor> 1,000</TransmissionLossFactor>
     </RelevantExchangePoint>
   </PIPTransaction>
   <PIPTransaction>
     <RelevantExchangePoint>
       <RelevantExchangePointID>PSR_70</RelevantExchangePointID>
         <Name>SARLUX</Name>
         <Zone>SARD</Zone>
         <TransmissionLossFactor> 1,000</TransmissionLossFactor>
     </RelevantExchangePoint>
   </PIPTransaction>
   <PIPTransaction>
     <RelevantExchangePoint>
       <RelevantExchangePointID>PSR_69</RelevantExchangePointID>
         <Name>FIUME SANTO</Name>
         <Zone>SARD</Zone>
         <TransmissionLossFactor> 1,000</TransmissionLossFactor>
     </RelevantExchangePoint>
   </PIPTransaction>
   <PIPTransaction>
     <RelevantExchangePoint>
       <RelevantExchangePointID>PSR_49</RelevantExchangePointID>
         <Name>BARONIA</Name>
         <Zone>SARD</Zone>
         <TransmissionLossFactor> 1,000</TransmissionLossFactor>
     </RelevantExchangePoint>
   </PIPTransaction>
   <PIPTransaction>
     <RelevantExchangePoint>
       <RelevantExchangePointID>PSR_48</RelevantExchangePointID>
         <Name>GALLURA</Name>
         <Zone>SARD</Zone>
         <TransmissionLossFactor> 1,000</TransmissionLossFactor>
     </RelevantExchangePoint>
   </PIPTransaction>
   <PIPTransaction>
     <RelevantExchangePoint>
       <RelevantExchangePointID>PSR_47</RelevantExchangePointID>
         <Name>COSTA SMERALDA</Name>
         <Zone>SARD</Zone>
         <TransmissionLossFactor> 1,000</TransmissionLossFactor>
     </RelevantExchangePoint>
   </PIPTransaction>
   <PIPTransaction>
     <RelevantExchangePoint>
       <RelevantExchangePointID>PSR_46</RelevantExchangePointID>
         <Name>MARGHINE</Name>
         <Zone>SARD</Zone>
         <TransmissionLossFactor> 1,000</TransmissionLossFactor>
     </RelevantExchangePoint>
   </PIPTransaction>
   <PIPTransaction>
     <RelevantExchangePoint>
       <RelevantExchangePointID>PSR_45</RelevantExchangePointID>
         <Name>SASSARI</Name>
         <Zone>SARD</Zone>
         <TransmissionLossFactor> 1,000</TransmissionLossFactor>
     </RelevantExchangePoint>
   </PIPTransaction>
   <PIPTransaction>
     <RelevantExchangePoint>
       <RelevantExchangePointID>PSR_44</RelevantExchangePointID>
         <Name>PORTOTORRES </Name>
         <Zone>SARD</Zone>
         <TransmissionLossFactor> 1,000</TransmissionLossFactor>
     </RelevantExchangePoint>
   </PIPTransaction>
   <PIPTransaction>
     <RelevantExchangePoint>
       <RelevantExchangePointID>PSR_43</RelevantExchangePointID>
         <Name>NURRA ALTO CAMPIDANO</Name>
         <Zone>SARD</Zone>
         <TransmissionLossFactor> 1,000</TransmissionLossFactor>
     </RelevantExchangePoint>
   </PIPTransaction>
   <PIPTransaction>
     <RelevantExchangePoint>
       <RelevantExchangePointID>PSR_42</RelevantExchangePointID>
         <Name>SULCIS-CAMPIDANO</Name>
         <Zone>SARD</Zone>
         <TransmissionLossFactor> 1,000</TransmissionLossFactor>
     </RelevantExchangePoint>
   </PIPTransaction>
   <PIPTransaction>
     <RelevantExchangePoint>
       <RelevantExchangePointID>PSR_41</RelevantExchangePointID>
         <Name>SARAS</Name>
         <Zone>SARD</Zone>
         <TransmissionLossFactor> 1,000</TransmissionLossFactor>
     </RelevantExchangePoint>
   </PIPTransaction>
   <PIPTransaction>
     <RelevantExchangePoint>
       <RelevantExchangePointID>PSR_40</RelevantExchangePointID>
         <Name>SULCIS SUD</Name>
         <Zone>SARD</Zone>
         <TransmissionLossFactor> 1,000</TransmissionLossFactor>
     </RelevantExchangePoint>
   </PIPTransaction>
   <PIPTransaction>
     <RelevantExchangePoint>
       <RelevantExchangePointID>PSR_39</RelevantExchangePointID>
         <Name>CAGLIARI ZONA INDUSTRIALE</Name>
         <Zone>SARD</Zone>
         <TransmissionLossFactor> 1,000</TransmissionLossFactor>
     </RelevantExchangePoint>
   </PIPTransaction>
   <PIPTransaction>
     <RelevantExchangePoint>
       <RelevantExchangePointID>PSR_38</RelevantExchangePointID>
         <Name>CAGLIARI HINTERLAND 2</Name>
         <Zone>SARD</Zone>
         <TransmissionLossFactor> 1,000</TransmissionLossFactor>
     </RelevantExchangePoint>
   </PIPTransaction>
   <PIPTransaction>
     <RelevantExchangePoint>
       <RelevantExchangePointID>PSR_37</RelevantExchangePointID>
         <Name>CAGLIARI HINTERLAND</Name>
         <Zone>SARD</Zone>
         <TransmissionLossFactor> 1,000</TransmissionLossFactor>
     </RelevantExchangePoint>
   </PIPTransaction>
   <PIPTransaction>
     <RelevantExchangePoint>
       <RelevantExchangePointID>PSR_36</RelevantExchangePointID>
         <Name>CAGLIARI OVEST</Name>
         <Zone>SARD</Zone>
         <TransmissionLossFactor> 1,000</TransmissionLossFactor>
     </RelevantExchangePoint>
   </PIPTransaction>
   <PIPTransaction>
     <RelevantExchangePoint>
       <RelevantExchangePointID>PSR_35</RelevantExchangePointID>
         <Name>CAGLIARI CENTRO</Name>
         <Zone>SARD</Zone>
         <TransmissionLossFactor> 1,000</TransmissionLossFactor>
     </RelevantExchangePoint>
   </PIPTransaction>
   <PIPTransaction>
     <RelevantExchangePoint>
       <RelevantExchangePointID>PSR_34</RelevantExchangePointID>
         <Name>PORTOSCUSO</Name>
         <Zone>SARD</Zone>
         <TransmissionLossFactor> 1,000</TransmissionLossFactor>
     </RelevantExchangePoint>
   </PIPTransaction>
   <PIPTransaction>
     <RelevantExchangePoint>
       <RelevantExchangePointID>PSR_4</RelevantExchangePointID>
         <Name>FIUMESANTO 150 kV</Name>
         <Zone>SARD</Zone>
         <TransmissionLossFactor> 1,000</TransmissionLossFactor>
     </RelevantExchangePoint>
   </PIPTransaction>
   <PIPTransaction>
     <RelevantExchangePoint>
       <RelevantExchangePointID>PSR_3</RelevantExchangePointID>
         <Name>OGLIASTRA- SARCIDANO</Name>
         <Zone>SARD</Zone>
         <TransmissionLossFactor> 1,000</TransmissionLossFactor>
     </RelevantExchangePoint>
   </PIPTransaction>
   <PIPTransaction>
     <RelevantExchangePoint>
       <RelevantExchangePointID>PSR_2</RelevantExchangePointID>
         <Name>NUORO</Name>
         <Zone>SARD</Zone>
         <TransmissionLossFactor> 1,000</TransmissionLossFactor>
     </RelevantExchangePoint>
   </PIPTransaction>
   <PIPTransaction>
     <RelevantExchangePoint>
       <RelevantExchangePointID>PSR_1</RelevantExchangePointID>
         <Name>ALTO GOCEANO</Name>
         <Zone>SARD</Zone>
         <TransmissionLossFactor> 1,000</TransmissionLossFactor>
     </RelevantExchangePoint>
   </PIPTransaction>
   <PIPTransaction>
     <RelevantExchangePoint>
       <RelevantExchangePointID>PSR_77</RelevantExchangePointID>
         <Name>PIOMBINO TERMICA</Name>
         <Zone>PBNF</Zone>
         <TransmissionLossFactor> 1,000</TransmissionLossFactor>
     </RelevantExchangePoint>
   </PIPTransaction>
   <PIPTransaction>
     <RelevantExchangePoint>
       <RelevantExchangePointID>PSR_299</RelevantExchangePointID>
         <Name>PUNTO DI OFFERTA CONSUMI ZONALI</Name>
         <Zone>CSUD</Zone>
         <TransmissionLossFactor> 1,000</TransmissionLossFactor>
     </RelevantExchangePoint>
   </PIPTransaction>
   <PIPTransaction>
     <RelevantExchangePoint>
       <RelevantExchangePointID>PSR_287</RelevantExchangePointID>
         <Name>PUNTO DI OFFERTA PRODUZIONI AGGREGATE</Name>
         <Zone>CSUD</Zone>
         <TransmissionLossFactor> 1,000</TransmissionLossFactor>
     </RelevantExchangePoint>
   </PIPTransaction>
   <PIPTransaction>
     <RelevantExchangePoint>
       <RelevantExchangePointID>PSR_256</RelevantExchangePointID>
         <Name>ROMA 3</Name>
         <Zone>CSUD</Zone>
         <TransmissionLossFactor> 1,000</TransmissionLossFactor>
     </RelevantExchangePoint>
   </PIPTransaction>
   <PIPTransaction>
     <RelevantExchangePoint>
       <RelevantExchangePointID>PSR_255</RelevantExchangePointID>
         <Name>ROMA 2</Name>
         <Zone>CSUD</Zone>
         <TransmissionLossFactor> 1,000</TransmissionLossFactor>
     </RelevantExchangePoint>
   </PIPTransaction>
   <PIPTransaction>
     <RelevantExchangePoint>
       <RelevantExchangePointID>PSR_254</RelevantExchangePointID>
         <Name>ALTO LAZIO </Name>
         <Zone>CSUD</Zone>
         <TransmissionLossFactor> 1,000</TransmissionLossFactor>
     </RelevantExchangePoint>
   </PIPTransaction>
   <PIPTransaction>
     <RelevantExchangePoint>
       <RelevantExchangePointID>PSR_253</RelevantExchangePointID>
         <Name>AGRO PONTINO  </Name>
         <Zone>CSUD</Zone>
         <TransmissionLossFactor> 1,000</TransmissionLossFactor>
     </RelevantExchangePoint>
   </PIPTransaction>
   <PIPTransaction>
     <RelevantExchangePoint>
       <RelevantExchangePointID>PSR_252</RelevantExchangePointID>
         <Name>ABRUZZO-MOLISE</Name>
         <Zone>CSUD</Zone>
         <TransmissionLossFactor> 1,000</TransmissionLossFactor>
     </RelevantExchangePoint>
   </PIPTransaction>
   <PIPTransaction>
     <RelevantExchangePoint>
       <RelevantExchangePointID>PSR_251</RelevantExchangePointID>
         <Name>VALLE DEL VOMANO</Name>
         <Zone>CSUD</Zone>
         <TransmissionLossFactor> 1,000</TransmissionLossFactor>
     </RelevantExchangePoint>
   </PIPTransaction>
   <PIPTransaction>
     <RelevantExchangePoint>
       <RelevantExchangePointID>PSR_173</RelevantExchangePointID>
         <Name>TERNI 220</Name>
         <Zone>CSUD</Zone>
         <TransmissionLossFactor> 1,000</TransmissionLossFactor>
     </RelevantExchangePoint>
   </PIPTransaction>
   <PIPTransaction>
     <RelevantExchangePoint>
       <RelevantExchangePointID>PSR_63</RelevantExchangePointID>
         <Name>GALLETO</Name>
         <Zone>CSUD</Zone>
         <TransmissionLossFactor> 1,000</TransmissionLossFactor>
     </RelevantExchangePoint>
   </PIPTransaction>
   <PIPTransaction>
     <RelevantExchangePoint>
       <RelevantExchangePointID>PSR_62</RelevantExchangePointID>
         <Name>MONTORIO</Name>
         <Zone>CSUD</Zone>
         <TransmissionLossFactor> 1,000</TransmissionLossFactor>
     </RelevantExchangePoint>
   </PIPTransaction>
   <PIPTransaction>
     <RelevantExchangePoint>
       <RelevantExchangePointID>PSR_61</RelevantExchangePointID>
         <Name>S. GIACOMO</Name>
         <Zone>CSUD</Zone>
         <TransmissionLossFactor> 1,000</TransmissionLossFactor>
     </RelevantExchangePoint>
   </PIPTransaction>
   <PIPTransaction>
     <RelevantExchangePoint>
       <RelevantExchangePointID>PSR_60</RelevantExchangePointID>
         <Name>PROVVIDENZA</Name>
         <Zone>CSUD</Zone>
         <TransmissionLossFactor> 1,000</TransmissionLossFactor>
     </RelevantExchangePoint>
   </PIPTransaction>
   <PIPTransaction>
     <RelevantExchangePoint>
       <RelevantExchangePointID>PSR_59</RelevantExchangePointID>
         <Name>TORVALDALIGA SUD</Name>
         <Zone>CSUD</Zone>
         <TransmissionLossFactor> 1,000</TransmissionLossFactor>
     </RelevantExchangePoint>
   </PIPTransaction>
   <PIPTransaction>
     <RelevantExchangePoint>
       <RelevantExchangePointID>PSR_58</RelevantExchangePointID>
         <Name>MONTALTO DI CASTRO</Name>
         <Zone>CSUD</Zone>
         <TransmissionLossFactor> 1,000</TransmissionLossFactor>
     </RelevantExchangePoint>
   </PIPTransaction>
   <PIPTransaction>
     <RelevantExchangePoint>
       <RelevantExchangePointID>PSR_57</RelevantExchangePointID>
         <Name>TORVALDALIGA NORD</Name>
         <Zone>CSUD</Zone>
         <TransmissionLossFactor> 1,000</TransmissionLossFactor>
     </RelevantExchangePoint>
   </PIPTransaction>
   <PIPTransaction>
     <RelevantExchangePoint>
       <RelevantExchangePointID>PSR_56</RelevantExchangePointID>
         <Name>TORVALDALIGA SUD</Name>
         <Zone>CSUD</Zone>
         <TransmissionLossFactor> 1,000</TransmissionLossFactor>
     </RelevantExchangePoint>
   </PIPTransaction>
   <PIPTransaction>
     <RelevantExchangePoint>
       <RelevantExchangePointID>PSR_11</RelevantExchangePointID>
         <Name>MEDIO LAZIO FS</Name>
         <Zone>CSUD</Zone>
         <TransmissionLossFactor> 1,000</TransmissionLossFactor>
     </RelevantExchangePoint>
   </PIPTransaction>
   <PIPTransaction>
     <RelevantExchangePoint>
       <RelevantExchangePointID>PSR_10</RelevantExchangePointID>
         <Name>MARSICA - MEDIOBASSO LAZIO</Name>
         <Zone>CSUD</Zone>
         <TransmissionLossFactor> 1,000</TransmissionLossFactor>
     </RelevantExchangePoint>
   </PIPTransaction>
   <PIPTransaction>
     <RelevantExchangePoint>
       <RelevantExchangePointID>PSR_9</RelevantExchangePointID>
         <Name>CONERO</Name>
         <Zone>CSUD</Zone>
         <TransmissionLossFactor> 1,000</TransmissionLossFactor>
     </RelevantExchangePoint>
   </PIPTransaction>
   <PIPTransaction>
     <RelevantExchangePoint>
       <RelevantExchangePointID>PSR_8</RelevantExchangePointID>
         <Name>ROMA 7</Name>
         <Zone>CSUD</Zone>
         <TransmissionLossFactor> 1,000</TransmissionLossFactor>
     </RelevantExchangePoint>
   </PIPTransaction>
   <PIPTransaction>
     <RelevantExchangePoint>
       <RelevantExchangePointID>PSR_7</RelevantExchangePointID>
         <Name>ROMA 6</Name>
         <Zone>CSUD</Zone>
         <TransmissionLossFactor> 1,000</TransmissionLossFactor>
     </RelevantExchangePoint>
   </PIPTransaction>
   <PIPTransaction>
     <RelevantExchangePoint>
       <RelevantExchangePointID>PSR_6</RelevantExchangePointID>
         <Name>ROMA 5</Name>
         <Zone>CSUD</Zone>
         <TransmissionLossFactor> 1,000</TransmissionLossFactor>
     </RelevantExchangePoint>
   </PIPTransaction>
   <PIPTransaction>
     <RelevantExchangePoint>
       <RelevantExchangePointID>PSR_5</RelevantExchangePointID>
         <Name>ROMA 4</Name>
         <Zone>CSUD</Zone>
         <TransmissionLossFactor> 1,000</TransmissionLossFactor>
     </RelevantExchangePoint>
   </PIPTransaction>
   <PIPTransaction>
     <RelevantExchangePoint>
       <RelevantExchangePointID>PSR_301</RelevantExchangePointID>
         <Name>PUNTO DI OFFERTA CONSUMI ZONALI</Name>
         <Zone>SUD</Zone>
         <TransmissionLossFactor> 1,000</TransmissionLossFactor>
     </RelevantExchangePoint>
   </PIPTransaction>
   <PIPTransaction>
     <RelevantExchangePoint>
       <RelevantExchangePointID>PSR_289</RelevantExchangePointID>
         <Name>PUNTO DI OFFERTA PRODUZIONI AGGREGATE</Name>
         <Zone>SUD</Zone>
         <TransmissionLossFactor> 1,000</TransmissionLossFactor>
     </RelevantExchangePoint>
   </PIPTransaction>
   <PIPTransaction>
     <RelevantExchangePoint>
       <RelevantExchangePointID>PSR_174</RelevantExchangePointID>
         <Name>ILVA</Name>
         <Zone>SUD</Zone>
         <TransmissionLossFactor> 1,000</TransmissionLossFactor>
     </RelevantExchangePoint>
   </PIPTransaction>
   <PIPTransaction>
     <RelevantExchangePoint>
       <RelevantExchangePointID>PSR_64</RelevantExchangePointID>
         <Name>PRESENZANO</Name>
         <Zone>SUD</Zone>
         <TransmissionLossFactor> 1,000</TransmissionLossFactor>
     </RelevantExchangePoint>
   </PIPTransaction>
   <PIPTransaction>
     <RelevantExchangePoint>
       <RelevantExchangePointID>PSR_24</RelevantExchangePointID>
         <Name>BRINDISI-TARANTO-GALATINA (BR / TA)</Name>
         <Zone>SUD</Zone>
         <TransmissionLossFactor> 1,000</TransmissionLossFactor>
     </RelevantExchangePoint>
   </PIPTransaction>
   <PIPTransaction>
     <RelevantExchangePoint>
       <RelevantExchangePointID>PSR_23</RelevantExchangePointID>
         <Name>BARI O.-TARANTO-BRINDISI</Name>
         <Zone>SUD</Zone>
         <TransmissionLossFactor> 1,000</TransmissionLossFactor>
     </RelevantExchangePoint>
   </PIPTransaction>
   <PIPTransaction>
     <RelevantExchangePoint>
       <RelevantExchangePointID>PSR_22</RelevantExchangePointID>
         <Name>TARANTO N.-ROTONDA-ROSSANO (TN / MT / PZ / CS)</Name>
         <Zone>SUD</Zone>
         <TransmissionLossFactor> 1,000</TransmissionLossFactor>
     </RelevantExchangePoint>
   </PIPTransaction>
   <PIPTransaction>
     <RelevantExchangePoint>
       <RelevantExchangePointID>PSR_21</RelevantExchangePointID>
         <Name>ANDRIA-BARI O. (BA / MT / PZ)</Name>
         <Zone>SUD</Zone>
         <TransmissionLossFactor> 1,000</TransmissionLossFactor>
     </RelevantExchangePoint>
   </PIPTransaction>
   <PIPTransaction>
     <RelevantExchangePoint>
       <RelevantExchangePointID>PSR_20</RelevantExchangePointID>
         <Name>FOGGIA-ANDRIA (FO / BA / PZ)</Name>
         <Zone>SUD</Zone>
         <TransmissionLossFactor> 1,000</TransmissionLossFactor>
     </RelevantExchangePoint>
   </PIPTransaction>
   <PIPTransaction>
     <RelevantExchangePoint>
       <RelevantExchangePointID>PSR_19</RelevantExchangePointID>
         <Name>FOGGIA (FO)</Name>
         <Zone>SUD</Zone>
         <TransmissionLossFactor> 1,000</TransmissionLossFactor>
     </RelevantExchangePoint>
   </PIPTransaction>
   <PIPTransaction>
     <RelevantExchangePoint>
       <RelevantExchangePointID>PSR_18</RelevantExchangePointID>
         <Name>ROSSANO-SCANDALE (CS / KR / CZ)</Name>
         <Zone>SUD</Zone>
         <TransmissionLossFactor> 1,000</TransmissionLossFactor>
     </RelevantExchangePoint>
   </PIPTransaction>
   <PIPTransaction>
     <RelevantExchangePoint>
       <RelevantExchangePointID>PSR_17</RelevantExchangePointID>
         <Name>MONTECORVINO-ROTONDA (SA / PZ)</Name>
         <Zone>SUD</Zone>
         <TransmissionLossFactor> 1,000</TransmissionLossFactor>
     </RelevantExchangePoint>
   </PIPTransaction>
   <PIPTransaction>
     <RelevantExchangePoint>
       <RelevantExchangePointID>PSR_16</RelevantExchangePointID>
         <Name>BENEVENTO2-S.MARIA C.V.-MONTECORVINO (NA / BN / CE / SA / AV)</Name>
         <Zone>SUD</Zone>
         <TransmissionLossFactor> 1,000</TransmissionLossFactor>
     </RelevantExchangePoint>
   </PIPTransaction>
   <PIPTransaction>
     <RelevantExchangePoint>
       <RelevantExchangePointID>PSR_15</RelevantExchangePointID>
         <Name>BENEVENTO2-S.MARIA C.V.-PATRIA-FRATTA (NA / CE / BN)</Name>
         <Zone>SUD</Zone>
         <TransmissionLossFactor> 1,000</TransmissionLossFactor>
     </RelevantExchangePoint>
   </PIPTransaction>
   <PIPTransaction>
     <RelevantExchangePoint>
       <RelevantExchangePointID>PSR_14</RelevantExchangePointID>
         <Name>MONTECORVINO (NA / SA)</Name>
         <Zone>SUD</Zone>
         <TransmissionLossFactor> 1,000</TransmissionLossFactor>
     </RelevantExchangePoint>
   </PIPTransaction>
   <PIPTransaction>
     <RelevantExchangePoint>
       <RelevantExchangePointID>PSR_13</RelevantExchangePointID>
         <Name>S.SOFIA-FRATTA (NA / CE)</Name>
         <Zone>SUD</Zone>
         <TransmissionLossFactor> 1,000</TransmissionLossFactor>
     </RelevantExchangePoint>
   </PIPTransaction>
   <PIPTransaction>
     <RelevantExchangePoint>
       <RelevantExchangePointID>PSR_12</RelevantExchangePointID>
         <Name>PATRIA-FRATTA (NA NORD-OVEST)</Name>
         <Zone>SUD</Zone>
         <TransmissionLossFactor> 1,000</TransmissionLossFactor>
     </RelevantExchangePoint>
   </PIPTransaction>
   <PIPTransaction>
     <RelevantExchangePoint>
       <RelevantExchangePointID>PSR_78</RelevantExchangePointID>
         <Name>ROSSANO</Name>
         <Zone>ROSN</Zone>
         <TransmissionLossFactor> 1,000</TransmissionLossFactor>
     </RelevantExchangePoint>
   </PIPTransaction>
   <PIPTransaction>
     <RelevantExchangePoint>
       <RelevantExchangePointID>PSR_303</RelevantExchangePointID>
         <Name>PUNTO DI OFFERTA CONSUMI ZONALI</Name>
         <Zone>CALB</Zone>
         <TransmissionLossFactor> 1,000</TransmissionLossFactor>
     </RelevantExchangePoint>
   </PIPTransaction>
   <PIPTransaction>
     <RelevantExchangePoint>
       <RelevantExchangePointID>PSR_25</RelevantExchangePointID>
         <Name>RIZZICONI (RC / CZ / VV)</Name>
         <Zone>CALB</Zone>
         <TransmissionLossFactor> 1,000</TransmissionLossFactor>
     </RelevantExchangePoint>
   </PIPTransaction>
   <PIPTransaction>
     <RelevantExchangePoint>
       <RelevantExchangePointID>PSR_314</RelevantExchangePointID>
         <Name>PUNTO DI OFFERTA CONSUMI ZONALI</Name>
         <Zone>SICI</Zone>
         <TransmissionLossFactor> 1,000</TransmissionLossFactor>
     </RelevantExchangePoint>
   </PIPTransaction>
   <PIPTransaction>
     <RelevantExchangePoint>
       <RelevantExchangePointID>PSR_293</RelevantExchangePointID>
         <Name>PUNTO DI OFFERTA PRODUZIONI AGGREGATE</Name>
         <Zone>SICI</Zone>
         <TransmissionLossFactor> 1,000</TransmissionLossFactor>
     </RelevantExchangePoint>
   </PIPTransaction>
   <PIPTransaction>
     <RelevantExchangePoint>
       <RelevantExchangePointID>PSR_176</RelevantExchangePointID>
         <Name>POLIMERI EUROPA</Name>
         <Zone>SICI</Zone>
         <TransmissionLossFactor> 1,000</TransmissionLossFactor>
     </RelevantExchangePoint>
   </PIPTransaction>
   <PIPTransaction>
     <RelevantExchangePoint>
       <RelevantExchangePointID>PSR_175</RelevantExchangePointID>
         <Name>DUFERDOFIN</Name>
         <Zone>SICI</Zone>
         <TransmissionLossFactor> 1,000</TransmissionLossFactor>
     </RelevantExchangePoint>
   </PIPTransaction>
   <PIPTransaction>
     <RelevantExchangePoint>
       <RelevantExchangePointID>PSR_68</RelevantExchangePointID>
         <Name>S.FILIPPO DEL MELA C.LE</Name>
         <Zone>SICI</Zone>
         <TransmissionLossFactor> 1,000</TransmissionLossFactor>
     </RelevantExchangePoint>
   </PIPTransaction>
   <PIPTransaction>
     <RelevantExchangePoint>
       <RelevantExchangePointID>PSR_67</RelevantExchangePointID>
         <Name>TERMINI IMERESE C.LE</Name>
         <Zone>SICI</Zone>
         <TransmissionLossFactor> 1,000</TransmissionLossFactor>
     </RelevantExchangePoint>
   </PIPTransaction>
   <PIPTransaction>
     <RelevantExchangePoint>
       <RelevantExchangePointID>PSR_66</RelevantExchangePointID>
         <Name>ISAB ENERGY</Name>
         <Zone>SICI</Zone>
         <TransmissionLossFactor> 1,000</TransmissionLossFactor>
     </RelevantExchangePoint>
   </PIPTransaction>
   <PIPTransaction>
     <RelevantExchangePoint>
       <RelevantExchangePointID>PSR_33</RelevantExchangePointID>
         <Name>PALERMO-TRAPANI </Name>
         <Zone>SICI</Zone>
         <TransmissionLossFactor> 1,000</TransmissionLossFactor>
     </RelevantExchangePoint>
   </PIPTransaction>
   <PIPTransaction>
     <RelevantExchangePoint>
       <RelevantExchangePointID>PSR_32</RelevantExchangePointID>
         <Name>TRAPANI - AGRIGENTO</Name>
         <Zone>SICI</Zone>
         <TransmissionLossFactor> 1,000</TransmissionLossFactor>
     </RelevantExchangePoint>
   </PIPTransaction>
   <PIPTransaction>
     <RelevantExchangePoint>
       <RelevantExchangePointID>PSR_31</RelevantExchangePointID>
         <Name>CALTANISSETTA-ENNA</Name>
         <Zone>SICI</Zone>
         <TransmissionLossFactor> 1,000</TransmissionLossFactor>
     </RelevantExchangePoint>
   </PIPTransaction>
   <PIPTransaction>
     <RelevantExchangePoint>
       <RelevantExchangePointID>PSR_30</RelevantExchangePointID>
         <Name>CATANIA</Name>
         <Zone>SICI</Zone>
         <TransmissionLossFactor> 1,000</TransmissionLossFactor>
     </RelevantExchangePoint>
   </PIPTransaction>
   <PIPTransaction>
     <RelevantExchangePoint>
       <RelevantExchangePointID>PSR_29</RelevantExchangePointID>
         <Name>MESSINA</Name>
         <Zone>SICI</Zone>
         <TransmissionLossFactor> 1,000</TransmissionLossFactor>
     </RelevantExchangePoint>
   </PIPTransaction>
   <PIPTransaction>
     <RelevantExchangePoint>
       <RelevantExchangePointID>PSR_28</RelevantExchangePointID>
         <Name>MESSINA- CATANIA</Name>
         <Zone>SICI</Zone>
         <TransmissionLossFactor> 1,000</TransmissionLossFactor>
     </RelevantExchangePoint>
   </PIPTransaction>
   <PIPTransaction>
     <RelevantExchangePoint>
       <RelevantExchangePointID>PSR_27</RelevantExchangePointID>
         <Name>SIRACUSA-RAGUSA</Name>
         <Zone>SICI</Zone>
         <TransmissionLossFactor> 1,000</TransmissionLossFactor>
     </RelevantExchangePoint>
   </PIPTransaction>
   <PIPTransaction>
     <RelevantExchangePoint>
       <RelevantExchangePointID>PSR_26</RelevantExchangePointID>
         <Name>PALERMO - MESSINA</Name>
         <Zone>SICI</Zone>
         <TransmissionLossFactor> 1,000</TransmissionLossFactor>
     </RelevantExchangePoint>
   </PIPTransaction>
   <PIPTransaction>
     <RelevantExchangePoint>
       <RelevantExchangePointID>PSR_83</RelevantExchangePointID>
         <Name>ANAPO C.LE</Name>
         <Zone>PRGP</Zone>
         <TransmissionLossFactor> 1,000</TransmissionLossFactor>
     </RelevantExchangePoint>
   </PIPTransaction>
   <PIPTransaction>
     <RelevantExchangePoint>
       <RelevantExchangePointID>PSR_82</RelevantExchangePointID>
         <Name>PRIOLO C.LE</Name>
         <Zone>PRGP</Zone>
         <TransmissionLossFactor> 1,000</TransmissionLossFactor>
     </RelevantExchangePoint>
   </PIPTransaction>
   <PIPTransaction>
     <RelevantExchangePoint>
       <RelevantExchangePointID>PSR_81</RelevantExchangePointID>
         <Name>BRINDISI NORD</Name>
         <Zone>BRNN</Zone>
         <TransmissionLossFactor> 1,000</TransmissionLossFactor>
     </RelevantExchangePoint>
   </PIPTransaction>
   <PIPTransaction>
     <RelevantExchangePoint>
       <RelevantExchangePointID>PSR_80</RelevantExchangePointID>
         <Name>BRINDISI NORD</Name>
         <Zone>BRNN</Zone>
         <TransmissionLossFactor> 1,000</TransmissionLossFactor>
     </RelevantExchangePoint>
   </PIPTransaction>
   <PIPTransaction>
     <RelevantExchangePoint>
       <RelevantExchangePointID>PSR_79</RelevantExchangePointID>
         <Name>BRINDISI SUD</Name>
         <Zone>BRNN</Zone>
         <TransmissionLossFactor> 1,000</TransmissionLossFactor>
     </RelevantExchangePoint>
   </PIPTransaction>
   <PIPTransaction>
     <RelevantExchangePoint>
       <RelevantExchangePointID>PSR_65</RelevantExchangePointID>
         <Name>ISE CET</Name>
         <Zone>BRNN</Zone>
         <TransmissionLossFactor> 1,000</TransmissionLossFactor>
     </RelevantExchangePoint>
   </PIPTransaction>
   <PIPTransaction>
     <RelevantExchangePoint>
       <RelevantExchangePointID>PSR_280</RelevantExchangePointID>
         <Name>PUNTO DI OFFERTA TOTALE SCAMBI EXPORT GR-IT</Name>
         <Zone>GREC</Zone>
         <TransmissionLossFactor> 1,000</TransmissionLossFactor>
     </RelevantExchangePoint>
   </PIPTransaction>
   <PIPTransaction>
     <RelevantExchangePoint>
       <RelevantExchangePointID>PSR_278</RelevantExchangePointID>
         <Name>PUNTO DI OFFERTA TOTALE SCAMBI IMPORT GR-IT</Name>
         <Zone>GREC</Zone>
         <TransmissionLossFactor> 1,000</TransmissionLossFactor>
     </RelevantExchangePoint>
   </PIPTransaction>
</PIPEDocument>
