﻿<?xml version="1.0" encoding="utf-8" ?>
<Localization
	xmlns="urn:XML-Localization"
	xmlns:xsi="http://www.w3.org/2001/XMLSchema-instance"
	xsi:schemaLocation="urn:XML-Localization Localization.xsd"

	Version="1.0"
	DefaultLanguage="it-it"
	>
	
	<LocalizationItem Key="keyOK">
		<Translation language="it-it">
			<Text Type="System.Web.UI.WebControls.Button">Cancella</Text>
		</Translation>
		<Translation language="en-us">
			<Text Type="System.Web.UI.WebControls.Button">Cancel</Text>
		</Translation>
	</LocalizationItem>
	
	<LocalizationItem Key="keyPremiPerDistruggere">
		<Translation language="it-it">
			<Text Type="System.Web.UI.WebControls.Label">Premi qui per distruggere l'applicativo</Text>
		</Translation> 
		<Translation language="en-us">
			<Text Type="System.Web.UI.WebControls.Label" >Press here to destroy</Text>
		</Translation> 
	</LocalizationItem>
	
	<LocalizationItem Key="listBox_Bandiere">
		<Translation language="it-it">
			<DataSource Type="System.Web.UI.WebControls.ListBox">
				<DataRow Text="Italia" Value="It" />
				<DataRow Text="Francia" Value="Fr" />
				<DataRow Text="Stati uniti" Value="USA" />
			</DataSource>
			<SelectedIndex Type="System.Web.UI.WebControls.ListBox">1</SelectedIndex>
			<!--
			<Enabled Type="System.Web.UI.WebControls.ListBox">false</Enabled>
			-->
			<AccessRule Type="System.Web.UI.WebControls.ListBox">A | B</AccessRule>
			
			<DataSource Type="System.Web.UI.WebControls.DropDownList">
				<DataRow Text="Italia" Value="It" />
				<DataRow Text="Francia" Value="Fr" />
				<DataRow Text="Stati uniti" Value="USA" />
			</DataSource>
			

			
		</Translation>
			
		<Translation language="en-us">
			<DataSource Type="System.Web.UI.WebControls.ListBox">
				<DataRow Text="Italy" Value="It" />
				<DataRow Text="France" Value="Fr" />
				<DataRow Text="United states" Value="USA" />
			</DataSource>
			<SelectedIndex Type="System.Web.UI.WebControls.ListBox">1</SelectedIndex>
			<!--
			<Enabled Type="System.Web.UI.WebControls.ListBox">false</Enabled>
			-->
			<AccessRule Type="System.Web.UI.WebControls.ListBox">A | B</AccessRule>
			
			<DataSource Type="System.Web.UI.WebControls.DropDownList">
				<DataRow Text="Italy" Value="It" />
				<DataRow Text="France" Value="Fr" />
				<DataRow Text="United states" Value="USA" />
			</DataSource>
			
			
		</Translation>
		

	</LocalizationItem>
	
	<LocalizationItem Key="listaLingue">
		<Translation language="it-it">
			<DataSource Type="System.Web.UI.WebControls.RadioButtonList">
				<DataRow Text="Italiano" Value="it-it" />
				<DataRow Text="Inglese (US)" Value="en-us" />
			</DataSource>
		</Translation>
		<Translation language="en-us">
			<DataSource Type="System.Web.UI.WebControls.RadioButtonList">
				<DataRow Text="Italian" Value="it-it" />
				<DataRow Text="English (US)" Value="en-us" />
			</DataSource>
		</Translation>
	</LocalizationItem>
	
	
	<LocalizationItem Key="keyDigitaUnNumero">
		<Translation language="it-it">
			<Text Type="System.Web.UI.WebControls.Label">Digita un numero</Text> 
		</Translation>
		<Translation language="en-us">
			<Text Type="System.Web.UI.WebControls.Label">Digit a number</Text> 
		</Translation>
	</LocalizationItem>
	
	
	<LocalizationItem Key="keyRichiestoUnNumero">
		<Translation language="it-it">
			<ErrorMessage Type="System.Web.UI.WebControls.RequiredFieldValidator">Il numero e` obbligatorio!</ErrorMessage> 
			<ErrorMessage Type="System.Web.UI.WebControls.RangeValidator">Devi mettere solo numeri!</ErrorMessage> 
		</Translation>
		<Translation language="en-us">
			<ErrorMessage Type="System.Web.UI.WebControls.RequiredFieldValidator">The number is mandatory</ErrorMessage> 
			<ErrorMessage Type="System.Web.UI.WebControls.RangeValidator">Only numbers!</ErrorMessage> 
		</Translation>
	</LocalizationItem>

</Localization>

