<?xml version="1.0" encoding="utf-8" ?>
<configuration>
	<system.runtime.remoting>
		<application>
			<client>
				<wellknown type="MeRT_IBL.IEcho, MeRT_IBL" url="remop://MeRT_BLWS/IEcho.rem" />
			</client>
			<channels>
				<channel 
					type="RemOpBasedChannel.RemOpChannel, RemOpChannel" 
					servername="MeRT_ControlHost" 
					tcp_Port="0"
					ch_MeRT_BLWS="ws, #MeRT_ControlWS"
				>
					<clientProviders>
						<formatter ref="binary" includeVersions="false" />
						<!-- typeFilterLevel="Full" vale solo per i serverProviders -->
					</clientProviders>
				</channel>
			</channels>
		</application>
	</system.runtime.remoting>
	
	<appSettings>
		<!-- credenziali di accesso a MeRT_ControlWS -->
		<add key="MeRT_ControlWS_Url"         value="http://localhost/MeRT_ControlWS/RemOpSink.asmx"/>
		<add key="MeRT_ControlWS_UserName"    value="crociata" />
		<add key="MeRT_ControlWS_Password"    value="bambini"/>
		
		
		<add key="RemOpChannel_DefaultServer" value="remop://MeRT_BLWS/{0}.rem" />
	</appSettings>
</configuration>

