<?xml version="1.0" encoding="ISO-8859-1"?>
<PIPEDocument xmlns="urn:XML-PIPE" xmlns:xsi="http://www.w3.org/2001/XMLSchema-instance" xsi:schemaLocation="urn:XML-PIPE PIPEDocument.xsd" ReferenceNumber="RUPC_20051001130004" CreationDate="20051001" Version="1.0">
   <TradingPartnerDirectory>
     <Sender>
       <TradingPartner PartnerType="Distributor">
         <CompanyName>GRTN</CompanyName>
         <CompanyIdentifier>IDGRTN</CompanyIdentifier>
       </TradingPartner>
     </Sender>
     <Recipient>
       <TradingPartner PartnerType="Distributor">
         <CompanyName>GME</CompanyName>
         <CompanyIdentifier>IDGME</CompanyIdentifier>
       </TradingPartner>
     </Recipient>
   </TradingPartnerDirectory>

   <PIPTransaction>
     <UnitInformation>
     <UnitDetail>
      <UnitName>EOLO EDENS VOLTURINO</UnitName>
      <UnitReferenceNumber MustRun="NotprogrammablerenewableSources">UP_VOLTURINO_3</UnitReferenceNumber>
      <UnitType SubType="EOLICO">Production</UnitType>
      <TransmissionLossFactor> 1,000</TransmissionLossFactor>
      <GridSupplyPoint>PSR_16</GridSupplyPoint>
      <MaximumPower>11,88</MaximumPower>
      <MinimumPower>0</MinimumPower>
      <InjectionOrWithdrawalPointNumber>UP_VOLTURINO_1</InjectionOrWithdrawalPointNumber>
      <MeritOrder>5000</MeritOrder>
      <StatusCode>Enabled</StatusCode>
      <ReferenceMarketParticipantNumber>OEEESDS</ReferenceMarketParticipantNumber>
        <MarketInformation>
           <Market Eligibility="Able">MGP</Market>
           <Market Eligibility="NotAble">MA1</Market>
           <Market Eligibility="NotAble">MSD</Market>
           <Market Eligibility="NotAble">MB</Market>
        </MarketInformation>
     </UnitDetail>
    </UnitInformation>
  </PIPTransaction>

</PIPEDocument>
