<?xml version="1.0" encoding="iso-8859-1"?>
<PIPEDocument 
	xmlns="urn:XML-PIPE" 
	xmlns:xsi="http://www.w3.org/2001/XMLSchema-instance" 
	xsi:schemaLocation="urn:XML-PIPE PIPEDocument.xsd" 
	ReferenceNumber="20050512124354910" 
	CreationDate="20050512124354" 
	Version="1.0">
	
  <TradingPartnerDirectory>
    <Sender>
      <TradingPartner PartnerType="Distributor">
        <CompanyName>GME SPA</CompanyName>
        <CompanyIdentifier>IDGME</CompanyIdentifier>
      </TradingPartner>
    </Sender>
    <Recipient>
      <TradingPartner PartnerType="EnergySupplier">
        <CompanyName>GRTN SPA</CompanyName>
        <CompanyIdentifier>IDGRTN</CompanyIdentifier>
      </TradingPartner>
    </Recipient>
  </TradingPartnerDirectory>
  <PIPTransaction InboundMessageCreationDate="20051222">
    <BidSubmittal MarketParticipantNumber="42440028303726" Purpose="Buy" PredefinedOffer="No" ReplacementIndicator="No">
      <Market>MGP</Market>
      <Date>20040901</Date>
      <Hour>1</Hour>
      <UnitReferenceNumber>UCV_ZONALE_CALB</UnitReferenceNumber>
      <BidQuantity UnitOfMeasure="MWh">90,000</BidQuantity>
      <EnergyPrice>500,00</EnergyPrice>
    </BidSubmittal>
  </PIPTransaction>
  <PIPTransaction>
    <BidSubmittal MarketParticipantNumber="42440028303750" Purpose="Buy" PredefinedOffer="No" ReplacementIndicator="No">
      <Market>MGP</Market>
      <Date>20040901</Date>
      <Hour>1</Hour>
      <UnitReferenceNumber>UCV_ZONALE_CNOR</UnitReferenceNumber>
      <BidQuantity UnitOfMeasure="MWh">3.650,000</BidQuantity>
      <EnergyPrice>500,00</EnergyPrice>
    </BidSubmittal>
  </PIPTransaction>
  <PIPTransaction>
    <BidSubmittal MarketParticipantNumber="42440028303774" Purpose="Buy" PredefinedOffer="No" ReplacementIndicator="No">
      <Market>MGP</Market>
      <Date>20040901</Date>
      <Hour>1</Hour>
      <UnitReferenceNumber>UCV_ZONALE_CSUD</UnitReferenceNumber>
      <BidQuantity UnitOfMeasure="MWh">3.300,000</BidQuantity>
      <EnergyPrice>500,00</EnergyPrice>
    </BidSubmittal>
  </PIPTransaction>
  <PIPTransaction>
    <BidSubmittal MarketParticipantNumber="42440028303798" Purpose="Buy" PredefinedOffer="No" ReplacementIndicator="No">
      <Market>MGP</Market>
      <Date>20040901</Date>
      <Hour>1</Hour>
      <UnitReferenceNumber>UCV_ZONALE_NORD</UnitReferenceNumber>
      <BidQuantity UnitOfMeasure="MWh">16.640,000</BidQuantity>
      <EnergyPrice>500,00</EnergyPrice>
    </BidSubmittal>
  </PIPTransaction>
  <PIPTransaction>
    <BidSubmittal MarketParticipantNumber="42440028303822" Purpose="Buy" PredefinedOffer="No" ReplacementIndicator="No">
      <Market>MGP</Market>
      <Date>20040901</Date>
      <Hour>1</Hour>
      <UnitReferenceNumber>UCV_ZONALE_SARD</UnitReferenceNumber>
      <BidQuantity UnitOfMeasure="MWh">1.340,000</BidQuantity>
      <EnergyPrice>500,00</EnergyPrice>
    </BidSubmittal>
  </PIPTransaction>
  <PIPTransaction>
    <BidSubmittal MarketParticipantNumber="42440028303846" Purpose="Buy" PredefinedOffer="No" ReplacementIndicator="No">
      <Market>MGP</Market>
      <Date>20040901</Date>
      <Hour>1</Hour>
      <UnitReferenceNumber>UCV_ZONALE_SICI</UnitReferenceNumber>
      <BidQuantity UnitOfMeasure="MWh">1.920,000</BidQuantity>
      <EnergyPrice>500,00</EnergyPrice>
    </BidSubmittal>
  </PIPTransaction>
  <PIPTransaction>
    <BidSubmittal MarketParticipantNumber="42440028303870" Purpose="Buy" PredefinedOffer="No" ReplacementIndicator="No">
      <Market>MGP</Market>
      <Date>20040901</Date>
      <Hour>1</Hour>
      <UnitReferenceNumber>UCV_ZONALE_SUD</UnitReferenceNumber>
      <BidQuantity UnitOfMeasure="MWh">4.360,000</BidQuantity>
      <EnergyPrice>500,00</EnergyPrice>
    </BidSubmittal>
  </PIPTransaction>
  <PIPTransaction>
    <BidSubmittal MarketParticipantNumber="42440028303894" Purpose="Sell" PredefinedOffer="No" ReplacementIndicator="No">
      <Market>MGP</Market>
      <Date>20040901</Date>
      <Hour>1</Hour>
      <UnitReferenceNumber>UPV_CIP610_CNOR</UnitReferenceNumber>
      <BidQuantity UnitOfMeasure="MWh">10,000</BidQuantity>
      <EnergyPrice>0,00</EnergyPrice>
    </BidSubmittal>
  </PIPTransaction>
  <PIPTransaction>
    <BidSubmittal MarketParticipantNumber="42440028303918" Purpose="Sell" PredefinedOffer="No" ReplacementIndicator="No">
      <Market>MGP</Market>
      <Date>20040901</Date>
      <Hour>1</Hour>
      <UnitReferenceNumber>UPV_CIP610_CSUD</UnitReferenceNumber>
      <BidQuantity UnitOfMeasure="MWh">10,000</BidQuantity>
      <EnergyPrice>0,00</EnergyPrice>
    </BidSubmittal>
  </PIPTransaction>
  <PIPTransaction>
    <BidSubmittal MarketParticipantNumber="42440028303942" Purpose="Sell" PredefinedOffer="No" ReplacementIndicator="No">
      <Market>MGP</Market>
      <Date>20040901</Date>
      <Hour>1</Hour>
      <UnitReferenceNumber>UPV_CIP610_NORD</UnitReferenceNumber>
      <BidQuantity UnitOfMeasure="MWh">41,000</BidQuantity>
      <EnergyPrice>0,00</EnergyPrice>
    </BidSubmittal>
  </PIPTransaction>
  <PIPTransaction>
    <BidSubmittal MarketParticipantNumber="42440028303966" Purpose="Sell" PredefinedOffer="No" ReplacementIndicator="No">
      <Market>MGP</Market>
      <Date>20040901</Date>
      <Hour>1</Hour>
      <UnitReferenceNumber>UPV_GRTN10_CNOR</UnitReferenceNumber>
      <BidQuantity UnitOfMeasure="MWh">40,000</BidQuantity>
      <EnergyPrice>0,00</EnergyPrice>
    </BidSubmittal>
  </PIPTransaction>
  <PIPTransaction>
    <BidSubmittal MarketParticipantNumber="42440028303990" Purpose="Sell" PredefinedOffer="No" ReplacementIndicator="No">
      <Market>MGP</Market>
      <Date>20040901</Date>
      <Hour>1</Hour>
      <UnitReferenceNumber>UPV_GRTN10_CSUD</UnitReferenceNumber>
      <BidQuantity UnitOfMeasure="MWh">40,000</BidQuantity>
      <EnergyPrice>0,00</EnergyPrice>
    </BidSubmittal>
  </PIPTransaction>
  <PIPTransaction>
    <BidSubmittal MarketParticipantNumber="42440028304014" Purpose="Sell" PredefinedOffer="No" ReplacementIndicator="No">
      <Market>MGP</Market>
      <Date>20040901</Date>
      <Hour>1</Hour>
      <UnitReferenceNumber>UPV_GRTN10_NORD</UnitReferenceNumber>
      <BidQuantity UnitOfMeasure="MWh">853,000</BidQuantity>
      <EnergyPrice>0,00</EnergyPrice>
    </BidSubmittal>
  </PIPTransaction>
  <PIPTransaction>
    <BidSubmittal MarketParticipantNumber="42440028304042" Purpose="Sell" PredefinedOffer="No" ReplacementIndicator="No">
      <Market>MGP</Market>
      <Date>20040901</Date>
      <Hour>1</Hour>
      <UnitReferenceNumber>UPV_GRTN10_SICI</UnitReferenceNumber>
      <BidQuantity UnitOfMeasure="MWh">19,000</BidQuantity>
      <EnergyPrice>0,00</EnergyPrice>
    </BidSubmittal>
  </PIPTransaction>
  <PIPTransaction>
    <BidSubmittal MarketParticipantNumber="42440028304066" Purpose="Sell" PredefinedOffer="No" ReplacementIndicator="No">
      <Market>MGP</Market>
      <Date>20040901</Date>
      <Hour>1</Hour>
      <UnitReferenceNumber>UPV_GRTN10_SUD</UnitReferenceNumber>
      <BidQuantity UnitOfMeasure="MWh">40,000</BidQuantity>
      <EnergyPrice>0,00</EnergyPrice>
    </BidSubmittal>
  </PIPTransaction>
  <PIPTransaction>
    <BidSubmittal MarketParticipantNumber="42440028304090" Purpose="Sell" PredefinedOffer="No" ReplacementIndicator="No">
      <Market>MGP</Market>
      <Date>20040901</Date>
      <Hour>1</Hour>
      <UnitReferenceNumber>UP_AMBIENTE_1</UnitReferenceNumber>
      <BidQuantity UnitOfMeasure="MWh">10,000</BidQuantity>
      <EnergyPrice>0,00</EnergyPrice>
    </BidSubmittal>
  </PIPTransaction>
  <PIPTransaction>
    <BidSubmittal MarketParticipantNumber="42440028304114" Purpose="Sell" PredefinedOffer="No" ReplacementIndicator="No">
      <Market>MGP</Market>
      <Date>20040901</Date>
      <Hour>1</Hour>
      <UnitReferenceNumber>UP_AMIA_CORI_1</UnitReferenceNumber>
      <BidQuantity UnitOfMeasure="MWh">6,000</BidQuantity>
      <EnergyPrice>0,00</EnergyPrice>
    </BidSubmittal>
  </PIPTransaction>
  <PIPTransaction>
    <BidSubmittal MarketParticipantNumber="42440028304138" Purpose="Sell" PredefinedOffer="No" ReplacementIndicator="No">
      <Market>MGP</Market>
      <Date>20040901</Date>
      <Hour>1</Hour>
      <UnitReferenceNumber>UP_AZOTATI_1</UnitReferenceNumber>
      <BidQuantity UnitOfMeasure="MWh">90,000</BidQuantity>
      <EnergyPrice>0,00</EnergyPrice>
    </BidSubmittal>
  </PIPTransaction>
  <PIPTransaction>
    <BidSubmittal MarketParticipantNumber="42440028304162" Purpose="Sell" PredefinedOffer="No" ReplacementIndicator="No">
      <Market>MGP</Market>
      <Date>20040901</Date>
      <Hour>1</Hour>
      <UnitReferenceNumber>UP_AZOTATI_2</UnitReferenceNumber>
      <BidQuantity UnitOfMeasure="MWh">90,000</BidQuantity>
      <EnergyPrice>0,00</EnergyPrice>
    </BidSubmittal>
  </PIPTransaction>
  <PIPTransaction>
    <BidSubmittal MarketParticipantNumber="42440028304186" Purpose="Sell" PredefinedOffer="No" ReplacementIndicator="No">
      <Market>MGP</Market>
      <Date>20040901</Date>
      <Hour>1</Hour>
      <UnitReferenceNumber>UP_BAGNORE_3_1</UnitReferenceNumber>
      <BidQuantity UnitOfMeasure="MWh">18,000</BidQuantity>
      <EnergyPrice>0,00</EnergyPrice>
    </BidSubmittal>
  </PIPTransaction>
  <PIPTransaction>
    <BidSubmittal MarketParticipantNumber="42440028304210" Purpose="Sell" PredefinedOffer="No" ReplacementIndicator="No">
      <Market>MGP</Market>
      <Date>20040901</Date>
      <Hour>1</Hour>
      <UnitReferenceNumber>UP_BARCIS_1</UnitReferenceNumber>
      <BidQuantity UnitOfMeasure="MWh">5,000</BidQuantity>
      <EnergyPrice>0,00</EnergyPrice>
    </BidSubmittal>
  </PIPTransaction>
  <PIPTransaction>
    <BidSubmittal MarketParticipantNumber="42440028304234" Purpose="Sell" PredefinedOffer="No" ReplacementIndicator="No">
      <Market>MGP</Market>
      <Date>20040901</Date>
      <Hour>1</Hour>
      <UnitReferenceNumber>UP_BATTIGGIO_1</UnitReferenceNumber>
      <BidQuantity UnitOfMeasure="MWh">15,000</BidQuantity>
      <EnergyPrice>0,00</EnergyPrice>
    </BidSubmittal>
  </PIPTransaction>
  <PIPTransaction>
    <BidSubmittal MarketParticipantNumber="42440028304258" Purpose="Sell" PredefinedOffer="No" ReplacementIndicator="No">
      <Market>MGP</Market>
      <Date>20040901</Date>
      <Hour>1</Hour>
      <UnitReferenceNumber>UP_BUSSI_1</UnitReferenceNumber>
      <BidQuantity UnitOfMeasure="MWh">90,000</BidQuantity>
      <EnergyPrice>0,00</EnergyPrice>
    </BidSubmittal>
  </PIPTransaction>
  <PIPTransaction>
    <BidSubmittal MarketParticipantNumber="42440028304282" Purpose="Sell" PredefinedOffer="No" ReplacementIndicator="No">
      <Market>MGP</Market>
      <Date>20040901</Date>
      <Hour>1</Hour>
      <UnitReferenceNumber>UP_CADELBUE_3</UnitReferenceNumber>
      <BidQuantity UnitOfMeasure="MWh">2,000</BidQuantity>
      <EnergyPrice>0,00</EnergyPrice>
    </BidSubmittal>
  </PIPTransaction>
  <PIPTransaction>
    <BidSubmittal MarketParticipantNumber="42440028304306" Purpose="Sell" PredefinedOffer="No" ReplacementIndicator="No">
      <Market>MGP</Market>
      <Date>20040901</Date>
      <Hour>1</Hour>
      <UnitReferenceNumber>UP_CAIRO_1</UnitReferenceNumber>
      <BidQuantity UnitOfMeasure="MWh">17,000</BidQuantity>
      <EnergyPrice>0,00</EnergyPrice>
    </BidSubmittal>
  </PIPTransaction>
  <PIPTransaction>
    <BidSubmittal MarketParticipantNumber="42440028304330" Purpose="Sell" PredefinedOffer="No" ReplacementIndicator="No">
      <Market>MGP</Market>
      <Date>20040901</Date>
      <Hour>1</Hour>
      <UnitReferenceNumber>UP_CARBOLI_1_1</UnitReferenceNumber>
      <BidQuantity UnitOfMeasure="MWh">18,000</BidQuantity>
      <EnergyPrice>0,00</EnergyPrice>
    </BidSubmittal>
  </PIPTransaction>
  <PIPTransaction>
    <BidSubmittal MarketParticipantNumber="42440028304354" Purpose="Sell" PredefinedOffer="No" ReplacementIndicator="No">
      <Market>MGP</Market>
      <Date>20040901</Date>
      <Hour>1</Hour>
      <UnitReferenceNumber>UP_CARBOLI_2_1</UnitReferenceNumber>
      <BidQuantity UnitOfMeasure="MWh">17,800</BidQuantity>
      <EnergyPrice>0,00</EnergyPrice>
    </BidSubmittal>
  </PIPTransaction>
  <PIPTransaction>
    <BidSubmittal MarketParticipantNumber="42440028304378" Purpose="Sell" PredefinedOffer="No" ReplacementIndicator="No">
      <Market>MGP</Market>
      <Date>20040901</Date>
      <Hour>1</Hour>
      <UnitReferenceNumber>UP_CASTELMAS_1</UnitReferenceNumber>
      <BidQuantity UnitOfMeasure="MWh">48,200</BidQuantity>
      <EnergyPrice>0,00</EnergyPrice>
    </BidSubmittal>
  </PIPTransaction>
  <PIPTransaction>
    <BidSubmittal MarketParticipantNumber="42440028304402" Purpose="Sell" PredefinedOffer="No" ReplacementIndicator="No">
      <Market>MGP</Market>
      <Date>20040901</Date>
      <Hour>1</Hour>
      <UnitReferenceNumber>UP_CASUZZE_1</UnitReferenceNumber>
      <BidQuantity UnitOfMeasure="MWh">0,700</BidQuantity>
      <EnergyPrice>0,00</EnergyPrice>
    </BidSubmittal>
  </PIPTransaction>
  <PIPTransaction>
    <BidSubmittal MarketParticipantNumber="42440028304426" Purpose="Sell" PredefinedOffer="No" ReplacementIndicator="No">
      <Market>MGP</Market>
      <Date>20040901</Date>
      <Hour>1</Hour>
      <UnitReferenceNumber>UP_CELANO_1</UnitReferenceNumber>
      <BidQuantity UnitOfMeasure="MWh">90,000</BidQuantity>
      <EnergyPrice>0,00</EnergyPrice>
    </BidSubmittal>
  </PIPTransaction>
  <PIPTransaction>
    <BidSubmittal MarketParticipantNumber="42440028304450" Purpose="Sell" PredefinedOffer="No" ReplacementIndicator="No">
      <Market>MGP</Market>
      <Date>20040901</Date>
      <Hour>1</Hour>
      <UnitReferenceNumber>UP_CET_1</UnitReferenceNumber>
      <BidQuantity UnitOfMeasure="MWh">90,000</BidQuantity>
      <EnergyPrice>0,00</EnergyPrice>
    </BidSubmittal>
  </PIPTransaction>
  <PIPTransaction>
    <BidSubmittal MarketParticipantNumber="42440028304474" Purpose="Sell" PredefinedOffer="No" ReplacementIndicator="No">
      <Market>MGP</Market>
      <Date>20040901</Date>
      <Hour>1</Hour>
      <UnitReferenceNumber>UP_CLMBARDIA4_2</UnitReferenceNumber>
      <BidQuantity UnitOfMeasure="MWh">7,300</BidQuantity>
      <EnergyPrice>0,00</EnergyPrice>
    </BidSubmittal>
  </PIPTransaction>
  <PIPTransaction>
    <BidSubmittal MarketParticipantNumber="42440028304498" Purpose="Sell" PredefinedOffer="No" ReplacementIndicator="No">
      <Market>MGP</Market>
      <Date>20040901</Date>
      <Hour>1</Hour>
      <UnitReferenceNumber>UP_CNTRNRGFRR_1</UnitReferenceNumber>
      <BidQuantity UnitOfMeasure="MWh">90,000</BidQuantity>
      <EnergyPrice>0,00</EnergyPrice>
    </BidSubmittal>
  </PIPTransaction>
  <PIPTransaction>
    <BidSubmittal MarketParticipantNumber="42440028304522" Purpose="Sell" PredefinedOffer="No" ReplacementIndicator="No">
      <Market>MGP</Market>
      <Date>20040901</Date>
      <Hour>1</Hour>
      <UnitReferenceNumber>UP_COGOLO_1</UnitReferenceNumber>
      <BidQuantity UnitOfMeasure="MWh">6,800</BidQuantity>
      <EnergyPrice>0,00</EnergyPrice>
    </BidSubmittal>
  </PIPTransaction>
  <PIPTransaction>
    <BidSubmittal MarketParticipantNumber="42440028304546" Purpose="Sell" PredefinedOffer="No" ReplacementIndicator="No">
      <Market>MGP</Market>
      <Date>20040901</Date>
      <Hour>1</Hour>
      <UnitReferenceNumber>UP_COLOGNO_M_1</UnitReferenceNumber>
      <BidQuantity UnitOfMeasure="MWh">45,900</BidQuantity>
      <EnergyPrice>0,00</EnergyPrice>
    </BidSubmittal>
  </PIPTransaction>
  <PIPTransaction>
    <BidSubmittal MarketParticipantNumber="42440028304570" Purpose="Sell" PredefinedOffer="No" ReplacementIndicator="No">
      <Market>MGP</Market>
      <Date>20040901</Date>
      <Hour>1</Hour>
      <UnitReferenceNumber>UP_CPIGNA_1</UnitReferenceNumber>
      <BidQuantity UnitOfMeasure="MWh">43,900</BidQuantity>
      <EnergyPrice>0,00</EnergyPrice>
    </BidSubmittal>
  </PIPTransaction>
  <PIPTransaction>
    <BidSubmittal MarketParticipantNumber="42440028304594" Purpose="Sell" PredefinedOffer="No" ReplacementIndicator="No">
      <Market>MGP</Market>
      <Date>20040901</Date>
      <Hour>1</Hour>
      <UnitReferenceNumber>UP_CSSNSERENE_1</UnitReferenceNumber>
      <BidQuantity UnitOfMeasure="MWh">40,000</BidQuantity>
      <EnergyPrice>0,00</EnergyPrice>
    </BidSubmittal>
  </PIPTransaction>
  <PIPTransaction>
    <BidSubmittal MarketParticipantNumber="42440028304618" Purpose="Sell" PredefinedOffer="No" ReplacementIndicator="No">
      <Market>MGP</Market>
      <Date>20040901</Date>
      <Hour>1</Hour>
      <UnitReferenceNumber>UP_CWFITALIA_1</UnitReferenceNumber>
      <BidQuantity UnitOfMeasure="MWh">7,000</BidQuantity>
      <EnergyPrice>0,00</EnergyPrice>
    </BidSubmittal>
  </PIPTransaction>
  <PIPTransaction>
    <BidSubmittal MarketParticipantNumber="42440028304642" Purpose="Sell" PredefinedOffer="No" ReplacementIndicator="No">
      <Market>MGP</Market>
      <Date>20040901</Date>
      <Hour>1</Hour>
      <UnitReferenceNumber>UP_DEGUSSA_1</UnitReferenceNumber>
      <BidQuantity UnitOfMeasure="MWh">16,000</BidQuantity>
      <EnergyPrice>0,00</EnergyPrice>
    </BidSubmittal>
  </PIPTransaction>
  <PIPTransaction>
    <BidSubmittal MarketParticipantNumber="42440028304666" Purpose="Sell" PredefinedOffer="No" ReplacementIndicator="No">
      <Market>MGP</Market>
      <Date>20040901</Date>
      <Hour>1</Hour>
      <UnitReferenceNumber>UP_DRONERO_C_1</UnitReferenceNumber>
      <BidQuantity UnitOfMeasure="MWh">5,000</BidQuantity>
      <EnergyPrice>0,00</EnergyPrice>
    </BidSubmittal>
  </PIPTransaction>
  <PIPTransaction>
    <BidSubmittal MarketParticipantNumber="42440028304690" Purpose="Sell" PredefinedOffer="No" ReplacementIndicator="No">
      <Market>MGP</Market>
      <Date>20040901</Date>
      <Hour>1</Hour>
      <UnitReferenceNumber>UP_EPSISTEMI_1</UnitReferenceNumber>
      <BidQuantity UnitOfMeasure="MWh">10,000</BidQuantity>
      <EnergyPrice>0,00</EnergyPrice>
    </BidSubmittal>
  </PIPTransaction>
  <PIPTransaction>
    <BidSubmittal MarketParticipantNumber="42440028304714" Purpose="Sell" PredefinedOffer="No" ReplacementIndicator="No">
      <Market>MGP</Market>
      <Date>20040901</Date>
      <Hour>1</Hour>
      <UnitReferenceNumber>UP_FIAT_SERE_1</UnitReferenceNumber>
      <BidQuantity UnitOfMeasure="MWh">48,800</BidQuantity>
      <EnergyPrice>0,00</EnergyPrice>
    </BidSubmittal>
  </PIPTransaction>
  <PIPTransaction>
    <BidSubmittal MarketParticipantNumber="42440028304738" Purpose="Sell" PredefinedOffer="No" ReplacementIndicator="No">
      <Market>MGP</Market>
      <Date>20040901</Date>
      <Hour>1</Hour>
      <UnitReferenceNumber>UP_IGES_1</UnitReferenceNumber>
      <BidQuantity UnitOfMeasure="MWh">21,800</BidQuantity>
      <EnergyPrice>0,00</EnergyPrice>
    </BidSubmittal>
  </PIPTransaction>
  <PIPTransaction>
    <BidSubmittal MarketParticipantNumber="42440028304762" Purpose="Sell" PredefinedOffer="No" ReplacementIndicator="No">
      <Market>MGP</Market>
      <Date>20040901</Date>
      <Hour>1</Hour>
      <UnitReferenceNumber>UP_ISAB_ENER_1</UnitReferenceNumber>
      <BidQuantity UnitOfMeasure="MWh">545,000</BidQuantity>
      <EnergyPrice>0,00</EnergyPrice>
    </BidSubmittal>
  </PIPTransaction>
  <PIPTransaction>
    <BidSubmittal MarketParticipantNumber="42440028304786" Purpose="Sell" PredefinedOffer="No" ReplacementIndicator="No">
      <Market>MGP</Market>
      <Date>20040901</Date>
      <Hour>1</Hour>
      <UnitReferenceNumber>UP_ISE_CET3_1</UnitReferenceNumber>
      <BidQuantity UnitOfMeasure="MWh">90,000</BidQuantity>
      <EnergyPrice>0,00</EnergyPrice>
    </BidSubmittal>
  </PIPTransaction>
  <PIPTransaction>
    <BidSubmittal MarketParticipantNumber="42440028304810" Purpose="Sell" PredefinedOffer="No" ReplacementIndicator="No">
      <Market>MGP</Market>
      <Date>20040901</Date>
      <Hour>1</Hour>
      <UnitReferenceNumber>UP_ISE_CET3_2</UnitReferenceNumber>
      <BidQuantity UnitOfMeasure="MWh">90,000</BidQuantity>
      <EnergyPrice>0,00</EnergyPrice>
    </BidSubmittal>
  </PIPTransaction>
  <PIPTransaction>
    <BidSubmittal MarketParticipantNumber="42440028304834" Purpose="Sell" PredefinedOffer="No" ReplacementIndicator="No">
      <Market>MGP</Market>
      <Date>20040901</Date>
      <Hour>1</Hour>
      <UnitReferenceNumber>UP_ISE_CET3_3</UnitReferenceNumber>
      <BidQuantity UnitOfMeasure="MWh">90,000</BidQuantity>
      <EnergyPrice>0,00</EnergyPrice>
    </BidSubmittal>
  </PIPTransaction>
  <PIPTransaction>
    <BidSubmittal MarketParticipantNumber="42440028304858" Purpose="Sell" PredefinedOffer="No" ReplacementIndicator="No">
      <Market>MGP</Market>
      <Date>20040901</Date>
      <Hour>1</Hour>
      <UnitReferenceNumber>UP_ISE_PIOMB_1</UnitReferenceNumber>
      <BidQuantity UnitOfMeasure="MWh">90,000</BidQuantity>
      <EnergyPrice>0,00</EnergyPrice>
    </BidSubmittal>
  </PIPTransaction>
  <PIPTransaction>
    <BidSubmittal MarketParticipantNumber="42440028304882" Purpose="Sell" PredefinedOffer="No" ReplacementIndicator="No">
      <Market>MGP</Market>
      <Date>20040901</Date>
      <Hour>1</Hour>
      <UnitReferenceNumber>UP_JESI_1</UnitReferenceNumber>
      <BidQuantity UnitOfMeasure="MWh">90,000</BidQuantity>
      <EnergyPrice>0,00</EnergyPrice>
    </BidSubmittal>
  </PIPTransaction>
  <PIPTransaction>
    <BidSubmittal MarketParticipantNumber="42440028304906" Purpose="Sell" PredefinedOffer="No" ReplacementIndicator="No">
      <Market>MGP</Market>
      <Date>20040901</Date>
      <Hour>1</Hour>
      <UnitReferenceNumber>UP_LEVANTE_1</UnitReferenceNumber>
      <BidQuantity UnitOfMeasure="MWh">90,000</BidQuantity>
      <EnergyPrice>0,00</EnergyPrice>
    </BidSubmittal>
  </PIPTransaction>
  <PIPTransaction>
    <BidSubmittal MarketParticipantNumber="42440028304930" Purpose="Sell" PredefinedOffer="No" ReplacementIndicator="No">
      <Market>MGP</Market>
      <Date>20040901</Date>
      <Hour>1</Hour>
      <UnitReferenceNumber>UP_LEVANTE_2</UnitReferenceNumber>
      <BidQuantity UnitOfMeasure="MWh">90,000</BidQuantity>
      <EnergyPrice>0,00</EnergyPrice>
    </BidSubmittal>
  </PIPTransaction>
  <PIPTransaction>
    <BidSubmittal MarketParticipantNumber="42440028304959" Purpose="Sell" PredefinedOffer="No" ReplacementIndicator="No">
      <Market>MGP</Market>
      <Date>20040901</Date>
      <Hour>1</Hour>
      <UnitReferenceNumber>UP_MAENT_1</UnitReferenceNumber>
      <BidQuantity UnitOfMeasure="MWh">4,000</BidQuantity>
      <EnergyPrice>0,00</EnergyPrice>
    </BidSubmittal>
  </PIPTransaction>
  <PIPTransaction>
    <BidSubmittal MarketParticipantNumber="42440028304983" Purpose="Sell" PredefinedOffer="No" ReplacementIndicator="No">
      <Market>MGP</Market>
      <Date>20040901</Date>
      <Hour>1</Hour>
      <UnitReferenceNumber>UP_MBLSERVICE_1</UnitReferenceNumber>
      <BidQuantity UnitOfMeasure="MWh">10,000</BidQuantity>
      <EnergyPrice>0,00</EnergyPrice>
    </BidSubmittal>
  </PIPTransaction>
  <PIPTransaction>
    <BidSubmittal MarketParticipantNumber="42440028305007" Purpose="Sell" PredefinedOffer="No" ReplacementIndicator="No">
      <Market>MGP</Market>
      <Date>20040901</Date>
      <Hour>1</Hour>
      <UnitReferenceNumber>UP_MELFI_SER_1</UnitReferenceNumber>
      <BidQuantity UnitOfMeasure="MWh">48,100</BidQuantity>
      <EnergyPrice>0,00</EnergyPrice>
    </BidSubmittal>
  </PIPTransaction>
  <PIPTransaction>
    <BidSubmittal MarketParticipantNumber="42440028305031" Purpose="Sell" PredefinedOffer="No" ReplacementIndicator="No">
      <Market>MGP</Market>
      <Date>20040901</Date>
      <Hour>1</Hour>
      <UnitReferenceNumber>UP_MILAZZO_1</UnitReferenceNumber>
      <BidQuantity UnitOfMeasure="MWh">90,000</BidQuantity>
      <EnergyPrice>0,00</EnergyPrice>
    </BidSubmittal>
  </PIPTransaction>
  <PIPTransaction>
    <BidSubmittal MarketParticipantNumber="42440028305055" Purpose="Sell" PredefinedOffer="No" ReplacementIndicator="No">
      <Market>MGP</Market>
      <Date>20040901</Date>
      <Hour>1</Hour>
      <UnitReferenceNumber>UP_MNTFALCONE_1</UnitReferenceNumber>
      <BidQuantity UnitOfMeasure="MWh">5,100</BidQuantity>
      <EnergyPrice>0,00</EnergyPrice>
    </BidSubmittal>
  </PIPTransaction>
  <PIPTransaction>
    <BidSubmittal MarketParticipantNumber="42440028305079" Purpose="Sell" PredefinedOffer="No" ReplacementIndicator="No">
      <Market>MGP</Market>
      <Date>20040901</Date>
      <Hour>1</Hour>
      <UnitReferenceNumber>UP_MNTFRRANTE_7</UnitReferenceNumber>
      <BidQuantity UnitOfMeasure="MWh">4,900</BidQuantity>
      <EnergyPrice>0,00</EnergyPrice>
    </BidSubmittal>
  </PIPTransaction>
  <PIPTransaction>
    <BidSubmittal MarketParticipantNumber="42440028305103" Purpose="Sell" PredefinedOffer="No" ReplacementIndicator="No">
      <Market>MGP</Market>
      <Date>20040901</Date>
      <Hour>1</Hour>
      <UnitReferenceNumber>UP_MNTFRRANTE_8</UnitReferenceNumber>
      <BidQuantity UnitOfMeasure="MWh">2,300</BidQuantity>
      <EnergyPrice>0,00</EnergyPrice>
    </BidSubmittal>
  </PIPTransaction>
  <PIPTransaction>
    <BidSubmittal MarketParticipantNumber="42440028305127" Purpose="Sell" PredefinedOffer="No" ReplacementIndicator="No">
      <Market>MGP</Market>
      <Date>20040901</Date>
      <Hour>1</Hour>
      <UnitReferenceNumber>UP_MNTFRRANTE_9</UnitReferenceNumber>
      <BidQuantity UnitOfMeasure="MWh">2,800</BidQuantity>
      <EnergyPrice>0,00</EnergyPrice>
    </BidSubmittal>
  </PIPTransaction>
  <PIPTransaction>
    <BidSubmittal MarketParticipantNumber="42440028305151" Purpose="Sell" PredefinedOffer="No" ReplacementIndicator="No">
      <Market>MGP</Market>
      <Date>20040901</Date>
      <Hour>1</Hour>
      <UnitReferenceNumber>UP_MONTEVERD_1</UnitReferenceNumber>
      <BidQuantity UnitOfMeasure="MWh">10,300</BidQuantity>
      <EnergyPrice>0,00</EnergyPrice>
    </BidSubmittal>
  </PIPTransaction>
  <PIPTransaction>
    <BidSubmittal MarketParticipantNumber="42440028305175" Purpose="Sell" PredefinedOffer="No" ReplacementIndicator="No">
      <Market>MGP</Market>
      <Date>20040901</Date>
      <Hour>1</Hour>
      <UnitReferenceNumber>UP_MONTEVERD_2</UnitReferenceNumber>
      <BidQuantity UnitOfMeasure="MWh">8,800</BidQuantity>
      <EnergyPrice>0,00</EnergyPrice>
    </BidSubmittal>
  </PIPTransaction>
  <PIPTransaction>
    <BidSubmittal MarketParticipantNumber="42440028305215" Purpose="Sell" PredefinedOffer="No" ReplacementIndicator="No">
      <Market>MGP</Market>
      <Date>20040901</Date>
      <Hour>1</Hour>
      <UnitReferenceNumber>UP_NPWRLVORNO_7</UnitReferenceNumber>
      <BidQuantity UnitOfMeasure="MWh">90,000</BidQuantity>
      <EnergyPrice>0,00</EnergyPrice>
    </BidSubmittal>
  </PIPTransaction>
  <PIPTransaction>
    <BidSubmittal MarketParticipantNumber="42440028305250" Purpose="Sell" PredefinedOffer="No" ReplacementIndicator="No">
      <Market>MGP</Market>
      <Date>20040901</Date>
      <Hour>1</Hour>
      <UnitReferenceNumber>UP_NRAMONTORO_3</UnitReferenceNumber>
      <BidQuantity UnitOfMeasure="MWh">43,500</BidQuantity>
      <EnergyPrice>0,00</EnergyPrice>
    </BidSubmittal>
  </PIPTransaction>
  <PIPTransaction>
    <BidSubmittal MarketParticipantNumber="42440028305274" Purpose="Sell" PredefinedOffer="No" ReplacementIndicator="No">
      <Market>MGP</Market>
      <Date>20040901</Date>
      <Hour>1</Hour>
      <UnitReferenceNumber>UP_NRGNTSRLBM_1</UnitReferenceNumber>
      <BidQuantity UnitOfMeasure="MWh">8,200</BidQuantity>
      <EnergyPrice>0,00</EnergyPrice>
    </BidSubmittal>
  </PIPTransaction>
  <PIPTransaction>
    <BidSubmittal MarketParticipantNumber="42440028305298" Purpose="Sell" PredefinedOffer="No" ReplacementIndicator="No">
      <Market>MGP</Market>
      <Date>20040901</Date>
      <Hour>1</Hour>
      <UnitReferenceNumber>UP_NUOVA_CAS_1</UnitReferenceNumber>
      <BidQuantity UnitOfMeasure="MWh">12,300</BidQuantity>
      <EnergyPrice>0,00</EnergyPrice>
    </BidSubmittal>
  </PIPTransaction>
  <PIPTransaction>
    <BidSubmittal MarketParticipantNumber="42440028305322" Purpose="Sell" PredefinedOffer="No" ReplacementIndicator="No">
      <Market>MGP</Market>
      <Date>20040901</Date>
      <Hour>1</Hour>
      <UnitReferenceNumber>UP_NUOVA_MOL_1</UnitReferenceNumber>
      <BidQuantity UnitOfMeasure="MWh">14,400</BidQuantity>
      <EnergyPrice>0,00</EnergyPrice>
    </BidSubmittal>
  </PIPTransaction>
  <PIPTransaction>
    <BidSubmittal MarketParticipantNumber="42440028305346" Purpose="Sell" PredefinedOffer="No" ReplacementIndicator="No">
      <Market>MGP</Market>
      <Date>20040901</Date>
      <Hour>1</Hour>
      <UnitReferenceNumber>UP_NUOVA_RAD_1</UnitReferenceNumber>
      <BidQuantity UnitOfMeasure="MWh">33,500</BidQuantity>
      <EnergyPrice>0,00</EnergyPrice>
    </BidSubmittal>
  </PIPTransaction>
  <PIPTransaction>
    <BidSubmittal MarketParticipantNumber="42440028305370" Purpose="Sell" PredefinedOffer="No" ReplacementIndicator="No">
      <Market>MGP</Market>
      <Date>20040901</Date>
      <Hour>1</Hour>
      <UnitReferenceNumber>UP_NUOVA_SER_1</UnitReferenceNumber>
      <BidQuantity UnitOfMeasure="MWh">40,200</BidQuantity>
      <EnergyPrice>0,00</EnergyPrice>
    </BidSubmittal>
  </PIPTransaction>
  <PIPTransaction>
    <BidSubmittal MarketParticipantNumber="42440028305394" Purpose="Sell" PredefinedOffer="No" ReplacementIndicator="No">
      <Market>MGP</Market>
      <Date>20040901</Date>
      <Hour>1</Hour>
      <UnitReferenceNumber>UP_ORSARA_5</UnitReferenceNumber>
      <BidQuantity UnitOfMeasure="MWh">4,200</BidQuantity>
      <EnergyPrice>0,00</EnergyPrice>
    </BidSubmittal>
  </PIPTransaction>
  <PIPTransaction>
    <BidSubmittal MarketParticipantNumber="42440028305422" Purpose="Sell" PredefinedOffer="No" ReplacementIndicator="No">
      <Market>MGP</Market>
      <Date>20040901</Date>
      <Hour>1</Hour>
      <UnitReferenceNumber>UP_PIEVE_VER_1</UnitReferenceNumber>
      <BidQuantity UnitOfMeasure="MWh">22,000</BidQuantity>
      <EnergyPrice>0,00</EnergyPrice>
    </BidSubmittal>
  </PIPTransaction>
  <PIPTransaction>
    <BidSubmittal MarketParticipantNumber="42440028305446" Purpose="Sell" PredefinedOffer="No" ReplacementIndicator="No">
      <Market>MGP</Market>
      <Date>20040901</Date>
      <Hour>1</Hour>
      <UnitReferenceNumber>UP_PIOMBINO_5</UnitReferenceNumber>
      <BidQuantity UnitOfMeasure="MWh">27,000</BidQuantity>
      <EnergyPrice>0,00</EnergyPrice>
    </BidSubmittal>
  </PIPTransaction>
  <PIPTransaction>
    <BidSubmittal MarketParticipantNumber="42440028305470" Purpose="Sell" PredefinedOffer="No" ReplacementIndicator="No">
      <Market>MGP</Market>
      <Date>20040901</Date>
      <Hour>1</Hour>
      <UnitReferenceNumber>UP_PMGLNDARCO_1</UnitReferenceNumber>
      <BidQuantity UnitOfMeasure="MWh">40,000</BidQuantity>
      <EnergyPrice>0,00</EnergyPrice>
    </BidSubmittal>
  </PIPTransaction>
  <PIPTransaction>
    <BidSubmittal MarketParticipantNumber="42440028305494" Purpose="Sell" PredefinedOffer="No" ReplacementIndicator="No">
      <Market>MGP</Market>
      <Date>20040901</Date>
      <Hour>1</Hour>
      <UnitReferenceNumber>UP_PNRGIAIGCC_1</UnitReferenceNumber>
      <BidQuantity UnitOfMeasure="MWh">90,000</BidQuantity>
      <EnergyPrice>0,00</EnergyPrice>
    </BidSubmittal>
  </PIPTransaction>
  <PIPTransaction>
    <BidSubmittal MarketParticipantNumber="42440028305518" Purpose="Sell" PredefinedOffer="No" ReplacementIndicator="No">
      <Market>MGP</Market>
      <Date>20040901</Date>
      <Hour>1</Hour>
      <UnitReferenceNumber>UP_PONTE_ANN_1</UnitReferenceNumber>
      <BidQuantity UnitOfMeasure="MWh">0,500</BidQuantity>
      <EnergyPrice>0,00</EnergyPrice>
    </BidSubmittal>
  </PIPTransaction>
  <PIPTransaction>
    <BidSubmittal MarketParticipantNumber="42440028305542" Purpose="Sell" PredefinedOffer="No" ReplacementIndicator="No">
      <Market>MGP</Market>
      <Date>20040901</Date>
      <Hour>1</Hour>
      <UnitReferenceNumber>UP_PORCARI_1</UnitReferenceNumber>
      <BidQuantity UnitOfMeasure="MWh">35,000</BidQuantity>
      <EnergyPrice>0,00</EnergyPrice>
    </BidSubmittal>
  </PIPTransaction>
  <PIPTransaction>
    <BidSubmittal MarketParticipantNumber="42440028305566" Purpose="Sell" PredefinedOffer="No" ReplacementIndicator="No">
      <Market>MGP</Market>
      <Date>20040901</Date>
      <Hour>1</Hour>
      <UnitReferenceNumber>UP_PORTO_VIR_1</UnitReferenceNumber>
      <BidQuantity UnitOfMeasure="MWh">90,000</BidQuantity>
      <EnergyPrice>0,00</EnergyPrice>
    </BidSubmittal>
  </PIPTransaction>
  <PIPTransaction>
    <BidSubmittal MarketParticipantNumber="42440028305590" Purpose="Sell" PredefinedOffer="No" ReplacementIndicator="No">
      <Market>MGP</Market>
      <Date>20040901</Date>
      <Hour>1</Hour>
      <UnitReferenceNumber>UP_REA_DALMI_1</UnitReferenceNumber>
      <BidQuantity UnitOfMeasure="MWh">13,000</BidQuantity>
      <EnergyPrice>0,00</EnergyPrice>
    </BidSubmittal>
  </PIPTransaction>
  <PIPTransaction>
    <BidSubmittal MarketParticipantNumber="42440028305627" Purpose="Sell" PredefinedOffer="No" ReplacementIndicator="No">
      <Market>MGP</Market>
      <Date>20040901</Date>
      <Hour>1</Hour>
      <UnitReferenceNumber>UP_ROSEN_1</UnitReferenceNumber>
      <BidQuantity UnitOfMeasure="MWh">356,000</BidQuantity>
      <EnergyPrice>0,00</EnergyPrice>
    </BidSubmittal>
  </PIPTransaction>
  <PIPTransaction>
    <BidSubmittal MarketParticipantNumber="42440028305651" Purpose="Sell" PredefinedOffer="No" ReplacementIndicator="No">
      <Market>MGP</Market>
      <Date>20040901</Date>
      <Hour>1</Hour>
      <UnitReferenceNumber>UP_SA2_2</UnitReferenceNumber>
      <BidQuantity UnitOfMeasure="MWh">18,000</BidQuantity>
      <EnergyPrice>0,00</EnergyPrice>
    </BidSubmittal>
  </PIPTransaction>
  <PIPTransaction>
    <BidSubmittal MarketParticipantNumber="42440028305675" Purpose="Sell" PredefinedOffer="No" ReplacementIndicator="No">
      <Market>MGP</Market>
      <Date>20040901</Date>
      <Hour>1</Hour>
      <UnitReferenceNumber>UP_SAGITTARI_1</UnitReferenceNumber>
      <BidQuantity UnitOfMeasure="MWh">3,500</BidQuantity>
      <EnergyPrice>0,00</EnergyPrice>
    </BidSubmittal>
  </PIPTransaction>
  <PIPTransaction>
    <BidSubmittal MarketParticipantNumber="42440028305699" Purpose="Sell" PredefinedOffer="No" ReplacementIndicator="No">
      <Market>MGP</Market>
      <Date>20040901</Date>
      <Hour>1</Hour>
      <UnitReferenceNumber>UP_SANQUIRICO_1</UnitReferenceNumber>
      <BidQuantity UnitOfMeasure="MWh">90,000</BidQuantity>
      <EnergyPrice>0,00</EnergyPrice>
    </BidSubmittal>
  </PIPTransaction>
  <PIPTransaction>
    <BidSubmittal MarketParticipantNumber="42440028305723" Purpose="Sell" PredefinedOffer="No" ReplacementIndicator="No">
      <Market>MGP</Market>
      <Date>20040901</Date>
      <Hour>1</Hour>
      <UnitReferenceNumber>UP_SARLUX_1</UnitReferenceNumber>
      <BidQuantity UnitOfMeasure="MWh">394,000</BidQuantity>
      <EnergyPrice>0,00</EnergyPrice>
    </BidSubmittal>
  </PIPTransaction>
  <PIPTransaction>
    <BidSubmittal MarketParticipantNumber="42440028305747" Purpose="Sell" PredefinedOffer="No" ReplacementIndicator="No">
      <Market>MGP</Market>
      <Date>20040901</Date>
      <Hour>1</Hour>
      <UnitReferenceNumber>UP_SARMATO_1</UnitReferenceNumber>
      <BidQuantity UnitOfMeasure="MWh">40,000</BidQuantity>
      <EnergyPrice>0,00</EnergyPrice>
    </BidSubmittal>
  </PIPTransaction>
  <PIPTransaction>
    <BidSubmittal MarketParticipantNumber="42440028305771" Purpose="Sell" PredefinedOffer="No" ReplacementIndicator="No">
      <Market>MGP</Market>
      <Date>20040901</Date>
      <Hour>1</Hour>
      <UnitReferenceNumber>UP_SELVA_1_1</UnitReferenceNumber>
      <BidQuantity UnitOfMeasure="MWh">16,900</BidQuantity>
      <EnergyPrice>0,00</EnergyPrice>
    </BidSubmittal>
  </PIPTransaction>
  <PIPTransaction>
    <BidSubmittal MarketParticipantNumber="42440028305795" Purpose="Sell" PredefinedOffer="No" ReplacementIndicator="No">
      <Market>MGP</Market>
      <Date>20040901</Date>
      <Hour>1</Hour>
      <UnitReferenceNumber>UP_SERENE_RI_1</UnitReferenceNumber>
      <BidQuantity UnitOfMeasure="MWh">48,500</BidQuantity>
      <EnergyPrice>0,00</EnergyPrice>
    </BidSubmittal>
  </PIPTransaction>
  <PIPTransaction>
    <BidSubmittal MarketParticipantNumber="42440028305819" Purpose="Sell" PredefinedOffer="No" ReplacementIndicator="No">
      <Market>MGP</Market>
      <Date>20040901</Date>
      <Hour>1</Hour>
      <UnitReferenceNumber>UP_SERVOLA_2</UnitReferenceNumber>
      <BidQuantity UnitOfMeasure="MWh">90,000</BidQuantity>
      <EnergyPrice>0,00</EnergyPrice>
    </BidSubmittal>
  </PIPTransaction>
  <PIPTransaction>
    <BidSubmittal MarketParticipantNumber="42440028305843" Purpose="Sell" PredefinedOffer="No" ReplacementIndicator="No">
      <Market>MGP</Market>
      <Date>20040901</Date>
      <Hour>1</Hour>
      <UnitReferenceNumber>UP_SESTA_1_1</UnitReferenceNumber>
      <BidQuantity UnitOfMeasure="MWh">10,900</BidQuantity>
      <EnergyPrice>0,00</EnergyPrice>
    </BidSubmittal>
  </PIPTransaction>
  <PIPTransaction>
    <BidSubmittal MarketParticipantNumber="42440028305867" Purpose="Sell" PredefinedOffer="No" ReplacementIndicator="No">
      <Market>MGP</Market>
      <Date>20040901</Date>
      <Hour>1</Hour>
      <UnitReferenceNumber>UP_SETTIMO_T_1</UnitReferenceNumber>
      <BidQuantity UnitOfMeasure="MWh">46,500</BidQuantity>
      <EnergyPrice>0,00</EnergyPrice>
    </BidSubmittal>
  </PIPTransaction>
  <PIPTransaction>
    <BidSubmittal MarketParticipantNumber="42440028305891" Purpose="Sell" PredefinedOffer="No" ReplacementIndicator="No">
      <Market>MGP</Market>
      <Date>20040901</Date>
      <Hour>1</Hour>
      <UnitReferenceNumber>UP_SICET_1</UnitReferenceNumber>
      <BidQuantity UnitOfMeasure="MWh">17,300</BidQuantity>
      <EnergyPrice>0,00</EnergyPrice>
    </BidSubmittal>
  </PIPTransaction>
  <PIPTransaction>
    <BidSubmittal MarketParticipantNumber="42440028305915" Purpose="Sell" PredefinedOffer="No" ReplacementIndicator="No">
      <Market>MGP</Market>
      <Date>20040901</Date>
      <Hour>1</Hour>
      <UnitReferenceNumber>UP_SND_BOFFA_1</UnitReferenceNumber>
      <BidQuantity UnitOfMeasure="MWh">40,000</BidQuantity>
      <EnergyPrice>0,00</EnergyPrice>
    </BidSubmittal>
  </PIPTransaction>
  <PIPTransaction>
    <BidSubmittal MarketParticipantNumber="42440028305939" Purpose="Sell" PredefinedOffer="No" ReplacementIndicator="No">
      <Market>MGP</Market>
      <Date>20040901</Date>
      <Hour>1</Hour>
      <UnitReferenceNumber>UP_SPNTTMRNGO_1</UnitReferenceNumber>
      <BidQuantity UnitOfMeasure="MWh">22,800</BidQuantity>
      <EnergyPrice>0,00</EnergyPrice>
    </BidSubmittal>
  </PIPTransaction>
  <PIPTransaction>
    <BidSubmittal MarketParticipantNumber="42440028305963" Purpose="Sell" PredefinedOffer="No" ReplacementIndicator="No">
      <Market>MGP</Market>
      <Date>20040901</Date>
      <Hour>1</Hour>
      <UnitReferenceNumber>UP_SSTSNGVNNI_1</UnitReferenceNumber>
      <BidQuantity UnitOfMeasure="MWh">40,000</BidQuantity>
      <EnergyPrice>0,00</EnergyPrice>
    </BidSubmittal>
  </PIPTransaction>
  <PIPTransaction>
    <BidSubmittal MarketParticipantNumber="42440028305987" Purpose="Sell" PredefinedOffer="No" ReplacementIndicator="No">
      <Market>MGP</Market>
      <Date>20040901</Date>
      <Hour>1</Hour>
      <UnitReferenceNumber>UP_TENERGY_1</UnitReferenceNumber>
      <BidQuantity UnitOfMeasure="MWh">16,000</BidQuantity>
      <EnergyPrice>0,00</EnergyPrice>
    </BidSubmittal>
  </PIPTransaction>
  <PIPTransaction>
    <BidSubmittal MarketParticipantNumber="42440028306011" Purpose="Sell" PredefinedOffer="No" ReplacementIndicator="No">
      <Market>MGP</Market>
      <Date>20040901</Date>
      <Hour>1</Hour>
      <UnitReferenceNumber>UP_TERMOLI_1</UnitReferenceNumber>
      <BidQuantity UnitOfMeasure="MWh">48,600</BidQuantity>
      <EnergyPrice>0,00</EnergyPrice>
    </BidSubmittal>
  </PIPTransaction>
  <PIPTransaction>
    <BidSubmittal MarketParticipantNumber="42440028306035" Purpose="Sell" PredefinedOffer="No" ReplacementIndicator="No">
      <Market>MGP</Market>
      <Date>20040901</Date>
      <Hour>1</Hour>
      <UnitReferenceNumber>UP_TERMOUTIL_1</UnitReferenceNumber>
      <BidQuantity UnitOfMeasure="MWh">40,000</BidQuantity>
      <EnergyPrice>0,00</EnergyPrice>
    </BidSubmittal>
  </PIPTransaction>
  <PIPTransaction>
    <BidSubmittal MarketParticipantNumber="42440028306059" Purpose="Sell" PredefinedOffer="No" ReplacementIndicator="No">
      <Market>MGP</Market>
      <Date>20040901</Date>
      <Hour>1</Hour>
      <UnitReferenceNumber>UP_TRAVALE_3_1</UnitReferenceNumber>
      <BidQuantity UnitOfMeasure="MWh">17,700</BidQuantity>
      <EnergyPrice>0,00</EnergyPrice>
    </BidSubmittal>
  </PIPTransaction>
  <PIPTransaction>
    <BidSubmittal MarketParticipantNumber="42440028306083" Purpose="Sell" PredefinedOffer="No" ReplacementIndicator="No">
      <Market>MGP</Market>
      <Date>20040901</Date>
      <Hour>1</Hour>
      <UnitReferenceNumber>UP_TREZZO_C_1</UnitReferenceNumber>
      <BidQuantity UnitOfMeasure="MWh">6,000</BidQuantity>
      <EnergyPrice>0,00</EnergyPrice>
    </BidSubmittal>
  </PIPTransaction>
  <PIPTransaction>
    <BidSubmittal MarketParticipantNumber="42440028306107" Purpose="Sell" PredefinedOffer="No" ReplacementIndicator="No">
      <Market>MGP</Market>
      <Date>20040901</Date>
      <Hour>1</Hour>
      <UnitReferenceNumber>UP_TRMVLRZZTR_1</UnitReferenceNumber>
      <BidQuantity UnitOfMeasure="MWh">4,800</BidQuantity>
      <EnergyPrice>0,00</EnergyPrice>
    </BidSubmittal>
  </PIPTransaction>
  <PIPTransaction>
    <BidSubmittal MarketParticipantNumber="42440028306131" Purpose="Sell" PredefinedOffer="No" ReplacementIndicator="No">
      <Market>MGP</Market>
      <Date>20040901</Date>
      <Hour>1</Hour>
      <UnitReferenceNumber>UP_VARZO_2_1</UnitReferenceNumber>
      <BidQuantity UnitOfMeasure="MWh">20,000</BidQuantity>
      <EnergyPrice>0,00</EnergyPrice>
    </BidSubmittal>
  </PIPTransaction>
  <PIPTransaction>
    <BidSubmittal MarketParticipantNumber="42440028306155" Purpose="Sell" PredefinedOffer="No" ReplacementIndicator="No">
      <Market>MGP</Market>
      <Date>20040901</Date>
      <Hour>1</Hour>
      <UnitReferenceNumber>UP_VOLTURARA_1</UnitReferenceNumber>
      <BidQuantity UnitOfMeasure="MWh">2,000</BidQuantity>
      <EnergyPrice>0,00</EnergyPrice>
    </BidSubmittal>
  </PIPTransaction>
  <PIPTransaction>
    <BidSubmittal MarketParticipantNumber="42440028331056" Purpose="Buy" PredefinedOffer="No" ReplacementIndicator="No">
      <Market>MGP</Market>
      <Date>20040901</Date>
      <Hour>1</Hour>
      <UnitReferenceNumber>UCV_INT_CNOR</UnitReferenceNumber>
      <BidQuantity UnitOfMeasure="MWh">1.509,025</BidQuantity>
      <EnergyPrice>0,00</EnergyPrice>
    </BidSubmittal>
  </PIPTransaction>
</PIPEDocument>