<?xml version="1.0" encoding="utf-8" ?>
<Radice xmlns="urn:ImportLTS" 
		xmlns:xsi="http://www.w3.org/2001/XMLSchema-instance" 
		xsi:schemaLocation="urn:ImportLTS ImportLTS.xsd" >
	<Record TipoOperazione="ins" EnumTipoLTS="A1">
		<TabTarga>ZA001AZ</TabTarga>
		<TabTelaio>telaio a</TabTelaio>
		<TabDataFurto>2006-01-01T14:33:55</TabDataFurto>
		<TabFabbrica>ford</TabFabbrica>
		<TabModello>focus</TabModello>
		<TabTipoVeicolo>station wagon</TabTipoVeicolo>
		<TabTipoDenuncia>furto</TabTipoDenuncia>
		<TabCodiceUfficio>COD2</TabCodiceUfficio>
		<TabUfficio>Cefalu`</TabUfficio>
		<TabTargaAntPost></TabTargaAntPost>
		<TabIndice></TabIndice>
		<TabNazionalita>I</TabNazionalita>
		<TabDataInsert>2006-06-01T14:33:55</TabDataInsert>
	</Record>
	<Record TipoOperazione="ins" EnumTipoLTS="A1">
		<TabTarga>ZA002AZ</TabTarga>
		<TabTelaio>telaio a</TabTelaio>
		<TabDataFurto>2006-01-02T14:33:55</TabDataFurto>
		<TabFabbrica>ford</TabFabbrica>
		<TabModello>focus</TabModello>
		<TabTipoVeicolo>station wagon</TabTipoVeicolo>
		<TabTipoDenuncia>furto</TabTipoDenuncia>
		<TabCodiceUfficio>COD2</TabCodiceUfficio>
		<TabUfficio>Cefalu`</TabUfficio>
		<TabTargaAntPost></TabTargaAntPost>
		<TabIndice></TabIndice>
		<TabNazionalita>I</TabNazionalita>
		<TabDataInsert>2006-06-02T14:33:55</TabDataInsert>
	</Record>
	<Record TipoOperazione="ins" EnumTipoLTS="A1">
		<TabTarga>ZA003AZ</TabTarga>
		<TabTelaio>telaio a</TabTelaio>
		<TabDataFurto>2006-01-03T14:33:55</TabDataFurto>
		<TabFabbrica>ford</TabFabbrica>
		<TabModello>focus</TabModello>
		<TabTipoVeicolo>station wagon</TabTipoVeicolo>
		<TabTipoDenuncia>furto</TabTipoDenuncia>
		<TabCodiceUfficio>COD2</TabCodiceUfficio>
		<TabUfficio>Cefalu`</TabUfficio>
		<TabTargaAntPost></TabTargaAntPost>
		<TabIndice></TabIndice>
		<TabNazionalita>I</TabNazionalita>
		<TabDataInsert>2006-06-03T14:33:55</TabDataInsert>
	</Record>
	<Record TipoOperazione="ins" EnumTipoLTS="A1">
		<TabTarga>ZA004AZ</TabTarga>
		<TabTelaio>telaio a</TabTelaio>
		<TabDataFurto>2006-01-04T14:33:55</TabDataFurto>
		<TabFabbrica>ford</TabFabbrica>
		<TabModello>focus</TabModello>
		<TabTipoVeicolo>station wagon</TabTipoVeicolo>
		<TabTipoDenuncia>furto</TabTipoDenuncia>
		<TabCodiceUfficio>COD2</TabCodiceUfficio>
		<TabUfficio>Cefalu`</TabUfficio>
		<TabTargaAntPost></TabTargaAntPost>
		<TabIndice></TabIndice>
		<TabNazionalita>I</TabNazionalita>
		<TabDataInsert>2006-06-04T14:33:55</TabDataInsert>
	</Record>
	<Record TipoOperazione="ins" EnumTipoLTS="A1">
		<TabTarga>ZA005AZ</TabTarga>
		<TabTelaio>telaio a</TabTelaio>
		<TabDataFurto>2006-01-05T14:33:55</TabDataFurto>
		<TabFabbrica>ford</TabFabbrica>
		<TabModello>focus</TabModello>
		<TabTipoVeicolo>station wagon</TabTipoVeicolo>
		<TabTipoDenuncia>furto</TabTipoDenuncia>
		<TabCodiceUfficio>COD2</TabCodiceUfficio>
		<TabUfficio>Cefalu`</TabUfficio>
		<TabTargaAntPost></TabTargaAntPost>
		<TabIndice></TabIndice>
		<TabNazionalita>I</TabNazionalita>
		<TabDataInsert>2006-06-05T14:33:55</TabDataInsert>
	</Record>
	<Record TipoOperazione="ins" EnumTipoLTS="A1">
		<TabTarga>ZA006AZ</TabTarga>
		<TabTelaio>telaio a</TabTelaio>
		<TabDataFurto>2006-01-06T14:33:55</TabDataFurto>
		<TabFabbrica>ford</TabFabbrica>
		<TabModello>focus</TabModello>
		<TabTipoVeicolo>station wagon</TabTipoVeicolo>
		<TabTipoDenuncia>furto</TabTipoDenuncia>
		<TabCodiceUfficio>COD2</TabCodiceUfficio>
		<TabUfficio>Cefalu`</TabUfficio>
		<TabTargaAntPost></TabTargaAntPost>
		<TabIndice></TabIndice>
		<TabNazionalita>I</TabNazionalita>
		<TabDataInsert>2006-06-06T14:33:55</TabDataInsert>
	</Record>
	<Record TipoOperazione="ins" EnumTipoLTS="A1">
		<TabTarga>ZA007AZ</TabTarga>
		<TabTelaio>telaio a</TabTelaio>
		<TabDataFurto>2006-01-07T14:33:55</TabDataFurto>
		<TabFabbrica>ford</TabFabbrica>
		<TabModello>focus</TabModello>
		<TabTipoVeicolo>station wagon</TabTipoVeicolo>
		<TabTipoDenuncia>furto</TabTipoDenuncia>
		<TabCodiceUfficio>COD2</TabCodiceUfficio>
		<TabUfficio>Cefalu`</TabUfficio>
		<TabTargaAntPost></TabTargaAntPost>
		<TabIndice></TabIndice>
		<TabNazionalita>I</TabNazionalita>
		<TabDataInsert>2006-06-07T14:33:55</TabDataInsert>
	</Record>
	<Record TipoOperazione="ins" EnumTipoLTS="A1">
		<TabTarga>ZA008AZ</TabTarga>
		<TabTelaio>telaio a</TabTelaio>
		<TabDataFurto>2006-01-08T14:33:55</TabDataFurto>
		<TabFabbrica>ford</TabFabbrica>
		<TabModello>focus</TabModello>
		<TabTipoVeicolo>station wagon</TabTipoVeicolo>
		<TabTipoDenuncia>furto</TabTipoDenuncia>
		<TabCodiceUfficio>COD2</TabCodiceUfficio>
		<TabUfficio>Cefalu`</TabUfficio>
		<TabTargaAntPost></TabTargaAntPost>
		<TabIndice></TabIndice>
		<TabNazionalita>I</TabNazionalita>
		<TabDataInsert>2006-06-08T14:33:55</TabDataInsert>
	</Record>
	<Record TipoOperazione="ins" EnumTipoLTS="A1">
		<TabTarga>ZA009AZ</TabTarga>
		<TabTelaio>telaio a</TabTelaio>
		<TabDataFurto>2006-01-09T14:33:55</TabDataFurto>
		<TabFabbrica>ford</TabFabbrica>
		<TabModello>focus</TabModello>
		<TabTipoVeicolo>station wagon</TabTipoVeicolo>
		<TabTipoDenuncia>furto</TabTipoDenuncia>
		<TabCodiceUfficio>COD2</TabCodiceUfficio>
		<TabUfficio>Cefalu`</TabUfficio>
		<TabTargaAntPost></TabTargaAntPost>
		<TabIndice></TabIndice>
		<TabNazionalita>I</TabNazionalita>
		<TabDataInsert>2006-06-09T14:33:55</TabDataInsert>
	</Record>
	<Record TipoOperazione="ins" EnumTipoLTS="A1">
		<TabTarga>ZA010AZ</TabTarga>
		<TabTelaio>telaio a</TabTelaio>
		<TabDataFurto>2006-01-10T14:33:55</TabDataFurto>
		<TabFabbrica>ford</TabFabbrica>
		<TabModello>focus</TabModello>
		<TabTipoVeicolo>station wagon</TabTipoVeicolo>
		<TabTipoDenuncia>furto</TabTipoDenuncia>
		<TabCodiceUfficio>COD2</TabCodiceUfficio>
		<TabUfficio>Cefalu`</TabUfficio>
		<TabTargaAntPost></TabTargaAntPost>
		<TabIndice></TabIndice>
		<TabNazionalita>I</TabNazionalita>
		<TabDataInsert>2006-06-10T14:33:55</TabDataInsert>
	</Record>
</Radice>