<?xml version="1.0" encoding="utf-8" ?>
<LTBList xmlns="urn:LTB" 
		xmlns:xsi="http://www.w3.org/2001/XMLSchema-instance" 
		xsi:schemaLocation="urn:LTB LTB.xsd" >
	<LTB Operazione="ins" >
		<Targa>BD998TQ</Targa>
		<Nazionalita>I</Nazionalita>
		<DataInizioValidita>2006-06-03</DataInizioValidita>
		<DataFineValidita>2006-06-03</DataFineValidita>
		<Note>Note</Note>
		<Descrizione>Descri</Descrizione>
	</LTB>
	<LTB Operazione="del" >
		<Targa>BD998TQ</Targa>
		<Nazionalita>I</Nazionalita>
		<DataInizioValidita>2006-06-03</DataInizioValidita>
		<DataFineValidita>2006-06-03</DataFineValidita>
		<Note>iiii</Note>
		<Descrizione>iosis </Descrizione>
	</LTB>
</LTBList>
