<?xml version="1.0"?>
<doc>
    <assembly>
        <name>Bipex_BLInterface</name>
    </assembly>
    <members>
        <member name="T:Bipex_BLInterface.BipexSubjectFilter">
            <summary>
            classe astratta che indica i filtro da impiegare
            quando si richiede un <c>VersionableSubject</c>
            </summary>
        </member>
        <member name="T:BusinnesFramework.ICompactSerializable">
            <summary>
            Interfaccia che un oggetto deve esporre per essere serializzabile in un stream
            </summary>
        </member>
        <member name="M:BusinnesFramework.ICompactSerializable.Serialize(BusinnesFramework.CompactFormatter)">
            <summary>
            funzione che scrive o legge un oggetto dallo stream <c>CompactFormatter</c>
            </summary>
            <param name="cs">lo stream da cui leggere o scrivere</param>
        </member>
        <member name="T:Bipex_BLInterface.BipexSubject">
            <summary>
            oggetto che rappresenta un "soggetto dati" di bipex ossia le coordinate che individuano
            un insieme di dati per argomento: "BookRiassuntivo", "BookPerTitolo" memorizzato in <c>SubjectType</c>.
            Ogni tipo ha un sottotipo opzionale che lo affina es per BookPerTitolo il titolo.
            Ogni aoggetto dati e` definito anche dalla Versione.
            Un soggetto dati puo` essere un sottoinsieme del soggetto dati originale: il sottoinsieme viene
            ottenuto applicando un filtro.
            </summary>
        </member>
        <member name="M:Bipex_BLInterface.BipexSubject.Serialize(BusinnesFramework.CompactFormatter)">
            <summary>
            funzione che scrive o legge un oggetto dallo stream <c>CompactFormatter</c>
            </summary>
            <param name="cs">lo stream da cui leggere o scrivere</param>
        </member>
        <member name="T:Bipex_BLInterface.RequestOfBipexSubjects">
            <summary>
            Una <c>RequestOfVersionableSubjects</c> e` una lista di richieste per soggetto
            al server. Ogni item della lista specifica un <c>BipexSubject</c>
            </summary>
        </member>
        <member name="M:Bipex_BLInterface.RequestOfBipexSubjects.Add(Bipex_BLInterface.BipexSubject)">
            <summary>
            Funzione per aggiungere un <c>VersionableSubject</c> alla richiesta corrente.
            </summary>
            <param name="v">soggetto da aggiungere alla richiesta</param>
        </member>
        <member name="P:Bipex_BLInterface.RequestOfBipexSubjects.Count">
            <summary>
            Numero di<c>VersionableSubject</c> che compongono questa richiesta
            </summary>
        </member>
        <member name="P:Bipex_BLInterface.RequestOfBipexSubjects.Item(System.Int32)">
            <summary>
            Indexer per accedere alla richiesta <c>i</c>-esima
            </summary>
        </member>
        <member name="T:Bipex_BLInterface.ResponseOfBipexSubjects">
            <summary>
            Risposta ad un <c>RequestOfBipexSubjects</c>.
            La risposta e` un insieme di <c>BestVersionableList</c> messi nell'ordine della richiesta.
            </summary>
        </member>
        <member name="M:BusinnesFramework.BusinnesBaseList.GetOriginalVersionableList">
            <summary>
            ritorna la lista ORIGINALE dei record.
            in pratica le eventuali 
            </summary>
            <returns></returns>
        </member>
        <member name="T:BusinnesFramework.BusinnesBaseList.SortData">
            <summary>
            Structure to store temporary data for sorting.
            </summary>
        </member>
        <member name="T:BusinnesFramework.BusinnesBaseList.SortDataCompare">
            <summary>
            Contains code to compare SortData structures
            </summary>
            <remarks>
            This performs a case sensitive comparison. If you want a case insensitive
            comparison, change the code to use CaseInsensitiveComparer.Default instead.
            </remarks>
        </member>
        <member name="T:BusinnesFramework.CompressionType">
            <summary>
            Tipo di compressione da usare quando si comprime o si decomprime un oggetto da un stream
            </summary>
        </member>
        <member name="F:BusinnesFramework.CompressionType.None">
            <summary>
            Nessuna compressione
            </summary>
        </member>
        <member name="F:BusinnesFramework.CompressionType.Best">
            <summary>
            Compressione migliore
            </summary>
        </member>
        <member name="T:BusinnesFramework.CompactFormatter">
            <summary>
            Stream su cui leggere o scrivere oggetti serializzati
            </summary>
        </member>
        <member name="M:BusinnesFramework.CompactFormatter.WriteObject(BusinnesFramework.ICompactSerializable)">
            <summary>
            Scrive un oggetto in uno stream e lo ritorna in un byte array
            </summary>
            <remarks>N.B. nello stream viene riportato il metodo di compressione None in 
            modo che <c>ReadObject</c> possa leggere utilizzando il corretto formato</remarks>
            <param name="v">l'oggetto da serializzare</param>
            <returns>lo stream di byte in cui l'oggetto e` serializzato</returns>
        </member>
        <member name="M:BusinnesFramework.CompactFormatter.WriteObject(BusinnesFramework.ICompactSerializable,BusinnesFramework.CompressionType)">
            <summary>
            scrive un oggetto in uno stream comprimendolo con il metodo indicato da <c>ct</c>
            </summary>
            <remarks>Se <c>ct</c> e` <c>None</c> non si comprime.
            Se <c>ct</c> e` Best la funzione sceglie il miglior alogoritmo di compressione.
            Altrimenti la funzione usa la compressione indicata.
            N.B. la funzione scrive nello stream il metodo di compressione usato
            </remarks>
            <param name="v">l'oggetto da serializzare</param>
            <param name="ct">il metodo di compressione</param>
            <returns>lo strem di byte</returns>
        </member>
        <member name="M:BusinnesFramework.CompactFormatter.ReadObject(System.Byte[])">
            <summary>
            Legge dallo stream di dati <c>b</c> un oggetto derivato da <c>ICompactSerializable</c>
            </summary>
            <param name="b">lo stream da cui leggere</param>
            <returns>l'oggetto letto</returns>
        </member>
        <member name="M:BusinnesFramework.CompactFormatter.#ctor(System.IO.Stream,System.Boolean)">
            <summary>
            Costruisce un <c>CompactFormatter</c> che scrivera` o leggera` da <c>s</c>
            secondo il parametro <c>forWrite</c>
            </summary>
            <param name="s">lo stream </param>
            <param name="forWrite"></param>
        </member>
        <member name="M:BusinnesFramework.CompactFormatter.Serialize(System.Collections.ArrayList@)">
            <summary>
            Serializza un ArrayList che contiene solo elementi <c>ICompactSerializable</c>
            </summary>
            <param name="a"></param>
        </member>
        <member name="M:BusinnesFramework.CompactFormatter.Serialize(BusinnesFramework.ICompactSerializable)">
            <summary>
            Serializza un qualunque oggetto derivato da <c>ICompactSerializable</c>
            </summary>
            <remarks>L'oggetto deve implementare il costruttore di default (senza parametri)
            e il metodo <c>ICompactSerializable.Serialize</c>
            </remarks>
            <param name="a"></param>
            <returns></returns>
        </member>
        <member name="P:BusinnesFramework.CompactFormatter.IsWriting">
            <summary>
            indica se sto leggendo o scrivendo dal <c>CompactFormatter</c>
            </summary>
        </member>
        <member name="M:Bipex_BLInterface.IUpdateVersion_EngineEntry.CheckForUpdate(Bipex_BLInterface.IUpdateVersion_EngineEntry[],Bipex_BLInterface.IUpdateVersion_EngineEntry[])">
            <summary>
            ritorna true se le due liste sono uguali.
            </summary>
            <param name="serverEntries"></param>
            <param name="clientEntries"></param>
            <returns></returns>
        </member>
        <member name="T:BusinnesFramework.DeepCloneType">
            <summary>
            Direttiva per il <c>DeepClone</c>
            </summary>
        </member>
        <member name="F:BusinnesFramework.DeepCloneType.IncludeAllFields">
            <summary>
            Tutti i campi nell'oggetto sono clonati
            </summary>
        </member>
        <member name="F:BusinnesFramework.DeepCloneType.IncludeOnlyPrimaryKeys">
            <summary>
            L'oggetto e` clonato ma e` valorizzato solo nei campi che sono parte della chiave primaria
            </summary>
        </member>
        <member name="F:BusinnesFramework.DeepCloneType.IncludeOnlyPrimaryKeyAndChanginValues">
            <summary>
            L'oggetto e` clonato ma sono nei campi della PK e nei valori che differiscono da un oggetto di riferimento
            </summary>
        </member>
        <member name="T:BusinnesFramework.PrimaryKeyAttribute">
            <summary>
            Attributo che indica quali campi di un oggetto sono chiave primaria
            </summary>
        </member>
        <member name="T:BusinnesFramework.IVersionable">
            <summary>
            interfaccia che gli oggetti devono implementare per essere
            condivisi da client e server.
            Gli oggetti devono avere una chive primaria che NON puo` essere modificata.
            La chiave primaria e` utilizzata per riconcigliare un oggetto sia nel client
            che nel server.
            I valori sono tutti i campi dell'oggetto che non sono chiave primaria.
            </summary>
        </member>
        <member name="M:BusinnesFramework.IVersionable.HasSameKey(BusinnesFramework.IVersionable)">
            <summary>
            Indica se due <c>IVersionable</c> hanno la stessa chiave
            </summary>
            <param name="a">l'oggetto con cui confrontare l'oggetto <c>this</c></param>
            <returns>true se hanno la stessa chiave</returns>
        </member>
        <member name="M:BusinnesFramework.IVersionable.HasSameValues(BusinnesFramework.IVersionable)">
            <summary>
            Indica se due record hanno gli stessi valori (campi non chiave).
            Per definizione devono avere la stessa chiave.
            </summary>
            <param name="a"></param>
            <returns></returns>
        </member>
        <member name="M:BusinnesFramework.IVersionable.CopyValues(BusinnesFramework.IVersionable)">
            <summary>
            Copia in <c>this</c> il valori dal record <c>src</c>
            </summary>
            <param name="src">il record da cui copiare i valori</param>
        </member>
        <member name="M:BusinnesFramework.IVersionable.DeepClone">
            <summary>
            Crea una copia dell'oggetto corrente. La copia non avra` nessun puntatore in comune
            con l'oggetto corrente, solo i valori sono uguali.
            </summary>
            <returns>l'oggetto clonato</returns>
        </member>
        <member name="M:BusinnesFramework.IVersionable.DeepClone(BusinnesFramework.DeepCloneType,BusinnesFramework.IVersionable)">
            <summary>
            Crea una copia dell'oggetto corrente rispettando le direttive in <c>deepCloneType</c>.
            Se <paramref name='deepCloneType'/> e` <c>DeepCloneType.IncludeOnlyPrimaryKeyAndChanginValues</c>
            allora <paramref name='originalObject'/> punta all'oggetto da cui fare la differenza
            </summary>
            <param name="deepCloneType">direttiva di cloning</param>
            <param name="originalObject">oggetto di riferimento per la differenza</param>
            <returns></returns>
        </member>
        <member name="M:BusinnesFramework.VersionableList.Diff(BusinnesFramework.VersionableList,BusinnesFramework.VersionableList)">
            <summary>
            Ritorna le differenze per andare da v1 a v2
            </summary>
            <param name="v2"></param>
            <param name="v1"></param>
            <returns></returns>
        </member>
    </members>
</doc>
