<?xml version="1.0" encoding="iso-8859-1"?>
<PIPEDocument xmlns="urn:XML-PIPE" xmlns:xsi="http://www.w3.org/2001/XMLSchema-instance" xsi:schemaLocation="urn:XML-PIPE PIPEDocument.xsd" ReferenceNumber="20040920153234257" CreationDate="20040920153234" Version="1.0">
	<TradingPartnerDirectory>
		<Sender>
			<TradingPartner PartnerType="Market Participant">
				<CompanyName>OESSIET</CompanyName>
				<CompanyIdentifier>OESSIET</CompanyIdentifier>
			</TradingPartner>
		</Sender>
		<Recipient>
			<TradingPartner PartnerType="Distributor">
				<CompanyName>GRTN Bilateralista</CompanyName>
				<CompanyIdentifier>IDGRTNBI</CompanyIdentifier>
			</TradingPartner>
		</Recipient>
	</TradingPartnerDirectory>
	<PIPTransaction>
		<BilateralProgram MPN="1">
			<CRN>2004092015154600000000010</CRN>
			<Date>20040922</Date>
			<Hour>1</Hour>
			<Program>
				<Qty URN="UP_BARDONETT_1">12</Qty>
				<Qty URN="UP_CHIOMONTE_1">4,01</Qty>
			</Program>
		</BilateralProgram>
	</PIPTransaction>
</PIPEDocument>