<?xml version="1.0"  encoding="ISO-8859-1" ?>
<Fattura>
	<DOCUMENT>F</DOCUMENT> -- F se SDC_CODE_FROM=IDGME else C
	<DOCUMENT_ID>040825120259914</DOCUMENT_ID> -- stesso ID di ABP_ID
	<HeaderFattura>
--		<ABP_ID>040825120259914</ABP_ID> (generare un id)
--		<ACCOUNT_NUMBER>269373</ACCOUNT_NUMBER> (genarare un id)
--		<DOCUMENT_DATE>20040531</DOCUMENT_DATE> (data emissione fattura)
--		<DOCUMENT_TYPE>BE</DOCUMENT_TYPE>  sempre BE per fatture FB obolo
--		<TRX_TYPE>BID</TRX_TYPE>           BID (attive) OFF (passive) FEE(obolo)
--		<PERIOD>052004</PERIOD>            MMYYYY (fattura del mese)
		<TAX_REFERENCE_FROM/>
		<OP_NAME_FROM/>
--		<SDC_CODE_FROM>IDGME</SDC_CODE_FROM> IDGME o Op a cui e` diretta la fattura (OEPPSLN)
		<STREET_FROM/>
		<CITY_FROM/>
		<PROVINCE_FROM/>
		<ZIPCODE_FROM/>
		<COUNTRY_FROM/>
		<LEGAL_NOTES_FROM/>
		<PHONE_FROM/>
		<FAX_FROM/>
		<EMAIL_FROM/>
--		<DOCUMENT_OBJECT>Operazioni svolte sul mercato elettrico nel periodo indicato</DOCUMENT_OBJECT>
		<TAX_INFO/>
		<PAYMENT_INFO/>
		<INVOICE_NOTE1/>
		<TAX_REFERENCE_TO/>
		<OP_NAME_TO/>
--		<SDC_CODE_TO>OEEPSNL</SDC_CODE_TO> se su c'e` IDGME qui c'e` OEEPSNL altrimenti l'inverso
		<STREET_TO/>
		<CITY_TO/>
		<PROVINCE_TO/>
		<ZIPCODE_TO/>
		<COUNTRY_TO/>
		<STREET_TO_2/>
		<CITY_TO_2/>
		<PROVINCE_TO_2/>
		<ZIPCODE_TO_2/>
		<COUNTRY_TO_2/>
--		<AMOUNT>10.000,00</AMOUNT>             totale mensile corr. senza IVA
--		<TAX_AMOUNT>2.000,00</TAX_AMOUNT>      IVA calcolata con percentuale da configurazione
--		<TOTAL_AMOUNT>12.000,00</TOTAL_AMOUNT> totale con IVA
--		<QUANTITY>500,000</QUANTITY>           somma delle QUANTITY nelle righe fattura
		<INVOICE_NUMBER/>
		<INVOICE_DATE/>
		<INVOICE_DUE_DATE></INVOICE_DUE_DATE>
	</HeaderFattura>
	-- aggregato di tutte le righe fattura per codice iva
	--> noi avremo un solo aggregato
	<Summary1>
		<AMOUNT>10.000,00</AMOUNT> -- Somm(LineAmount)
		<TAX_CODE>V1</TAX_CODE>    -- da configurazione
		<TAX_AMOUNT>2.000,00</TAX_AMOUNT> -- iva calcolata con perc da config sull'amount
		<TOTAL_AMOUNT>12.000,00</TOTAL_AMOUNT> -- somma dei due sopra
		<QUANTITY>500,000</QUANTITY> -- numero di <linea>
	</Summary1>
	-- aggregato di tutte le righe fattura per codice iva / mercato
	--> noi avremo un solo aggregato (un solo codice iva un solo mercato)
	<Summary2>
		<TAX_CODE>V1</TAX_CODE>
		<MARKET>MGP</MARKET>       -- fissato
		<AMOUNT>10.000,00</AMOUNT>  -- Somm(LineAmount)
		<QUANTITY>500,00</QUANTITY> -- numero di <Linea>
	</Summary2>
	<ElencoLinee>
		<Linea> -- tante linee per data/ora/contratto
			<UNIT_TYPE>NONE</UNIT_TYPE> -- fissato
			<UNIT_CODE>NONE</UNIT_CODE> -- fissato
			<MARKET>MGP</MARKET> -- fissato
			<SUPPLY_CODE>41380014222655</SUPPLY_CODE> -- codice CRN
			<TAX_CODE>V1</TAX_CODE>                   -- da configurazione
			<FLOW_DATE>20040518</FLOW_DATE>           -- data flussi
			<FLOW_HOUR>6</FLOW_HOUR>                  -- periodo ril.
			<UNIT_OF_MEASURE>MWH</UNIT_OF_MEASURE>    -- fisso
			<QUANTITY>500</QUANTITY>                  -- 1 fisso
			<UNIT_SELLING_PRICE>20,000000</UNIT_SELLING_PRICE> -- tot CSP (senza segno) (per obolo una percentuale da configurazione calcalato sulla quantita)
			<LINE_AMOUNT>10.000,00</LINE_AMOUNT> -- tot CSP (qty =1)
		</Linea>
	</ElencoLinee>
</Fattura>
